0,1,2,3,4,5,6,7,8,9,10,11,12,13,14,15,16,17,18,19,20,21,22,23,24,25,26,27,28,29,label
0.38500022118882643,1.7782296137867037,-2.1219917439721834,-0.0036716102970065084,-1.5095791858839929,1.5993760415800808,-0.5356313141180554,1.7612160711882814,2.394266583880198,-2.485800731991957,-0.9511143187236604,1.0423255955357404,0.9601493860202507,0.672970616297813,-0.239390427713212,1.9471507391336411,0.41726086127773643,0.8761585901725423,-1.4652228239749168,-0.5821179384751063,0.8388363848236241,-0.30319257153059415,1.0857009089123504,-1.015756719981703,-1.79248034075846,-0.1919000136555205,0.1497179793642847,-0.8836740217390079,0.7225715337509544,-0.7852092688960588,5
-3.1417950645068617,-0.5555205961662916,-2.8020306648304696,-1.0005795126637778,-1.108312352894917,1.1774788762539754,-1.2691707135839154,1.0901775070588813,2.145552735101941,-1.0170836115443123,-1.550233018650736,-0.27442993494488377,0.22930406225796274,0.9100180231795294,1.2885256050893774,0.4728942340416439,-0.44201445502069936,0.2148744241723118,0.619609357500568,0.7666765809983661,0.1044164143295563,-0.19403178884148123,-0.36486281566089335,0.020510592989975897,-0.7037542407710934,1.115563757062837,0.6888707123580832,0.1411118952568277,-1.0803712516538875,-0.3761182370814794,0
2.995325782854392,2.283095423146261,1.059101750783407,-5.750622956699229,0.5170323221031298,-0.3892686226564281,2.0523274863075396,0.1892500262367804,-0.13837564246407288,-0.3230418441385663,0.8941620187248305,-0.31906874336277313,1.0889064295318918,1.2979810439577237,0.03894884520669178,-0.3960631062275116,-0.9895302238629005,-0.8045190216982332,0.5847516147589716,0.4058391428146107,0.3481581708789811,-0.41920321186417486,-0.1698770536006139,0.33002631847027025,-0.09783671586575954,-0.2910982258929145,-0.25080193222010494,-0.9360370099177635,0.021160283215383408,0.34778398027025215,5
-0.02539304372630825,2.9901606391636273,1.9037848152999286,0.7171309349652701,-1.0864219729757096,-1.6390043301342896,-2.5908903586320218,-0.8125921290302661,-1.7541600922218996,1.8185467173556626,-0.1931476031151614,0.1594047476048598,-0.062302377523034275,0.2845940250453022,-0.9611822088404082,0.1397596189627306,0.20365811725534713,-0.46985397711695687,0.5469689201273676,0.38971298037899926,-0.13539998850013307,-0.07883351586397261,1.091625018159135,0.14308372841080325,0.15214587510058997,-0.7485551474914351,0.803428484024036,-0.2059664594030397,0.568748038819687,0.19293362672140876,7
-2.6074501909095975,2.553288025529065,-1.1175193892894637,4.631117590056304,-0.9320515034836231,0.5964904462558767,2.2398025771632533,-0.027135142662836825,-2.07797470328396,-1.6596982371892741,-0.17494978347242593,-1.1528154819754555,-2.677346319930521,0.9232358735464694,0.1358752474244706,0.6667279263862105,-0.047225918274214664,-0.057246553389107155,-0.517775887514658,0.0626546105962649,-0.5906514680062543,0.4473208922711968,1.8452134620588632,0.8133469352387985,0.07099006176315767,-0.15095373159666517,-0.481867513122564,1.0330716922208012,-0.13250869089185652,-0.43881826797818,1
5.979054151461279,-1.6491698303802467,1.4496301071703708,-1.910839668651152,0.15232523538906753,1.7817134308914642,0.29588161848227823,0.3179410973152792,-0.002313472101012516,0.6824861694616932,0.40310140266296846,-3.110377202195279,-0.2960002153804329,0.6464867093706419,-0.5009411271761536,-0.6372096792030214,-1.0289756988136058,0.44850674568319643,-0.44468512972736,-1.2593881309929593,0.7018937427406795,-0.6972851677114101,-0.8724426289819278,1.1129299922291658,-0.03420615451254618,0.6310342180189584,0.3492837560214315,0.3453146581814888,0.9408939426090608,-0.21807676420364835,2
1.4263584210571745,0.3927841029584035,-2.665164162187238,0.3844455812943575,-0.5676985986835552,0.17519725925828325,1.5253364296779144,2.251450454626382,0.38142035162184945,2.121514641827294,-1.1994382957194494,1.3858063839804615,0.24765739972338247,0.6387031863284306,-0.3046008202599079,-0.023928901508231726,1.491905255021154,-0.02409654980629973,-1.9500388110812432,-0.20646531520219802,-0.5200253856664719,0.5020957173210654,-0.1441671625596558,0.44393750240168994,0.30574719960559393,-0.42546095661815425,-0.6332333388916189,-0.17869958961253726,-0.473843081368436,0.20887240190913497,9
4.3702287530402355,-0.33045627350454937,-3.7801462781854305,-0.164820863728535,-1.5210729981217836,2.765084518537487,0.013203831063443874,-0.8343119704628079,-1.4784809462303101,0.1608788269740119,-2.1229770874972393,-0.5254271184682221,-0.8921038856601937,1.57006056799369,0.31832598510895294,-0.2174979270188198,0.1775400475380025,-0.006835804802132777,0.40083036968979563,0.8002544169732946,-0.454675985385614,0.5028753745904991,-0.37017002583667924,-0.7397300220801061,1.6261606440169145,0.8858730768856905,-0.11138935021090775,-0.5102118885257205,-0.4157410183228824,0.4431532467315692,9
3.5271395946975166,-0.3688639102040883,1.7676851216569782,0.367535120395677,0.806940463788512,0.28943723697753576,-1.0007565691497036,1.5500595928450815,-0.6434450753469245,0.9524208802981302,-0.2905081507598473,-1.4518848493148606,-0.42130697793732536,-0.6986852023169555,-2.098626422366514,0.7623934684899824,0.1433579744254351,-0.22439127830906438,-0.490759424924194,-0.5302322620025899,-0.9231545528337888,1.5848505373090835,-0.14497301819090394,0.8495809627102845,-1.1008747304325435,-0.5937373327439075,-0.5443028089428299,-0.010207174369447533,0.8158797226495677,-1.2462537729887369,2
-2.239353305437546,-2.207672635479097,-3.5304007928338232,-2.708738686354123,-0.9798861982913366,0.9105592682263772,-1.7633012058210447,1.5242516333618699,1.2239250383791385,-0.3936098833997399,-1.6674823611479264,0.6518177687117892,0.830250111520095,0.11246946514779299,1.1342626558669249,-0.12192350024874621,-0.18983655056197812,0.22153664061895179,0.5355750372567067,0.35751618526553025,0.454361179139002,-0.628629922021124,-0.44911520309930963,-0.12634376924666293,-0.5770871803787203,0.4536590573584532,-0.2993847375928626,0.12414329572857963,-0.5297041386464473,-0.6447774185309162,0
0.9420025725476673,2.3525254907284388,1.375261880766894,-0.08430746690882594,-1.6776465712845472,0.28016505473687886,-0.12426639248864768,-0.1369650294469571,0.7152674443331137,-0.37629478184175,-0.7073431095529501,0.42938071383284165,-1.6786306515301008,0.17980095780118788,1.219175136566451,1.10129173698717,-0.6085690180739279,0.19925879840543662,2.023773488426129,0.20455626414608896,-0.0636244703085038,0.3687356696643376,1.127697842446209,-0.06602062885995699,0.13108818009801756,0.9697783344744254,-0.49463554401259413,-1.6270186231689667,-0.18227251974239295,0.21736671327461912,8
0.9773790286132211,0.7286466553156198,1.5950942512069588,-0.7982612081172263,-0.712649641123005,-1.0927371073926506,0.26525003807084907,0.9291655486277002,2.0792263902699437,0.959253081654353,0.833015403589203,-0.17715244883574913,-0.6522062539098878,0.03580678101812851,0.7170382747525517,-0.9441328033942382,0.3688914898640152,0.16709002087774102,-0.9179190132041062,-0.6007222905459864,-0.23005679141373245,0.4286000207295852,-0.7659103523806151,0.1813847110352409,1.317790102170343,0.15740154963736597,-0.9913184167217356,-0.9042827927682495,0.1972275791210688,0.8549152542994807,8
0.1420877187717346,2.4623828728913653,-0.02913216916747405,-0.8532076861901967,-0.5192320798629309,-2.741408482755439,-1.3453960970676602,-0.3270806682297378,-1.2290932546171613,1.150067872984538,1.6763523080688587,0.2934036993032881,0.8424400658177612,0.3092585791786523,-1.3001353835483822,0.6607815517948827,-0.2572290806369501,-0.22463740485542436,0.3025199995259794,-0.8545643605426202,0.4819689116728661,0.0520276040808438,0.061481264724987626,-1.3432231570510413,-0.37368988711383117,-0.5277602359943607,0.1535768613030465,-0.07020179513159518,-0.2591238398932156,0.3510982528610034,7
2.403876115226791,-2.9494097070796585,-0.13643807023631782,3.0754214695014026,2.4547186353138866,0.49046947070245334,-0.45287786265874824,0.24520616862192285,-0.767077027344962,0.7714148337152483,-0.9862072837780568,1.1856705500798865,-0.21198797127359487,1.2999526901120266,-0.8332426050985855,2.0893329843903103,0.5136493523906549,-0.1304508065530661,0.36243658650811095,0.9018858759901295,-0.3435638501560221,0.020621190575537594,-0.6368486755975619,-1.0244885919013726,-0.273937761052868,1.132968574608314,0.9889449196929094,-0.39781600499608166,-0.9758984901042794,-0.1665016215757638,9
4.445743068998947,-2.474819149364772,2.0121848717995063,-3.939093764807173,-0.6308267716513376,4.7985780650974235,0.2461075089485707,-0.7231987362956043,0.7654538682153061,-1.8028912421227021,-2.698573602321126,-0.1408477399308061,-0.9122913237439875,1.0908418697780737,0.5703972706891972,-0.15349663916370893,1.023457319674977,0.2814685804665051,-0.7792208411326572,1.2427016270045492,0.24656722691443014,0.2774579941455349,-0.5063766547934189,-0.6247250737494786,0.1119671612074753,0.2658357159499949,0.032314558991337165,-0.17988112330331182,1.1817234030026313,0.6777922174477227,2
2.4312586873202893,3.9513924094927946,1.0649772036477385,-2.891289791349074,1.5714707317388585,0.2699815186133638,0.1648133889537846,-0.7128855092829958,2.1170976157999943,-1.1396129733878775,0.3933384667239286,0.819458676375132,0.34945805626874044,0.3635071259909024,0.5193273577381353,1.7838583787250968,-0.8724996730891336,-0.0014710164782312171,0.7808433447032439,0.030776224994792926,0.2849423434314496,-0.55760278316541,-0.47891478551501626,0.12470973096537938,-1.5135369278706705,0.04977842219330039,-1.0967511798651357,-0.757613862306244,-0.9483784758254066,-0.9678848085500057,5
2.6295160807561015,-1.0037110159442066,-0.005850657319954613,0.8493116514326411,-0.2899381649288005,-0.36470213623965847,0.5153890430686103,-1.2395159763570447,1.485803542708537,0.7377794466414105,0.7491498174934534,0.1292697247451497,-0.3366430913769658,-0.9773533108898476,-0.04824346757883204,-0.2954668190733009,0.252352484694394,0.14833608967925163,-0.7087703796121989,-0.5398296395548147,-0.10312844616759105,0.019035768630297396,-0.014755835743472254,0.8108816895662919,-0.046570804935978614,-0.3414016352179104,0.30394166466265715,-0.7862359019099616,-0.8221213044997958,0.5806883354154851,8
0.4479292061951387,3.807332829112908,-0.7238795709606872,-0.8192628475678518,0.5755410595713332,-2.3854797231224536,0.15315008636666289,0.8521215172442891,-0.13006343395599648,-0.02691345746637219,2.215515942092987,0.35905023840473277,-0.9415977525594983,1.0959011414819135,-0.16352477912694188,0.4734894838064494,-0.09054676327734866,-0.1748433117109215,-0.594369219344337,-0.24076269944023015,0.16964386853180213,0.5889096051132586,-0.7342262671943007,-1.3499407517856972,0.013573058433765283,-1.071370537603062,0.09623456546723748,0.7436953125719458,-0.8795673221759791,0.5733841178773248,9
-2.2301591805122007,-2.7903561276375224,-3.242674871762916,-2.0185660770869087,0.031508137264104015,-0.3637553948689792,-1.2461976544285729,0.5421312634294411,0.9970853136082883,-0.8186418966841148,-0.17529571207285413,-0.6663634389996766,-0.573985852115997,0.2748492646800039,0.4188105631551227,-0.15110632650617992,-0.3517184159719229,-0.009860821502549735,1.019876303997836,0.5066690812853334,-0.20525220395585214,0.5513565757873053,-0.05945955526858237,-0.39666386806050574,0.04861761680618184,0.7392181836755473,0.737924828951429,0.341856740324064,0.005009124383783191,0.17199063701069423,0
-1.904890430349105,3.3327161350207164,-0.6915404303226728,-1.0008390399847895,1.3030293572424407,-1.6791203939470325,-1.447249426409237,0.5558964185726621,0.497208532256045,-0.6188025238010993,0.2554615952541753,0.31008971361021404,1.0732889132012056,0.05381840060157756,-0.9073109574713758,-0.38870242146520495,0.8878786586456913,-0.23324548171762466,-2.1951554412945766,0.2148193836942998,-0.43069948606284053,0.6386462744302842,1.088289479781275,0.39828735076159666,-0.6498995605030834,-0.10401040635256502,0.606826016877084,-0.5145527536614604,-1.0248180978412642,-0.13736616516855313,7
3.3441509149504767,2.299916554302568,2.1838355816132244,-4.318866676059495,0.07687425317507277,0.9180896293070759,2.4692147451194835,-0.19645879281580536,-0.3792013436552961,-0.3787733584231986,-1.1358112379908454,1.2202369244592077,1.2225151278754571,0.6845650090728647,0.6185537627767485,-1.4597701358827475,-0.29036562856909975,-0.9723337614675963,0.10629580773342998,1.5011895959248156,0.23954761268718197,-0.22477539585172004,-0.2793471237412087,-0.7888042864155994,1.2092120852412573,0.05797820593926279,-0.3719509909026722,-0.8586243307229179,-0.882307669705721,-0.2420230837607756,5
-0.7316879014300478,3.8769590473053155,-0.7212006055235027,-0.1552932273152079,0.20701735889090214,-2.465918198804706,-1.992723824625196,-0.40635048197672163,-0.8777235926160022,-0.4080681715149306,1.1236232753320494,0.9743280912670141,1.3893945878309872,0.3987691807638354,-0.5068758704784886,-0.3398613097022638,0.11949526966222572,-0.47675151875225424,-0.6594192508125946,0.4308294220414778,0.3220922381902253,-0.34050760580269945,0.0014247607492183134,-0.9473858581117839,-0.6261210247373551,-0.04900024080798476,-0.48304631393953756,-0.8600052292295456,-0.003214271435699292,0.38273553713997877,7
-1.2619058569687707,-0.2925166382091806,-2.0541977543960614,4.0426530158738405,-0.11291207996696292,-0.21833055620454808,2.6660622888121757,2.042792222682173,-0.5482917443596415,-1.2125557279356975,1.0349233425799405,-2.0977497603513084,0.3983867772441999,1.694150952151412,-1.9195328853649412,0.34107754868512546,-0.2965067279246686,-0.705465552089312,-1.2510635004399495,-0.10084155455338803,-0.1953912045461641,0.6354642457265928,1.1695489858278478,-0.46132671660892155,-0.3505807361553051,-0.5190917958407107,-0.08507126733789477,-1.8161070682827165,-0.2543577765630089,-0.24539839487611814,1
-3.64721430715142,8.639927288446156,-2.0417116414296856,-0.5966063664476619,8.626804279067285,2.978379008932421,-3.0234129981298916,-3.64009714219188,1.436487781285957,-0.47600074449376384,-1.555400591772062,-1.5133778572312266,2.36321939357461,-1.9082693374138344,-1.7916811199835074,2.9811619113797025,0.40788241778760204,1.52500814291919,0.43512535527704654,-2.2254982097104,-0.5475344074503922,-1.8500688648769092,-0.4278483008005766,1.3041200352536784,4.07511815398784,-1.1188219900229721,-0.6651495916774675,0.35966921439102534,1.330759299931196,0.7697283118213861,7
-1.1311959867729895,-3.0693103329772606,2.6220657657460986,-2.50344554295622,-0.050410333962772155,0.7870186258605135,-0.3669172181530229,0.16321569996125668,1.7679902086947124,-1.2809742605088759,-1.078704589093185,0.7842904255227262,-0.5592379250928752,-1.3395729162204812,0.58716389517253,0.4117298776772957,0.2691689521228626,-0.03765994508952813,0.19315536746143375,0.6163412534061198,-0.5250914008756512,0.4874616425852202,0.3981167880627317,0.22978513361176298,0.35208579162534426,-0.6101877148078674,-1.3160636826546241,0.5567376078834035,-0.0766633926784807,0.21703425565638307,6
3.441169100672098,0.289054542652978,-1.4400383833168042,1.5235034351896062,-1.094019747302189,0.465685113886851,0.43555763877350434,-1.4404995953719724,-0.31933419650008277,1.3427273580443937,-0.8573399834426801,1.5978988534902854,2.006833122190366,-0.9653762731837084,0.005055732502280135,0.12598975024475093,-0.214439556814496,-0.06685331826064916,0.6402866882238226,-0.12917842859373999,0.008594513575042186,-0.6482300693905859,-0.0028050642301089795,0.5399351516314422,-0.5439081571531409,0.43746527427193177,-0.7824619465243858,0.3155739898120755,-0.2602427825692148,0.29647696677357027,3
-2.2887191739622796,1.1057956144895678,2.340006265813731,2.7333575903205007,-1.2789033236507443,0.10260851173207201,3.626205537331212,1.4398203255347837,-0.2160152109780075,0.0783773978141647,0.3067268087837247,-0.9417253505396438,-0.30670835493823134,0.6764029976715796,-1.0464999574314635,0.5560804140009674,-0.3123158869653279,-0.3748176616691862,0.9590385190009199,-0.5260038529125556,-0.23570714725330405,1.1710608956921313,0.5656416608852697,-0.7394733072203941,0.29712747264355077,0.189830409444108,0.9789341879832661,-0.8460878980760538,0.2675234643832225,-0.7100766139321638,1
0.05519409310112757,-3.477967977353752,-3.2738426214039005,-1.3011739344649673,-0.15883444443021613,0.17902057596093932,-0.8963158147535243,0.5589537609165371,-0.15182570971862117,0.3153402481882293,-0.8702551429171331,-0.9796213148474388,-1.0192665775316558,0.31835300335619515,-0.7603397323491367,1.2534989961398244,-0.02195886069151566,-0.06790179323970061,0.7520105545890221,-0.1311078042596495,-0.8407705802163954,1.1492752636712604,0.6933462271476757,0.7754581867564657,-0.4250619172706338,1.4648300002213381,0.6432155158784875,-1.0945364334587064,-0.19750501280603766,-0.0055512029759748295,0
0.5105071167194039,1.489832832947921,4.885847131808986,1.5905300482446658,-0.7162788149172843,-0.09548960073682285,-0.5341537465391446,-0.19249692589816345,0.6527133570838097,1.50447365469251,-0.352039726388213,0.23000123823167978,0.1683225019590878,-0.605581009964132,-0.6553031256660011,0.7792324151230998,0.04994297807791392,-0.18726055757204924,1.3940314220097478,0.4405711372572934,-0.6924726560399278,1.2598443535008987,-1.489209690256553,-0.4462704639090812,0.2961881664527865,0.3715990199854397,0.5126810637808592,0.9621116719179004,0.511448610623832,0.5475183164101469,1
2.590584100136175,1.214238270177949,-0.7661667880966765,-2.4950828587272453,0.024791833449590805,0.18697583945692922,4.329409731261376,0.9842959552110253,-0.1456378492264558,0.28441782100067364,0.08382867318780085,1.5438683898981307,1.6048091679246732,-0.6061509214610061,0.22424095275710004,-0.6862937216187655,-0.2998723072651409,-0.34332932102763497,0.14438909496104424,-0.3215636411905103,0.27956429965866464,-0.19783271387759396,-0.2514413720752135,0.0920597539541522,0.03005265457797019,-0.5982911066188529,-0.19347413986008433,-0.14890545838283667,-0.22266287528248913,-0.10252726390042369,5
-0.4331016210632649,1.3611250588288843,-1.2486588400077914,1.83406723547295,1.003294826416019,-0.7064378668516234,0.20777808128733008,-0.266643492274518,0.4970940381597343,-0.9211095026405245,0.745065246455368,1.0114630068356678,0.2953054357620938,-0.26936857598335884,-0.3749161705458315,-0.22129590892046708,0.49389452689575025,-0.26694951875789297,-0.6749844898062253,1.0219786712046763,-0.21172240200424874,0.8535092767079621,-1.5675373865593083,-1.0667785112934074,-0.5437807928596827,-0.6681592912426394,0.051556352986253495,0.9036222423571555,-0.48577438630975806,-0.061708568512772524,8
1.0769354020137405,2.299709817519277,0.32309292599021955,-2.3592438332419405,-1.4478078977814386,1.2325759397360032,0.5542804143700497,0.20802248845896726,-0.04817337277942406,-1.972109240260996,-0.4583557515341466,1.4703533319129916,-1.9555583603667028,-0.5444643487901508,1.7740452264234554,1.7563024934444489,-0.2952465976793535,1.1479036545570567,1.2334205162923362,-1.1092570819667336,0.6936303009765225,-0.02857732027179358,0.3641159954626629,-0.5789365141067823,-0.05273215555626184,1.1735555142447947,-0.7504775163297942,-1.5960258949805743,-0.433137296946357,-0.02133058136605045,8
-1.8333252629751584,-4.285586413502095,3.243375110911841,1.3352874172488767,2.2523555364667387,0.3705130216594472,-0.11469751412086478,-0.21227753245887995,-1.033828676507922,-1.919025726729637,-0.030073149173841133,-1.1299269033965673,0.24563670523591888,0.9842008336175023,0.09359473303583263,0.47701104980453224,-1.1513695830128108,-0.6729958253655812,1.0239369680175945,0.8528116324762388,-0.05038155744004469,-0.918416791685587,1.209006587091984,-0.32748707100831254,-0.12006877165138925,-0.6432993187823691,-0.3668417085474237,-0.19947233032598186,-1.523220611913541,0.6147065361957151,6
-0.7396153277807858,-2.752895375863834,-2.9212989626559898,-2.1184365057193184,-0.5050656393124046,-0.230761113815532,-1.1458195439579533,1.501169418903213,0.7734300147860683,0.7408112569492005,-0.6911047155790503,-0.9224808742717047,0.915431015845388,0.9331985637550044,-0.6324225462514714,0.5363919084215871,-0.5231224066198213,-0.35572258862253753,0.4121959027354147,0.05865640028186039,-0.28888686646875145,0.20994462410813217,0.30222373325393165,0.22018346428937777,-0.5817027907444086,0.4513954745068512,0.0779421332566546,-0.035915970224206006,-0.5261081887598165,-0.15471663428499935,0
2.4969430118651883,-2.6138054455231257,4.525371537459931,1.7625472324488753,4.021488546025133,0.823359385570275,-0.17838925250369245,2.316343350324946,-0.34650914567097835,-0.8069304909245695,-0.9801047847157912,1.6976668273515703,-1.3148294207367386,-0.20693566545714348,1.3574052377642456,0.024561818166008897,0.21085257745135325,0.2159867405862724,0.25937922203842173,0.4881151290050293,-0.352948349462819,-0.37340892084547267,-0.02821747353948639,0.6468019524615557,-0.40887643950300445,0.7280427676993969,-0.09129621875798724,0.5332780448557951,-0.2008639893013429,0.9012313741195982,1
1.9535878043418253,1.3260094217241516,-1.7102800145369177,2.339495271765301,-1.002276732679502,-0.45576563514062696,-0.27819591009763384,0.14836912566792915,0.4316709400802397,0.2745482966283704,-0.17964375186574552,1.6002585242199063,1.7258735002955614,-1.4433670150294726,-0.4583580895671937,0.04179757275705263,-0.13685458076157084,-0.050400324433115096,0.4352963787448323,-0.053155056294888973,0.0751640181928074,0.15062008616400527,0.3951003184139041,-0.45535533017400454,-0.4370161335833436,-0.43774087198552875,0.041322012596335896,0.8846837177010543,-0.1346853397053646,0.09989612450590266,3
-4.174370192084586,-1.4811049733738604,1.718765173777118,-2.8151185840919046,-1.261221379936049,-0.1338698671219864,-1.1157311568514217,0.23101655020480288,-2.049254595014213,0.2919048373522071,-0.3036445480263861,0.5207110547137332,0.15170227055228427,-1.0533704352615976,-0.5266199908159878,1.1543054524243965,1.1402582043570517,1.1686352407332403,-0.8811009556434681,-2.2492327514048864,0.8473115712888672,0.16744350410219655,-0.9332493049773211,-1.8198709064492007,-0.7141941894245835,0.5067154867057281,0.21776281028996505,0.6055552334029444,0.08046369138731489,0.4879828335823307,4
-4.696532666798067,-0.4355220761847249,1.740190882103129,-1.4520743545638948,0.0068221546173888965,-0.5891250504166918,0.7007441864877634,0.25999314721623284,-2.0804631694763582,0.6447684303528184,-0.7354327075706463,-0.0818345000245435,-0.5303153646826625,-0.34257323221848307,-0.1434937801186886,-0.4042503529407516,0.4786605585239872,-0.5062916533925037,1.0496847273828431,0.600927944201003,-0.4662724732511134,0.3703851210497885,-0.6093379239266413,0.12275446796289874,0.3672344926360335,-0.2807889005605847,-0.16657253651041193,-0.8531633511152709,1.1762485625773773,-0.02770837096691843,4
-1.883308763284884,-1.041972888354158,-3.3924105116327654,-1.6804729648430174,-0.4971524027127366,-0.6964260494116469,-1.449882328016162,1.7502176418557058,0.6491015679347022,0.7325265177939635,-0.7761909579330397,-0.7420646697465572,0.3735552620045186,0.3097896921763253,-0.07159853998717744,-0.6118622267454688,-0.1616919922270305,-0.5378856707675341,0.11300590616130624,0.601536229734048,-0.6416069811801659,0.3770928565663381,0.754992237521957,1.1385351351983708,0.026994898627324636,-0.7284859482280591,-0.05019553985874294,0.330799601336284,0.016135377687175788,0.6424983478367238,0
-0.670970631748153,-3.922008034958353,0.4521938286737654,-1.2439691993536661,1.6066024052611725,-1.2027437324727699,-0.04125262188883307,-1.8553212224210114,-0.4901195092304401,-1.1026183817282278,1.252994482133448,-0.6802592794083188,-0.6489164855787073,-1.8458220484251733,-0.8542943537780411,-0.5978493011712123,-0.045300970150577095,-0.16963948249094965,0.41484110902760923,0.05377967015734934,-0.4472801911476756,0.6990354634581836,0.4122446470288914,0.1762254411468062,0.36243314982710184,-0.2927564286426251,-0.06703193347262733,0.1754463152704978,0.21670601453716565,0.03560174439451178,6
1.6016912967208252,1.1194478696504002,1.4621241565482905,0.2885865197702569,-2.107717576259592,1.1945822361483314,-0.41517745627946334,-0.1611556761124288,1.8424802458457459,-0.751203720737146,-0.8090629847687013,0.7439292641912084,-1.3511911558825476,-0.5036245401367683,1.3780117531526248,-0.5460264549171547,0.5112422341835771,0.7718020943787982,-0.03864420711752675,-0.21070314973915164,0.3470827376720078,0.20620829661595752,0.7870344781489014,0.004770645149400565,0.4327579747939906,0.4821288505931107,-0.012464824945714277,-1.2323716044603361,0.3558649549590069,0.4280103701132591,8
-0.9122923933096608,-2.9529967383874816,3.6964459461415644,3.0842115268648302,1.4880236613796816,0.16919948029388826,-0.1537847390704728,-2.066306365934726,-0.963736660342328,-0.4942316411036935,0.3449312351867009,-0.7310264987582225,1.7648376801440657,0.6804515037376941,-0.39002967213259915,-0.03132668981996191,-0.8812894685054076,-0.6717053519129362,0.7631586264705305,0.8444187571614308,0.08667157076677566,-1.0263184229674387,-0.7501501348994929,-0.24642922635235268,-0.31295557664026336,0.22323390234484536,-0.7369553327534522,-0.5689001361981594,-0.7875834642216519,0.4571193659287098,6
0.7980093627881859,-1.3620011476098,0.12790029392279778,0.6936939767955114,0.253015407628201,0.03273494640154198,0.11540949276728228,-0.950658693364783,1.5444325898330709,-0.22520450543511195,0.1299392337924225,0.9373791803880117,-1.9763834402620553,-1.320405248360339,1.2256611039352967,-1.601976082564715,1.298344594024392,0.7865078005099064,-2.077436228621101,-0.17310926256892628,0.3298689881166862,-0.36402167178470884,-0.64360633804775,0.6329763004671817,0.807148392453749,-0.47759561251029464,-0.5419450366047167,-0.42338366877939004,0.4499716511067809,-0.24309142039086126,8
0.5119873233110073,-1.3668100255785007,-2.5894193343833183,2.478580274317943,-0.056760813444582746,-0.60970931217966,-1.4989680286818594,0.03463431028113332,0.9243500053446568,0.6860184959038842,0.5589824249434822,-0.8072046300754454,-0.1908316903041576,2.2058756905646564,-0.48988771665054515,-0.3679500789371541,-0.22502273932004138,-0.4815475900837568,-1.0860470282649042,0.35318806673979564,0.7763164945759496,-1.2358697241885899,-0.13374801098498823,-0.5832479403743178,-0.22920875149340403,-0.3758786942588609,0.14353383148924329,-0.1110875794194187,-0.34163296786315767,-0.9019855293585683,9
-2.1508286225924214,-1.0478862494814638,-1.1026424118608953,-0.36510724308123177,-1.2080797152951699,-0.0586945303128898,-1.1421920408808628,1.0865364188629723,2.4933089126209405,0.1504747338566626,-1.4406768531974108,0.8706662995297105,0.597058703639996,0.5707770286657514,1.0893097127532767,-0.8193349948865531,0.17972351982145532,-0.5719357130507405,-0.22583562208457078,1.5523623814261118,-0.10527082939703421,-0.8725715175526523,0.4181322820162405,0.22225769019382818,0.7964897123069782,-1.0502631621503489,-0.9986742849206496,-0.25698471011771956,0.3629497677274277,0.44787255163935114,0
0.6433061190628165,0.3132061825873975,4.239139419530194,-0.49017062946709894,-0.802193352820059,-0.3798494681894138,-0.5606822059375697,-0.547184718140951,2.282779543120774,1.521379396401734,-0.4071695833244472,0.5979213083421826,-0.392194274180105,0.3519367479307954,0.21143204438407256,0.7756994845149963,0.057421947475102826,-0.20509765557016202,0.788975817134401,0.5500776399668362,-0.07907995928021791,-0.016598020007963125,-0.3940086878647876,-0.032958832319687575,0.5079738503578062,0.591946878998193,0.47005301659494897,0.08516729417291778,-0.09108033736832441,-0.0813161710132803,1
0.6345607796582854,-2.3792259884478018,-4.019013393018786,-1.3638765348122983,0.017624244841409894,-0.2962137119151444,-1.3260541453580839,-0.2768047591276337,-1.4290079659125101,-0.39028219570033806,0.4259862767158209,-1.6121569518194894,-1.0256692952742978,-0.28259689198945653,0.06497800010176262,0.5400779755181685,-1.2867191236420974,0.2192933690786222,1.926126182447056,-0.42110896224859307,-0.052633517261429036,0.29044842743992866,-0.7216519063366624,-0.2589294138039641,0.07222976705893068,1.1998894653660914,0.019859307754739836,-0.6187638377868492,-1.0020282758445065,-0.7042601677287486,0
-0.026840884000645295,1.415801850422772,4.974586953586211,1.3378998385526395,-0.6664294943666595,-0.3166508258426934,-0.30166116728990944,0.16370069020074657,1.1728457230542715,1.7000509363573049,-0.44845301353953715,0.5427200905976671,0.4689905430235867,-0.10660546940223196,-0.5505175969784643,0.6022488041289012,0.3277350160101586,-0.3739724961596337,0.8723187150412709,0.6991468267301199,-0.6041338595470894,0.9996622933331789,-1.4072989438324008,-0.5843764151830164,0.5081910297315908,0.44448186781230603,0.5720511383162722,0.5699969643135812,0.2130227614018133,0.5999507723396272,1
4.3424059676111835,-0.40187595346045596,0.05504266995115132,0.9090031924812781,-0.89720184012218,2.182481649477098,1.271102689197873,-1.9728928942724178,-0.6842880493503954,0.5021999912879372,-1.472619545300969,0.7486272572641751,1.0647766923218216,-1.2182683835956556,-0.3625526530574486,-0.4772449271415126,0.24291263726400436,-0.009298962044725521,0.2994941453751935,0.35446189011944673,-0.23231270044018848,0.0769343717777786,0.115349038434962,0.9319684664217683,-0.18072033209888627,-0.06165059769295901,0.8012760944175887,-0.33884102526621956,-0.06191949215659354,0.5575568707878292,3
-0.9823981056340602,0.16575010917821947,-3.754686952244258,1.8643767805039873,-1.0815621613671171,1.5504586992593372,-1.2503333082701364,0.6967200702196178,1.5334486999861412,-1.9255896848446328,-0.3161047082807218,0.027865244538978488,-0.5516172028076474,0.6583770454777215,0.7740534117747271,0.5707497252199407,0.060425892463609826,0.7538272882479278,-0.80453143994155,0.15153951342024757,0.5987436745937115,0.1464541570422489,-1.4808876503932853,-1.1812425084783247,-1.1182137183658718,0.09940178976897576,0.34975662667587465,0.9253002718113369,-0.2741291959070059,0.3125671444042437,9
2.701112590603819,2.0517229903500116,0.5556432462187622,-5.005389822340215,0.3448648698084133,0.18763102468739307,0.7742235662079566,-1.1507783539101333,0.4394061540095468,-1.612065739738563,1.6592580549505642,-0.20476388728852216,-0.3887266701034211,1.6082063826734705,0.26404501214562226,1.3893187470723558,-0.9684355004991958,-0.15081339989760886,0.5180189076904813,-0.04541361205406871,0.8896446642685758,-0.7926734566175851,-0.5768745387708513,-0.5194791726795377,-1.5787916759039724,-1.5006566366509286,-0.36792272649528374,-0.4892392411692207,0.383946555945558,0.8607128116225066,5
4.699925123701847,1.625686057979519,-2.314112629960728,1.048270014197918,-1.1045902376728678,2.438815085324281,0.25465150402748077,-0.3169016899874259,-1.8504676360546044,-0.9234456363820301,-2.826066131066515,0.07408065494065626,3.0182107730311087,-0.4649140951699388,-0.983006615741739,-2.7329452719253737,0.24692371949212846,-0.5061082239866246,-1.2171627528062539,1.3306878855761037,-0.1481116862944372,0.5193095242131479,1.2782019669294482,-0.8034480702288729,1.6803839410291772,0.8224436243743791,1.830879008991268,0.8331438782176775,-0.790606177744762,-0.8901321373569507,3
-1.5405935033810199,-0.6968449737886288,-1.7724763301868556,0.8773474659251697,0.23671722762903372,-0.9466057654584678,2.778757157573945,-1.0996604109224601,-0.48809505375098405,-0.15266202252828,0.6913941252773393,1.7509061453334067,-0.10310669116556416,-0.40068647943067,0.06585609725348453,0.046715395562304654,0.21291739918026412,-0.17072119033043529,0.8776102818753397,0.3268490392476783,0.32600415936699356,-0.3568932602852172,0.04087427200943672,-0.4416188030004619,0.26710219506346494,-0.5593579190834674,0.9162957645499799,0.015337428960180787,1.028115889831975,0.539379159548437,5
-2.2711456461499133,6.060070991021788,-1.2328389452739332,-1.2658998427213286,4.692490239873027,-0.07316732998533859,-2.310500539737764,-1.5706872961381457,2.038382544110217,-1.9003182754495163,-0.01927788150494918,-0.38872622812341906,2.7702738362848485,-0.5390862346837627,-1.5983093361855154,2.525781506874703,0.416142969648815,0.8140646707102597,-1.686524585365925,-1.3108350038150605,-0.5262932120467735,-1.6538858120854458,0.6374079235345658,0.9158367045308943,3.541739287041466,-0.13208110297655296,-0.9145965839802228,-0.1858616816419642,0.8334092711788419,0.24493680588333205,7
2.6788521834136825,-1.9230006002304545,-3.6670214835874604,1.6214796379776903,0.5348996262831344,-0.8673475058874346,0.19372800435311002,-0.8141475088700696,-0.7868090556268486,1.6397600032876474,1.4249928753415166,-0.8704631929101814,-1.3387648162408667,1.7874889833675949,-0.34917443325375186,0.4926208231995672,0.18263850475244484,0.13152829729792967,-0.9862381880139901,-0.7533033817467714,0.011109198236544347,-0.49694216977346933,-1.1995834659962017,-0.23258408690413504,0.7115993710314312,0.403618243286214,-0.7061624347504855,-0.2096257923402175,-0.25865009061885713,0.5385133940485669,9
-1.275521587798256,-3.8563009451867987,1.7792825064374131,2.230413022780217,0.6251636717250747,0.1903272585544062,0.5741143543692201,-2.1568746872373645,0.7320954703750039,-0.04108401295787858,0.28202397470629104,-0.29263460480429526,0.7945906691839536,1.0088198780267497,-0.36528980189125854,0.10773247089392515,-0.17628337397651875,-0.41610876554247755,-0.5787996033869018,0.6349772355112642,0.9425886103460663,-1.9236181829826835,-0.3596637690147746,-0.5172969016698041,-0.21237283711398347,0.13259309375124542,-0.11153834285993368,0.7658051578337459,-0.050493774953914404,-0.6485132080176068,6
1.167472774204318,0.5983740510803701,1.3105148945662877,-0.938990680530344,-0.8346018712613007,-1.0802995604406034,0.45129991291871174,0.832269981672377,2.130616189651331,1.5886892519402802,0.9303831598541271,-0.681799471587928,-0.17194377632435456,-0.05373678386724597,0.04908726275312517,-0.8924113177359418,0.007943211191068675,-0.04790159971420598,-0.941445464704112,-0.8562182165929338,-0.18333625484275967,0.3930151288477711,0.061575017837646566,1.3254589752113113,0.306305202981375,-0.643955503904825,0.22712122641121812,-0.07592830268544741,0.05047074220612368,1.2172564374574786,8
-1.8399650660695959,2.579218736827286,1.6530971974459983,-0.4688363936574932,-1.2884433814254825,-1.7351018279926236,-2.7049954076789264,0.04647058315269457,-0.5171028468026292,1.5556890542799828,-0.2640004144480538,0.09767476813871055,0.41003560193194694,-0.14791513175678903,0.2674486411619576,-1.3752917745129178,0.1886330389089319,-0.18119280051234385,-0.1984261903885782,0.1943727215945197,0.25963753111197413,-0.7855359260451144,0.36627192861129215,0.34206256434802274,0.6115386320084198,-0.34562083143565486,1.0024721376466963,0.7507539954958773,0.18410770830281714,-0.10022742140326463,7
0.12528112034090905,0.6618768456950865,4.602962003473104,-0.8630221569718687,-0.5605151366973438,-0.4443199338995816,-0.006329419580946912,-0.2512819990551591,1.9308036441904248,1.2700311790275907,-0.2740119369267879,0.8068528754339626,-0.2520458662538906,0.39334707352684806,-0.003532514429871343,0.8938735593297921,0.11903547934159928,-0.3345996876262887,0.7067522851221981,0.45634848133405054,-0.05297455695648058,0.19145491917750537,-0.5516891628379328,-0.3810182245980345,0.07213053945481292,-0.030944225796209045,-0.13725652431905166,-0.1361680172912209,-0.06070073686058988,-0.11335235719942588,1
3.3675378997287493,2.3825498938886436,1.1289355408434767,-5.208614394399321,0.25391599333868203,0.6850952626913849,1.6305260571203635,-0.3334686938243501,0.13581636114927484,-1.1440505161721561,1.1909465139198605,-0.30141879324188625,0.6596889516897366,1.7680586876091287,-0.20230219310708647,0.3642323705358009,-0.6230716494296766,-0.4273107619016923,0.2154575957257114,0.2621952555108527,0.7948251029669855,-0.34851519056146507,-0.9325676311683103,-0.45974112589779176,-1.172161010639193,-1.1101721681583474,0.21737287882457232,-1.0223439396954617,0.4990529660811035,0.9652518869772374,5
-2.85063676339054,0.5925852380562185,-0.29018894262849554,3.4282836155896574,-1.7773203923805774,0.07770169501854798,4.167805980026133,2.115345291442449,-0.06608760776336765,-0.07015426110420427,0.1537082310607249,-0.6311724337997315,0.10840372276908805,0.8667269838527877,-0.7392350716837017,0.05241930097607944,-0.31278434171193165,-0.20269879050825182,0.32140232656704537,-0.6543363026132375,0.024775845133196233,0.3551926961165836,0.9554395716106682,-0.7111341618379078,1.0184465573034933,-0.05505154840061138,1.1911875513410937,0.052933380091485405,0.5023537959212582,-1.1184477188566964,1
2.26968498285887,-1.4271856141258858,-1.269388990437724,1.9852136155384457,0.5315598375272186,-0.8203424722577267,-0.09364304751583957,-0.5124138218875833,0.4987227954966732,-0.4861870948133799,1.886383722616622,-1.147105682521858,0.2944520274490688,-0.35891193332338567,-1.4862033588534516,0.24010859585934158,-0.5621782046914345,-0.05844085094142784,-0.0995441335796476,-0.675687614969319,0.3007783509794772,0.625859981548688,-0.022355507375384543,-0.8421339223287494,-1.1113145296662406,-0.2954028337351364,0.25341665683724035,-0.04281014585327113,-0.3042691686265355,0.29569229429008065,3
3.60862832910056,-1.1925881670489824,-3.2008873386665733,1.2382167127402626,-0.547312786397436,0.7329942600712405,0.6384229963206218,-1.1215295619568797,-0.6883440943262135,1.280932115151992,0.34525587966312193,-0.8256313754615812,-1.2844753886708447,1.8040899128183148,0.06990945377843358,0.07071115236067607,0.3302100051511616,0.29188942023388875,-1.068382021434658,-0.5421776820091052,0.09505027631599867,-0.5993840026537122,-0.7240042787842276,0.16206485728385875,0.9426517943401043,0.20001011379708664,-0.2620572970282758,-0.31459547769118157,-0.16293518047187983,0.6905979755278713,9
-1.6514990221509005,-4.137024142324279,0.7744642114448728,-0.6188064846132753,1.0923167505243676,-0.9714843985517434,0.42433242292123935,-2.1855026975725864,-0.07705091614818174,-0.8610072345158747,1.2728038010162217,-0.8913813067082013,0.5604367919619403,-0.9293484192325954,-1.1067414311849175,-0.8313395852676932,-0.05408054351271277,-0.3492172712989065,-0.2482691276003083,-0.03618060731422756,0.17127481370932549,-0.15217886651405457,0.32643813157696466,0.11830397795146802,-0.4082566680660416,-0.3008261454100363,-0.011650295583828267,-0.4429820999918859,0.5820307483422396,-0.1351307120012412,6
6.618135883759338,-0.2430073525826938,1.9149887345687115,-0.9998155370735932,1.71380971731411,1.2807332218062328,-0.5066802461642461,1.9422110379571742,-2.559024546021628,0.6297867240928074,-0.29626634952630554,-2.7062172978670063,0.5047704642613496,-0.15682180567702939,-1.2235769132527496,-1.1113345670615513,-0.6358087422278914,-0.11245187903576653,-0.793880324674484,-0.8234716923719575,-0.15758949914369064,0.11081951144053924,-0.830087034846247,0.4000415595960163,0.4043916164755527,0.4188876876462956,-0.21070400668177014,0.32685921740676616,0.1260738597574629,-0.36886384454290577,2
2.336918466064388,2.147065616330446,0.9080928654475414,-0.7901593974944253,-0.4554822544952167,-0.5083610688047797,-0.6519956100719093,-0.20427072138006333,0.7731256283194029,-0.12709429142072698,-0.3202659628973363,1.361676935004413,-2.1102327702655286,-0.6127415869782614,0.8892584552376315,0.8622459281147982,0.21508480150565412,0.32353427739709095,1.190241081366904,0.12567229075685193,-0.3062196120707601,1.015882093015418,0.37736175272667605,-0.45422402841433673,0.12087463617891366,0.9217196036276857,-0.08994623894935465,-1.6096134422422066,-0.558712617607827,-0.24608203926418934,8
4.185454268657924,0.430740071412071,-2.5280492908415635,1.850493823898181,-1.1986166007782497,0.7741367307632794,0.42406625500708345,-1.7298744032438393,-1.370209249857808,1.1927258442260211,-0.8456656263686659,0.8846443095533394,2.0071109410638046,-0.17667162904237457,0.009315273831801028,0.12491260154214832,-0.5281984033894402,-0.13322910998641818,0.4500998209803227,-0.12464438656975371,-0.10019825049482375,-0.8200520055658511,-0.2708852046892386,0.19445882300376685,0.07089046680611319,0.7590374834266086,-1.4873055547252099,0.8293750114672437,-0.605042839518853,0.24807363354099643,3
2.083106840692747,-0.49299665877999616,-0.41694004573360793,1.7557877609081347,-1.5586239495845529,0.9659291869077478,-0.45311102519759056,-1.0270358794983407,0.5718386769894258,-0.1615708584158002,-0.5061987773332345,1.0099327587161717,-0.20859875167564393,-2.7172111268350445,0.011201261198707122,0.511499010181455,-0.2584424124299162,0.7767321067971186,1.4205667732336194,-0.6693424995142581,0.1934101040406554,0.36183207577640564,0.12040445516159129,0.29945226733932273,-0.49529932873127663,-1.1166195818910192,0.782788233188676,0.7686802782347423,0.8206149275864584,0.3091885708627046,3
-0.9375091422327243,1.043073774573539,1.5079526547753055,1.2468651725349378,-0.9466264557109093,0.38551207531272613,-3.143582750299639,0.2639013122621169,1.01149360233767,-2.2803567345091893,0.7275738083070366,-2.279851958576511,-0.6361347890154526,0.08239441809060431,-0.16724278221796726,-0.8223329534773102,-0.32959382857034597,0.31991131867138284,0.031790089636786645,0.39879055889393,0.2311667835906405,0.9189058701835615,-0.988286611637666,-1.6022870139836611,-0.04006530269269435,-0.3641410434987376,0.8141194160908115,-0.512636285041179,0.7055204772049217,-0.11926604978338105,2
-0.7530034516343922,-4.8150320813087975,0.8746413834768997,-0.766388415100875,2.234609526051738,-0.6521487659226224,-0.510118853017152,-2.469409402098931,-0.8971185721171653,-1.2269348793736534,0.39662200438278483,-0.00229640829811386,-1.3060349127662456,-1.4385631773352074,-0.8512597331282795,0.04690444691237863,1.0768299548733418,0.010507087419232005,-0.8373803638427182,0.19342411786888897,-0.4780006905550287,0.42845800833918757,0.6428508346285364,0.17334510565662267,-0.1274724044469481,0.8992418027837406,-0.04180326268164932,-1.0472263303665938,-0.06988785515169665,-0.4454201166554653,6
-6.323155497384756,-0.1269910721766658,-0.023509015111791116,-1.3762836147885378,-0.1753152384831438,-0.00946841518677493,1.5058104714348939,1.3723613737265308,-1.9734478336646832,0.7720624332040608,-1.0595653350806384,-0.6874394405224412,0.2816001819921655,-0.30172257356212734,0.12688934040996538,-1.3940817460396266,0.16832460193363147,-0.2708562794392619,0.6748670328158406,0.26180366693513424,-0.21563156081651003,0.15449394329708077,-1.2951981448322436,1.011089650193111,-0.3491228436764041,0.08419949426035078,0.751410425629602,-0.6898220742319744,0.600661236050864,-0.9627068702193827,4
-5.754893625375226,-2.917799594327661,0.45972551819141916,-1.3056244027954649,-2.527306911194076,1.8098557866106149,0.5213788882330863,0.9697732851784071,-2.0886834124893454,-1.4924445670885689,-1.404471265920878,-1.3044858550690566,1.1775715674254545,-0.7561943916174662,-0.5271620420387282,1.7786558571582691,-0.7291626825612891,0.4446236862208256,1.1089162001400092,-1.3993315955767487,0.19219230920726404,0.4038463162617655,-0.45576243173158915,-1.1646980659334438,-0.708377792316932,0.1291442365585354,-1.37425051576884,0.1587310021304686,-0.4557173176534606,0.18446987077135082,4
-0.4232814686102116,-4.3243032362164495,-2.7034881681253298,-0.9140746749777166,0.12642682214455295,-0.6647463407672725,-0.646704817401196,0.9614551075158,0.8745463129478299,0.8623432486071544,0.05275114550453597,-1.614766364291832,1.2250671694477433,1.31671357921306,-1.2240110360530327,0.11820643083543857,-0.29599803630453175,-0.5201108954020649,-0.7697502418743688,-0.24390578759142598,-0.21240422827145805,-0.3739801736571298,0.5375372385392282,0.45283362755932505,0.17143521871780043,0.368659620063296,-0.08757324857327536,0.16539533090212072,0.10108970414840866,-0.13887001453437264,0
3.9108806415683945,-0.06196251495903825,-1.6285981037306494,1.8921752152805797,-0.8716365719544954,1.3104736615803885,0.14639181629739492,-1.6971367484749083,-1.4173482852517634,0.2947288662777853,-1.0492472698051762,0.5881906511649772,0.6641022349805267,-1.479344565317794,-0.7320405655874829,-0.47261932874415863,0.5604280225036468,0.18657678679227688,0.11153113963418038,0.06103217044660127,-0.3282155531422,0.5057332690099947,0.4961093272495863,0.18838309196954475,0.2961725703314539,0.1681622109722663,1.400305985435264,-0.586542804203372,-0.1055653067599032,0.3322496127351563,3
-2.862449003116003,-0.4117242484812195,-0.39291419569293745,-3.018879312036858,0.7088408717453784,-2.6839987777995957,-0.08082198833864004,0.8068280853494486,-2.155786440177606,1.7526253636257418,0.5282399668376562,1.0549001076931368,0.9073238359260214,-0.19182573652749585,-1.105912984534446,-0.2853432292145369,0.9320467154991268,-0.2589320545135679,-0.4547576053669748,-0.44578029457130136,-0.016998717156593394,0.06345649781728462,-0.21506692121899684,-0.6546893048935264,0.5652938348017124,-0.37038966726021855,-0.026578974834395933,-0.04183367354282276,1.120983230140078,0.5027855914478963,4
-2.0962278424710163,-2.041109522402958,0.5313187373914372,-0.032838043766050005,-0.7106560323060132,-0.26372634365339404,-0.11666357779869654,0.3173732009390986,2.604330412635355,0.048335277893972725,-0.866237209048965,0.8113188694360468,0.8681587343616606,0.7319386126609291,0.44867390288155495,-0.46348361727500687,0.17584721974119652,-0.8993316148872549,-0.20998983552899153,1.7804636374135978,-0.2231875827132277,-0.8273801806030534,0.285630970201156,-0.03856329829602374,1.2995011398285203,-1.2682387320378377,-1.1119408176630254,0.49519578057261904,0.6952258400439957,0.5575052211653576,0
0.27685708238641205,1.1415557231356537,5.0289857590318325,1.0666433886891513,-0.7547555594544847,0.0588951758918998,-0.055943438825730225,0.0998143114295198,1.415778473449656,1.383756326791286,-0.6008550209297958,0.5803668771986332,0.3187733012718311,-0.2611612940031636,-0.3082084873561525,0.6692711884557999,0.2006540758853312,-0.23596461858127626,0.7906079838080771,0.5035303949174512,-0.4759115765979956,0.7772188052425482,-1.0630311357447961,-0.26241686755137006,0.14637493427922707,0.47265546786413204,0.3200711613524841,0.6129153506661953,0.2757871694786824,0.19275761136706793,1
-1.6249442526032016,-1.3695484057148815,-3.556131889078226,-1.4031506359674464,-0.8901462284117677,-0.990666448893578,-0.7151678909659289,1.3817620383618228,0.3259254415614752,-0.27389273300860634,-0.13698645178347066,-0.6560455981268332,-0.023411697989129465,-0.398459818834025,-0.03326156758674544,-0.6080362976570703,-0.44125733942640005,-0.16985294465902318,0.4980151188733719,-0.06674608819313113,-0.28097908770527585,0.2236195609374306,1.3295091353323756,0.22660200459190896,0.9295937433797251,-1.0213445696532475,-0.20922788284162425,0.7391245849710463,0.4980097325558227,0.20171932208667953,0
0.9499961678595017,1.1286627453229177,-4.302771824312986,0.4706612206801625,-0.6523761752499827,0.1851131472685543,-1.3040580423925354,0.803936816256706,0.8122730493564495,-0.18518291176435664,-0.9277027315388844,0.832217964811672,-0.7706876419505613,0.3812878948317017,0.8686334909906877,0.45902514148858614,-0.29401490080787684,-0.023533616415056833,1.0767026001550437,0.7998019285099549,-0.41410070370970326,0.5413281804020209,-0.44869908297257244,-0.3210757963094369,-0.24936986951653112,0.2948805425854922,-1.219110803739036,0.08449129085787838,-0.5686941166969741,-0.35944017975326326,9
2.5657700277854603,0.7168792757431782,-1.8502782907258912,3.1157573551107673,-1.05252654291121,0.39517015988874477,-0.9363205934802423,0.8275261558781829,0.29737168583704604,0.19661005710389373,-1.258306951931285,1.0161164781373828,1.6831076112830345,-1.5838879818333933,-0.6918865197300329,-0.21419065265643888,-0.05127531886184116,0.05316029091684313,0.35958160968914527,0.0681482349378847,-0.3595763546629388,0.467117489649829,0.9290884466845143,0.13909050236430626,0.1895310161355874,0.39457738994879954,0.263335268506798,0.6500386963429919,-0.290539250670183,-1.3464088855608136,3
2.1358215783986947,0.8557853224839197,1.8665614047537646,-2.353512999288048,-1.1470336445876177,-0.3438958923472304,0.0787090120160662,0.14272562069557387,1.3182372825720685,0.6802596444160777,0.4982747058262312,-1.4551473467088132,-0.32521595137822257,0.4270704155208828,0.622761357959869,-1.1524061780142263,-0.1898763402592834,0.09928570701278355,-0.980011446732026,-0.7798598384793406,-0.1623795726714633,0.39356343642254776,-0.5045683962787982,-0.21467347956627733,1.4443729766760602,0.7360942064487063,-0.9424280109084916,-0.3808147765969151,-0.057099424301173284,1.3075415408149824,8
0.28466754479725254,0.7395944898232768,4.856863299591019,-0.021064066192356817,-0.6497854082211186,-0.3879501801190477,-0.07973675407840436,-0.3123935511829963,1.9518841020980164,1.5152195685653143,-0.23848089024152752,0.7296122930307424,0.08592437362076275,0.07034816514192849,-0.031897716310780394,0.664671179397135,0.13279165976799176,-0.1814418161489474,0.7521487397552591,0.34526652369194194,-0.06189858374126878,0.2384711753450817,-0.9661383458381982,-0.35307648887642035,0.3502209857663207,0.48165529780332084,0.4075300648576633,0.23586148412671387,0.09181598109999262,-0.06754417646416404,1
0.36139577478731283,0.6306352845551284,1.5986073851265699,-2.1251499736126522,-1.5663929035541102,1.812044673345854,-0.7181173268713019,-2.64189306947785,-2.2745681055466798,1.182968698088586,-2.693720964280316,-0.4893137369042765,-3.5219385457686427,2.3678027100885126,0.6813151427074116,0.5854010455071813,0.5916331584655629,-0.08060381877565063,0.4398347970750991,1.2336196833557127,0.2672246353108171,-0.9638424103319635,1.343032962877793,0.7701589985826676,0.11103165261310065,-0.3913738781206807,1.293489416031915,0.7150092294938423,0.19221679091836757,-1.3724476787441509,7
3.4189413639617765,1.909885765645402,-4.340478174151963,1.720192996261566,0.46022540023065656,1.319489894081127,-0.2727343998994185,-1.1067932137792025,-1.457840434973704,-2.05599794769204,-1.0332104254372938,0.06381548976245624,2.0783211853477055,-1.2912772515105444,-0.037093154725263255,-1.7266423747133464,-0.09801677091595637,0.07469902429510256,-0.8098000170959309,0.7349709288510572,-0.48813517681829766,0.5022100937592204,0.0010751445912635508,0.16671382506391716,0.0774077208993423,1.5882995423865707,0.25003925663067567,1.1041363404206987,-1.1063212752153204,-0.9067476817730858,3
-5.921749901030976,-1.434971772702495,0.7305304149465847,-1.883920425769871,-1.258665473112595,0.5395486744150779,-0.4331846664805137,1.3085648610686338,-1.371874612346625,0.4882211719893101,-1.7593255779204184,-0.11300190000626446,0.5939427654288376,0.16006316890260133,0.20101918598761181,0.38099103891918573,0.3822370384509534,0.0683146903800778,-0.1074486617358966,-0.053990731052199085,0.07716964440189507,-0.36712751721769843,-1.2530836182336642,-0.6276247354083886,0.17594290686162925,-0.28569689316609403,-0.7822825040506698,0.44347229858614556,-0.3170466597223657,-0.5082654115734144,4
-5.358440286852741,-0.5941449208948958,1.2417370556989296,-1.4872398667317692,-0.5324186419655906,-0.5666714965453343,1.3911571631436472,1.0493946850558122,-1.4704526893187686,0.6450672522762304,-0.6855748275162109,-0.0936436498550731,0.6943248967588999,-0.1590382190927595,-0.1027611738087696,-0.6925251219255258,0.1049595874506626,-0.48723696129287963,0.6346586092202957,0.3336016153475992,-0.05576587588989139,-0.36719703362587386,-0.7870947202230938,-0.04950002120348388,0.5690754949430561,-0.44783826620355793,-0.13310681383713693,0.04655271051962911,0.7509558192008502,-0.7106869042930513,4
-2.63399499928362,2.3241974407602775,0.7668488884742537,4.671325755627083,-2.710865235238107,0.28564347662319994,2.0953487111490574,-0.03751063093081419,-1.219623532939359,-0.28529936621477514,-0.05773054720378362,-1.0146190466686151,-0.4830781267033252,-0.23179209446451612,0.50720133094555,-0.9823521185673028,-0.513759950535714,0.12303341120140568,0.07982902258120934,-0.7353802307286643,0.0878304698674734,-0.43418150267205546,1.057845739557285,0.9118176510319194,1.0844448955523087,-0.047933481266593074,-0.67397499584661,0.4223891439628956,0.8183751396068316,-0.0025675107021236,1
1.4622982170219139,0.150243310051536,-2.0312121385421555,-1.1000328388089584,-0.24495385056446456,-0.03385771060377916,3.0652670076375865,0.06371479256436563,-0.9000537562849368,0.3807256398868219,-0.04579878407723676,1.6772991185475568,-1.2605065560484925,-0.5146049167882791,0.44525683488747186,1.186115414882432,-0.08210990247303103,0.2461532475498078,1.1390771978083571,-0.41082427704648233,0.027884925061152626,0.06643173789011259,-0.009786934354906067,-0.524440229209163,0.6810621197060497,-0.8986311592226927,-0.797201165150087,0.8862140792284675,0.17011665254588879,-0.23578182206525447,5
1.3891799409330488,1.4255741508845765,0.05130281231722381,0.05681448223373329,0.24481880974689665,-1.7841219737122116,-0.10317621890100834,1.1872584692814467,2.0637145752581016,-0.4516001565355461,2.2264509635594347,-1.1796849432043914,1.190596894581592,-0.1444999684036857,-0.7355349229679897,-0.9228756698940138,-0.7802013729820599,-0.17600191568365708,-0.33818697430971717,-0.5243463907891284,-0.16608400075068241,1.1866642863658987,-0.6567072803283643,-0.22221011536211518,-0.10470217832103229,0.9083679604391541,0.5913279234756253,0.5929080172228524,-0.13445788663016303,0.6133848105210791,2
-4.579703310934212,-1.1352206316667668,1.2816809168044456,-3.4799377769530597,0.5480272755593353,-1.040368821061853,-1.229467397292671,0.5805106521982452,-1.7034055476614354,1.3120940112431303,-1.0505247452820097,0.6944277990709347,-0.6002106950022597,-0.4674537202485776,0.11771164828313269,-0.23643731027987966,1.1127633091469709,-0.21025852024880368,-0.3115158535839785,0.5292709464732759,-0.35191890911236673,-0.0801924621428303,-1.313420159045829,0.03466813791492983,0.4087778589563046,-0.015775076751527284,-0.06357482143715118,0.6387102159113657,-0.06201614053483888,-0.49178839243572947,4
-4.6029096795715105,-2.320949699521883,0.3489503821418058,0.6713532181702331,-2.51172592312508,2.465850117774202,0.005605360882006563,0.1002032490602573,-0.4274603713811378,-1.492535673115097,-1.5409762639363258,-1.403854069252555,0.9309667439814631,1.2221585073751553,-0.1340123364358095,1.2764535533950203,-0.9599012958241564,-0.3545189832473076,1.014041326482387,0.44618096782846284,0.4116925121794588,-0.6889477290542975,0.10719179767132701,-0.22859920061647276,-1.7328368601541886,-1.4301873981960425,-1.8675125798110372,0.5194974818837892,1.0032500324390985,0.4340368183484776,4
-1.023673494695738,-3.9932905928512508,2.8171708733570724,1.66819752456895,2.0074647257063143,0.3647039046571941,-0.36655309377018613,-1.1701582586671193,-0.5283236978376965,-1.66478375113359,0.17616872003878345,-1.0142919277034934,0.44504642345010903,0.650354354624025,-0.27123163886032237,0.4149171893808627,-0.9552056058846843,-0.7528801350162008,1.150245568420035,1.3515930981012052,-0.4520978688611078,-0.24867407262164534,0.1555235196232169,-0.5039960034726446,-0.1266102801182913,-0.4439392702411105,-0.8144504004695854,-0.1483317852988921,-0.9791905959928616,0.6140697825189428,6
1.3946564558686239,-0.9135387258152626,-0.7149716792171374,0.9586935606962401,0.19522994011048894,-1.3868148733634584,1.0744545308557651,-0.7526169787970208,0.8091205105900372,-0.6485902275862216,2.37216611049148,-0.6792117529495028,-1.1493784542298413,-0.8673203861201167,0.9316978283180115,-1.8912314301085615,-0.47454839554929384,0.2954909765062417,-1.015672950597747,-0.9455890516723326,0.4770822657963803,-0.8056838637823416,0.14422730002851455,0.48167460775766063,1.3229180743245905,-0.45381852224281327,-0.5155308192784365,0.290157194757357,-0.356900849506181,0.40428643460063846,8
1.5859445310805482,-0.456205783680704,-1.9254447307627254,-1.6560749681380922,0.6121412179599512,-1.2026556876525456,3.862469031947921,0.42336785698454665,0.08047640662293919,0.6994067670821073,1.5958156141718514,0.79680738964534,0.7498565142939293,-1.9733880942568671,0.22834344880464866,-1.0284294994092908,-0.388245972643761,0.15628140199537222,0.630225053060033,-1.0841516228928054,-0.08284969619339584,0.20128067679014838,-0.2325330783300923,1.515545806421594,0.12005011998008006,-0.31914037334583284,0.5141069481207968,-0.2888653352651761,0.5205659215584043,0.853038749037953,5
-1.1034376632938434,0.4724301126455756,2.7645798432200577,-0.6731760637149002,-1.8055265194402288,-0.4817947520580508,0.35373389332342386,0.6595563688991499,1.86149167612893,0.9967703590325837,-0.5114404551278814,0.7130499899922037,0.38999487032324986,0.6303778920447453,0.27460645042823656,-0.6942060076470148,0.7465365842602214,0.13553293828898494,-2.215790142748255,-0.733638102945618,0.7715931189456666,-1.1762229707027554,0.8852528408117918,0.023674087718754542,0.6898888976990925,-0.16227723909145997,-0.27527617104097274,0.16547725770566277,-0.16639674197210888,-0.8168751574904808,1
0.5636445818251652,0.7487917755453759,5.0434934042120005,1.0726171520948728,-0.0299114859095256,-0.10449022763246799,0.031586858479194756,0.21489190008591041,1.3649466740510707,1.4197420115987147,-0.3748586284309406,0.66252229422921,0.3830938507757503,-0.35189389008893784,-0.6273983332594761,0.7072859574144376,0.18770833842995377,-0.44720939476415583,1.061537769181721,0.8692295224844281,-0.613212036639149,1.0543937835593782,-1.7518679204551355,-0.4177330773598382,0.3428793486037363,0.5223138813693753,0.5683429078512893,0.48958132648952174,0.3295727176508805,0.09357567006350988,1
-1.2582492553483744,4.323975775399874,-0.49053708243032174,-0.4976729236247535,0.9937857153720013,-2.100753944061038,-1.3603167997350352,0.07308453389449016,-0.27875255355868345,-1.7124395950267184,0.8069452589373936,1.0683455867658125,1.4580796969708245,0.5641344792413759,-1.006627780729325,0.7323934096282662,0.41377176565322477,-0.49716493063956785,-1.6845684707486668,0.49910064204705074,-0.08530033597604397,0.024937086189395764,0.7631354549585603,-0.8207147351415177,-0.9108043441503751,0.05293528066565704,-0.19284975734426033,-0.5050185035858132,-0.6176138025887775,-0.553152025164295,7
-5.104399177435534,-1.2968896150829272,2.579745035378682,-0.17594382131138686,-1.48295640461216,0.32369334776370096,2.5216901677083086,0.17319640023648175,-1.427570626218669,-0.3735856654931636,-0.6165855701441029,-0.20874635525055033,0.4766112472029049,-1.6371484499073132,0.055775168825796785,-0.3472087660679819,0.11391770041012625,0.3600816878279696,-0.006617784375342492,-1.112055721757986,0.29318482565858095,-0.21291346853989387,-0.15139028594804366,0.1743347015354064,0.6054273271475272,0.26374575448296084,0.15447942296709788,-0.7209000458603626,-0.043871404547205374,-0.4807079559079793,4
-6.666139427032196,-1.7376608797178261,0.07205134368006431,0.3365622193464944,-1.4089161247558881,1.1703254301954817,0.5179787222340481,0.26005817092303446,-1.7101092634698112,-0.026183202740795105,-1.8217133640676777,-0.8049452977057286,0.47580465006549294,-0.5917827438357556,0.8994562454271875,-1.1327945684555893,0.25328062702408344,0.05802561643418012,-0.43715901473655727,0.17865203357148457,-0.0771617740684778,-0.4250186434498471,-1.5451520142983068,0.9332367936344581,0.18725570269532776,0.6896643478956856,-0.8302434871913411,-0.6455583084373273,-0.6184763085654363,-0.03224552584330918,4
-2.371721118180508,0.4984295593761529,-3.8171053165402586,3.7820689220284898,1.0193836198479387,0.5702622123941498,1.8600393035849714,1.6588870962305655,-0.697635150439381,-1.5845603102493873,0.3564390579729446,-2.6907445377575008,0.26342484854158194,2.770778301222414,-1.3899067955893063,0.5070661068414184,-0.38512271963010175,-0.8348916699256126,-1.634168733009764,0.783444722263416,-0.6563919391297274,0.6475137446803366,0.17895449266485766,0.9595561939723076,-1.902229004545796,0.6985080996467136,-0.45615328229218466,-1.1604832320872371,-0.6842704832903787,-0.34403195084687693,1
-2.6313610837285712,1.5292094201961295,1.542816804238964,4.3049475200074125,-2.788796992742923,0.7203521098002585,2.490344258791696,-0.22602925267379292,-1.2447843916959973,-0.5583291665289861,-0.42026322846251424,-0.9959942374314642,-0.9768373565767401,-0.3404008996645421,0.34437252201349294,-0.07174552205878029,-0.4139757175539329,0.1468325732440778,0.34981445836617014,-0.838275162001926,-0.10968541407091578,0.08393873859596578,1.715581299224681,0.895590492496346,0.5976751508992278,0.053712173101160866,-0.7497230938692322,-0.2363103412244088,0.40335987944276563,0.3473986152529754,1
-1.1439290409446112,-2.0085780865292864,4.002792309841166,1.498755954053563,0.1854473952149864,0.8378377763913463,0.6749450561831557,-0.15725870068160955,1.2154999659602104,-1.1789950776986828,-0.1452382995493687,-1.643764538347237,-0.46716438417256334,0.5030333314215621,-0.31642976169026876,0.39979203826777115,-1.1670124569262126,-1.065894174869183,1.300324434611231,1.648195597811675,-0.5111308570235641,0.22682456661315942,-0.1155900500200169,0.23395126243133987,0.24257875234409784,-0.7016129218513828,-1.014503274210406,0.26377278824724304,0.1850903934481513,-0.1457447785708893,6
-2.5319451738731398,-3.2503187234667257,-3.2038138139788126,-1.700256288467701,-0.7295014155894024,-0.20346417060682992,-0.342308302768153,1.271800329207781,1.465393946814725,0.47167710470249724,-0.8000403319483683,-0.2514376278857749,0.898221977782892,0.887888666441639,0.5643695722344518,-0.022897950406995642,-0.36421026166460957,-0.2322768588537381,0.6013524322191601,0.44390085244803074,-0.17616405683568429,-0.2078237003259983,-0.18036269521422937,-0.0645409710152201,0.3757406812418141,0.9202508403921034,-0.24910658403956198,0.12976512580517294,-0.5119816308328509,0.5908179028878231,0
-0.8280604722822682,4.560320979484163,0.8838157433491607,-0.07339056595742942,-0.9277368294576305,-1.7328307018387081,-2.3848029511781825,-0.8703138916816755,-0.4828026436915508,1.006220487932272,0.4116824315255413,0.14176059863463725,-0.2067807305643722,1.6701996985545147,0.6275750311345067,-0.5500530840631553,-0.5817269749454582,-0.6578406000881014,0.3645627377963125,1.0635548811359008,0.630469426604462,-1.5566156709976786,0.33637650270986524,0.6522348759936547,-0.605658106528283,-0.3549831156586152,1.0570448712047251,0.5799246431393965,0.1840192293968213,-0.2490655167736011,7
2.0086744045159404,2.4039032718990048,-0.7587719454661602,-3.255008541662038,0.21664675361766741,-0.2644830184667763,2.8447370547348654,0.35762397321574596,-2.1733590417666457,-0.06733903158331057,0.04641731565673013,1.161089448506214,0.20592982303584834,0.703545683330892,-0.6378969723970062,0.2710458903716085,0.07286550956695699,-0.37376400630523826,-0.295285197130196,-0.3015328233553485,0.5114427844856108,-0.2719733565312885,1.1118924531000833,-0.5438282635349406,-0.14837500930464745,-1.5419915857945097,-0.02969584434289465,0.8941302492948574,0.36274453205148727,-0.45381047835166655,5
5.151311793303197,-0.3487960443866078,2.155824588578286,-1.4524209188287764,-0.10021159882925282,1.8759598583004526,0.3943077026243745,-0.07415392597364268,-0.25796729377638067,0.8930361436224079,-1.4292357999595124,-0.4641237826636511,0.9462654709781809,-0.07992128260812202,-1.5804951248088124,-0.006124840324725612,0.6384434548019756,-0.4018705670126965,-1.376044239390179,-0.022224945293752425,-0.8173585304903694,1.2249074173871206,0.5785701844418192,1.1900368625126403,-1.2810727123126069,-0.6334039028355716,-0.8845229164458533,0.6599673549743711,-0.42071783576005006,0.17582723423505503,2
2.6876074345379486,-0.3956211465654669,0.4815213506837678,0.5807248817255831,1.073532917655848,-0.3959506498875247,-1.2220439807578727,2.211623077562167,-0.3573867263536763,0.5621295793040758,-0.3924714390416489,0.18708943255687896,0.2925477126716398,-1.0238954218407188,-1.8597300734707831,0.3848357601376622,0.4846996680013616,-0.3982906178333406,-0.8069134256724908,-0.27003506471283245,-0.8065661094017302,1.188107993095358,0.698456118449123,0.13379768444533469,-0.5875956856642556,-1.3216023610966634,-0.8706614117918251,0.048732601268287844,-0.016876242544551962,-0.7127171239608376,2
-3.7821546969542106,-0.22225035652316988,0.9571147365397599,-1.823893556388281,0.9744207415076223,-1.4595614203045537,0.5061070087571665,0.5911641366914521,-1.0350645936269602,1.7115332342797576,-0.6527630671365116,1.9686558478459084,-0.5626566969171847,-0.20781385662270677,0.21218377890721873,-1.0955101938224383,1.7965014305300453,-0.3619702975406115,-1.1084456164652832,0.8671663467452085,-0.41495546287206453,-0.130017963603976,-0.8173138153698634,0.2997638534846372,0.6495225904432128,-0.5238276489431469,0.16883281662573557,0.6501306171655904,0.8693524321520437,0.11939726074249471,4
-2.0312033226120296,5.973902866860294,-1.3203031890722277,-0.025100287683131328,1.9259122592088294,-0.8805092096772102,-0.7975228253788473,-0.6667945087911952,-0.89583024060744,-1.5636943218567436,0.4229515351205755,0.47124399768746983,-0.16360946224890863,0.27537966648377754,1.0217271466651523,-0.38890142454729903,0.05258652131817955,-0.06179470679829016,-0.6251428365020525,1.2871378935590811,-0.3126456551865118,0.01599249872403007,-1.4507731764691738,1.5471217079527166,-2.170085183728625,1.249413845549687,0.397553315141759,0.28994492507969444,0.8920107866474053,0.47768716781773984,7
1.6556632226483858,2.3976672118107225,0.3349736278485646,0.8548210665108289,-0.5397006077819018,-0.1829529349319309,-3.2412671437415024,0.5908169664310667,1.1582234605298147,-1.234777669234745,0.32792249113418703,-0.9599375321845794,0.2813208390793612,-0.9289008754286565,0.026150982001986376,-1.544709633178103,-0.4427660794230228,0.34942757958716186,-0.1631167756929417,0.09877841271430288,0.17077516345071003,0.4717602077507935,-0.7611420083769374,0.0012837152945575558,-0.14158491542708487,0.20585415788607636,0.3732773911182955,0.40798287631603053,1.2511088815813292,-1.493130317901091,2
3.3204491308133646,-0.9144940810251431,1.2422096618011353,1.1561279281443746,2.1835073632055746,-0.21736086408477956,-1.7386058085261906,2.5076288790846197,-0.8591549283970173,0.3703980368140324,-0.795708046704478,0.9375338978696057,1.5654074182020536,-0.26941793126933095,-0.8040934392254621,-0.03214427445032735,0.015176040912823959,-0.1384036888998532,-0.2865764680194308,-0.5192517943524133,-0.8746849724086707,0.9608502326312018,1.2188204942743117,0.4467700542423063,-0.8762420410868254,-1.0237848095501352,0.0592363964134254,-0.17278796980599334,-1.18618443312805,0.09743438423125264,2
-2.7225663350818996,-2.0011144193520067,-0.855342714476698,0.04503253236414637,-1.1524162285078507,-0.5779215312508814,-0.5506896841443374,1.0818346590873387,1.3500145828831758,0.1403376821306189,-0.54553515919324,-0.8575142599512326,1.2624861749128709,1.2242745387434386,-0.6394413285004791,-0.564305043493992,-0.42938534498147496,-1.032232263185985,0.240545214491965,1.001811712549736,-0.22181457339869926,-0.38108980614143684,1.1541413683778412,-0.06380088876244887,0.8267330940813742,-0.8757114148149681,-0.2293147449220673,0.38563362182962174,0.7646611376615119,-0.01179832948067624,0
-1.0241536021832383,-1.9050379930410377,-3.8538247266269208,-2.146519231104616,-0.5813186804911842,0.7835542019972516,-1.282560303770253,1.0283230024598855,0.6040169388951139,-0.6848768430736182,-1.0333515579884065,-0.12372032847990248,-0.8426577721473615,0.06315014042388144,0.5629651629038427,0.3841862973035469,0.054206997646594965,0.3148877933415216,0.49122505286250506,0.12597832646773846,-0.19245991070431806,0.5592268941302508,0.2351757671533459,0.4075064577110071,-0.8254655395852405,0.030895834010430584,-0.1551251262292088,-0.6620331296022607,-0.18146015333084134,0.1634017360085876,0
0.9726434678785766,-1.3045487243692269,-1.1073862079507601,2.0711383224928697,1.3468507756522319,-1.3721815154598709,0.8954591514018547,-0.10990275748410842,-0.6117887224138995,-0.9897802885111733,2.5629921655793684,-1.4285212882723908,-0.4005957488131262,-0.31173257955842015,-1.617561820418138,0.06894665397746794,-0.5993829391505997,-0.09857080635849873,0.26853997555801756,-0.5971621555260626,0.3685734384981021,0.7853513686292155,-0.2365788614780016,-1.6624334680403792,-0.2901823667994746,-0.0342654647849335,1.5657601622350081,-0.028309062694002105,-0.43789773321795533,-0.23233080296344216,3
1.21594368040419,-0.8012679430554761,-3.273416415285987,2.3838202143711413,-0.44191620118568614,-0.11481959990494311,1.1773625020450376,0.9019605002237479,1.0055181929987105,1.8337402481609246,-0.5698984899622219,1.3389670933314175,0.5825763468322681,1.3699225840322566,-0.3060414311466466,0.657090470158157,0.8497454370962398,-0.2895756247629638,-1.2052909724573047,0.3673112496327837,-0.14053180809656424,-0.3558900567579871,-0.461830537612676,-0.3212469085475668,0.32463585421209573,0.29746780862598154,-0.016611948064998053,-0.44456678803690214,-1.0896894854911818,0.18716819150495387,9
-1.5273065189641166,2.1476403403743123,1.2548911336921207,2.9772740614747417,-0.6337677778716619,-0.3861808422160941,3.1607053625336285,1.6800520075591714,1.6344785470277456,-0.8042558952763507,0.9665472228827204,-0.03937202145140695,1.3144091946462444,0.8150415365517495,-0.2529327982675883,-0.334038988981666,-0.44165805026198746,-0.26059359789552716,-0.9430420511222006,-0.29938783935371716,0.16644332410010582,-0.18566687867094947,-0.22101271666543076,-0.2771085698596313,0.4829100703181175,0.520189990841521,0.3898418284897837,0.9049153969337075,0.1755717185388193,-0.7151174229478822,1
0.6565004093789335,2.526914001653346,0.6002452261670536,-0.6472975778494553,-0.45614583726482055,-1.9997180352848751,-1.1471561670776567,0.3647184024214551,0.5548078127063408,-0.5526901777053027,0.9422951761725282,1.0574894860016006,1.0913495551989867,-1.0325239886070514,-0.6265946272650814,0.06639834965781567,-0.13210875333693123,-0.24993293223840168,-0.29412029971641646,-0.3540688828293437,0.11578925219834967,0.439036827031461,1.0601898497221207,-1.1638560652878176,0.12926138698316617,-0.7798687168103193,-0.409611546411085,-0.14134784525078573,-1.484299967595703,-0.24607734899548359,7
3.728906193916308,1.1020355499907182,0.12191290048565306,0.906789168062015,0.4451446442198722,-0.1386375777746638,-3.097288804624627,0.24343158786722618,-0.4742790364495711,-0.7994439581659863,0.3362073706717871,-1.1912604797162922,-0.4219322613711438,-1.106221260515476,-0.047228932177212433,-1.8302411533532668,-0.4016290654371039,0.21891897247932912,-0.652477983598831,0.012326270791752811,-0.009398532201401712,-0.07181504113860068,-0.6188609569465778,0.16617265315735538,0.6657089973325773,0.10620323438133411,-0.49187720222943726,0.17467105757763254,0.24382736818406672,-1.7607281789071905,2
-5.754937601745029,-2.051194448991197,0.28238052049378404,-1.048261555011378,-1.2316613454828247,-0.06411038485378942,1.8579276062200087,0.3587782928881051,-2.2210155712955975,-0.20376594854573665,-0.7299316734392711,-0.8004755251466567,1.0420092348811754,-0.70741396481916,-0.5148178396481395,0.06542825374045856,-0.25363194927257104,-0.11489637038921209,0.8520907713749407,-0.6853127761805698,-0.1023776462664769,0.09905669341128394,0.09091407641165831,0.17445446951675256,0.06418237222984352,0.5829261547188069,-0.33323861132228005,-0.9693072559687598,0.4709559367885429,-0.09159602505946002,4
-0.026905245910040006,2.3069840851820675,0.3542790782428188,-0.3416308624852329,-0.7114792975094246,-0.7162320411920913,-0.4411794261242067,0.6955499713244632,2.8106104255486573,-0.13375831258852494,0.2928715913014936,0.45412855937782454,-0.3469504474891269,-0.39969360398067527,1.4647401355008869,-1.7257788004265735,0.2055513933927232,0.301302627456423,-1.3900815793820975,-0.2631606465160925,0.1738491867844002,-0.015689873147583803,-0.09650317307307317,0.8950715906619785,0.13266174641124365,-0.25574626330963124,-0.5440264671929338,-0.10099916605202962,-0.44967383275471107,0.0702700813250932,8
0.2647018952012928,0.8657448759845997,-2.0272942269596257,0.7171021576164138,0.0770891614033423,-1.3332543523814913,0.5845596129159956,-0.3269352221474731,-0.6059350533485324,0.06177832319185992,0.24309882567288468,2.4360878816442657,-0.7733659006141061,-0.863436170109619,0.15623541750477069,-0.5493259178200388,0.9223123152418001,-0.29133732777475563,-0.14691688256404686,0.5487257744729429,-0.09601884550610994,0.1450518641750737,0.6813978145223688,-0.6209329766447221,0.7634494554845518,-1.8786646490419736,-0.6440820874969921,-0.25535445742794977,-0.03387592324353741,0.3470774784924957,9
1.1121134652689844,-0.6765696968852367,-0.2250724313114714,0.7809297224052965,0.84042316053967,-1.3080773398802916,-0.4386517443215751,-0.03782724081129696,0.8613788830251164,-0.13351478255229757,2.006886083602506,-1.4169293274785744,-0.6133464219953824,0.04828809243350176,-0.2580787525532148,-1.8365763020176666,-0.05387349800371416,-0.4305994180579818,-1.8239859839148542,0.15461151697053452,0.07446840945929652,-0.35554168282533094,-0.8592858777463853,0.5930063254293877,0.3702238459217188,-1.64604677998557,-0.2595654426081124,-0.8133165885076671,-0.324119756790234,0.19121350942746673,8
1.129350329075353,2.52595951909845,0.17949731434570107,1.508693917019388,-0.7700137684578576,-0.10937204886594824,0.169313409206852,0.4743189244560213,1.5502541689662328,-0.19728216627693673,-0.03737023929111544,-0.08521754402071029,0.9351446777771546,-1.6838874850103145,0.8464796661810063,-1.7139477363132665,-0.352639581049333,0.03128077531329245,-0.13725420611193478,0.03162326060937634,-0.4600814393947996,0.5228213483852239,-0.11783748873557681,1.6740740537889756,-0.04167173186323271,0.870822418872482,0.2899264397120808,-0.8342745830777506,-0.36603201573477634,0.48426010359890787,3
1.1065347751464512,-0.5883926580741414,1.8889568481520302,2.231909333625909,2.842188506411936,-0.9068060361916339,-1.1845666109344073,4.101118958649831,-0.9678453370131741,-0.4603353021653587,0.3374165280881003,0.09431207698932112,-0.8466843415262357,-0.023852692793368747,-0.40364013995069337,-0.3703009589699463,0.045913959032937435,-0.32074612194281354,-0.004321286010657168,0.36026652674271215,0.5350875289557504,-0.8275153026603282,-0.8331589485663722,-1.584029304432463,1.3602099888468815,0.19246211602574068,0.2934185760465918,-1.1409453295886922,0.5134344120739689,-0.5512884594673287,2
0.6122435250167307,-0.14018975280557436,2.2915237958915413,2.239497526810565,-1.6195822595532499,0.1485312015262063,-0.5312118848643326,-0.4340642162940546,2.706789345536242,0.46097537902828956,-0.6910114785068608,0.4601661377045162,0.07054045543579181,-0.9012239944102732,0.36449352050343753,-0.33958636863224634,0.20319755337443318,0.0514512926320399,-0.10839197596068356,0.3906700520319304,-0.22209394603289806,0.10933199219266314,0.8694018400024986,0.5698836465286322,0.5370589280329338,0.3047251656757611,0.938746946387896,0.448665429377684,-0.3114113264820489,0.43639207391175794,8
0.0996843216006427,3.5787116933453094,0.8628140138387754,-0.17349590502521928,-0.8386456079207266,-2.0874753074742958,-2.4926688969733948,-1.2347651930640144,-1.2756801297141953,1.2255011285662636,0.9538088102301252,-0.10674847549112952,-1.1125091054011258,0.5642201286158803,0.1533792239544654,-0.4401767787698786,-0.5498932860096366,-0.5064834795968424,1.0722982769351221,0.7041057828196905,0.29229555808102275,-0.6384958686722635,0.2899397868520402,0.1644832017862133,0.01507614401887956,-1.1425756481448168,0.5385521964411762,0.2968276068938326,0.17441105647034233,0.2850414741320417,7
3.8336859925632396,-0.45699906577637023,2.0447068629395093,-0.35675356002472636,0.166106111490658,-0.3423539146721481,-0.36039946387242944,0.06106359154605064,2.028941806910213,1.4602027363002594,0.990600267763479,-1.209310547555316,0.7666830209993053,-0.02493405677233555,-0.7630558700998559,0.1343727427813711,-0.7010914632716926,-0.25371208365005277,0.07258147639498756,-0.3505874286098122,-0.06863487842813665,0.24892760600958452,-1.49395901859441,0.5395088395251153,-0.6005392230779399,0.353984084319604,-0.21362989489981732,-0.1468182978421925,-0.3855669893864582,0.01684326812781249,2
1.263260359102633,-0.7646338631486934,-2.230240275651554,1.5540101485406057,1.107659789380564,-0.6325699274421513,0.94448085385532,-1.5145153834852232,-1.5799645393049375,0.724866228482896,0.48470372084256663,0.9511165767912249,-1.8395879071380485,0.012022814982153688,0.5559740231891868,-0.6682252999883155,0.31462667877183426,0.12673466723544133,-0.09760216220126045,0.4333236152562903,0.4069714986763616,-1.2473466669002857,-0.46386192556043615,0.3926498182403951,0.9770924496499059,0.005827959384840046,0.511292399163587,-0.4843210646656651,-0.6773778148065678,-1.8225906085836021,9
3.28660717545432,0.3981556941621201,0.6805853875255665,-0.3328094807085362,-1.2841412411113275,-0.3726950126761007,-1.4911623076854994,0.25022478860584185,2.8480551644226537,0.4575036524585591,0.3077088746848911,-0.5775333301466684,0.8458318413342263,-0.726103286906557,0.23028815664662755,-0.6045209150358176,-0.8307738949068698,0.009734160778436914,0.5086888761116224,-0.33877446156080554,-0.1317958486281072,0.382334992244241,0.08801964452894617,0.6042465782710498,-0.2116569199175107,0.47542091319768875,-0.507533091792109,0.024152844018151622,-0.037345056717800244,0.42914340716887606,2
1.145554571889149,-0.40593273519470924,-4.227905856918715,1.0804206484073415,-0.8804130223699339,-0.11894509099961514,-0.43833894763223147,0.0576062234959779,0.7055478531958278,0.9893980496977156,0.0012886238249039496,0.07229318267306561,-1.928723518403175,1.6929519509054205,0.3486522932677381,1.0167259818815193,0.1620084178242335,0.0798065793257067,0.36856030930353356,0.12366308776148816,-0.2736056238928219,0.3900594552944773,-0.22354562711857648,0.04380070912918423,0.09185848552919268,0.0446117743148806,0.2617196655459167,-0.1501211645870555,-0.05585582029093024,0.82835984140661,9
2.9209747213019304,-2.755989146099032,3.759312653564059,1.1745044728142915,2.192948539390179,0.2727150390383794,-1.7693801758206127,-0.17579609647638603,1.4304255796030099,0.4502986898771516,-0.7974113119641717,1.7663466088910507,1.5532856475217889,1.4947303551382163,1.6131433741798302,0.22761305058419717,0.002780155812053209,0.9838291415461544,-0.08592224353913905,-1.214984497239649,-0.8498780374008593,2.3189327022391257,0.5418503534600221,0.8587006578318632,-0.9144082687434012,-0.05305212568886536,0.0005210282401518363,0.6478016219196189,-0.8648635047743017,0.21876728600570575,2
2.490275629637873,-0.3280263824313917,-1.6466868300661637,3.193540398670251,-0.8480241514597127,0.3329301516855,-0.4513783138909409,-0.6650044019635419,-0.46848743658802705,0.37686335303063645,-0.8561700438024268,0.9313229926223348,1.5638700213116217,-0.9590946460808255,-1.11167111093012,1.0227459533452037,-0.46123055889062403,-0.2005306825837523,1.4787329663161564,0.24061742252936577,-0.42232784401551304,0.38392164044511157,0.9368893640304702,-0.2062273896694729,-0.1830184757029511,0.16898417529457546,-0.04796195483449945,0.6551510594331875,-0.7102396117365742,-0.8360006982215872,3
-1.4249636016581577,3.5737065154559207,0.1804432774903372,0.23504834588691687,1.3303511025132881,-1.0314058574684772,3.177862198286645,0.07766105512307664,0.05477035136930304,-2.0727778748287533,1.7680635431790255,0.39361099612156925,-1.967932264866527,0.34658188039899895,0.4567702014773019,0.881925129868155,0.22208854847435375,0.22935943278296694,-0.1736108293684369,-0.3509663595065287,-0.23985080788980423,1.4807566952624518,-0.6521580000104559,-0.5855289370023602,-0.710259151764536,1.4588280812993282,0.18350913673465044,-0.8390680374104237,0.13756145303082729,0.8079901195494302,9
-4.817498445330851,1.4311835719365409,-1.26987846108582,-0.7812436597089275,3.5638023515057116,1.5012728420708894,1.424685012410365,0.03908504419085646,-0.4629160723640491,3.4602965327491364,-1.1315242488432964,0.3334723662689516,-2.206804869383198,-0.8520032936028993,0.6595884469295257,-2.7918009591928996,1.6762017077585654,-0.11372331314593112,0.24125429108537347,0.17621017316707105,0.37144006959715686,1.0693356797907274,-1.412792895858087,-0.18751681468985973,-1.652746561634621,-1.4297781451998366,0.950706867834458,-0.4068119101585162,-0.693787787818743,0.1390125320926361,4
-5.13736107879113,-0.34280878170957135,2.196250273867903,0.4447510113806664,-2.45471226336501,-0.3361195586624113,0.9561686054717873,0.4951018609355058,-1.6444818082919204,0.9046114601111811,-0.7372722627013281,-0.9411085222064112,1.0711687116680515,0.3664797026321071,-0.7249267779348926,0.5786140558307707,0.3329361950502049,0.23638698943292835,-0.3703872704461167,-1.6847290278288019,0.27554067678695443,-0.046759768402565155,0.48325194296511753,-0.8689602068576865,0.44316488983547697,1.583077642817722,-0.3854830862858599,-0.8918147622349842,-0.2667509944766356,-0.13629248982341255,4
2.77122874430577,-0.8390209035370295,-1.33637648353066,0.6866745634921201,-0.594464006133335,-0.7080639885546135,0.2684070191503496,-1.6245805630374768,1.0981310835289093,-0.021720276587093707,1.4433867317837121,-0.36415846953337794,-1.2396764035072803,-1.394001653807186,0.8532680226134952,-1.2078082372958305,-0.10379475983444483,0.5350114394424045,-0.6700930336336719,-1.0197045376574474,0.028002417929586024,-0.2440164570954901,0.04508068096163906,0.8428632674188065,0.9329491852583917,-0.5930657834426823,-0.7302591785878468,-0.6610025360170498,-0.6302196961061702,0.6841793375509714,8
-1.6763791066667573,3.684112966421874,-1.1094892676181898,-0.4010305844320008,1.0207947781788163,-1.7877323462534236,-0.7586151715652959,0.8206037902685472,0.036670511836988176,-1.4494110521414678,0.6471794176898298,1.3969674924924647,1.3928044622274987,0.18905760914193226,-0.14537226880284368,-0.33565003224397943,0.4234714396876681,-0.5085483051947567,-1.0931003438673936,0.9229488833259802,-0.19907971885615244,0.32221960848613457,-0.7433968044987275,-1.222812255910744,-0.11880774635296962,-0.09251181154131931,-0.9508152300438866,-0.5978014063597383,-0.8297794887751794,-0.5872842421742432,7
2.2948493097408154,2.1255345206027303,1.1498593718369479,-3.2271660210816506,-0.3982165106632876,-1.5601526178963678,2.3552019331712057,1.5181164793436053,0.5158596453881293,1.7619392598512449,1.9328329344891666,-1.228723263908036,0.5118232129981456,1.6111202525915382,-0.4516141647385294,1.090254456209063,-1.4773993036099033,-0.7767183934636221,0.7617650912912798,-0.8023204766335148,-0.2644822052426524,-0.06709177592747145,-0.18747021430586225,0.5305436384985115,-0.22139836170671404,-0.8508907571061817,-1.0349887917645837,-0.6078214756441955,-1.7024042710435356,0.4563062477862919,9
-4.124911154236433,6.202328037788979,-1.6347382252314586,0.018103522570697857,4.75171117287167,0.8697187911405577,-1.3004284261892027,-0.8718175845054252,-0.07020463693396552,-2.5980895316254626,-0.741195281830358,-0.44506628916258784,2.35438810373893,-0.8238893573698914,-0.9053085078407797,1.52648185398053,0.2426422388122113,0.3036385269945691,-0.04291329576143117,0.4011474293048869,-1.205376880523877,0.20237336975770084,-1.913869055981696,0.9768975308311537,0.6578116275987024,0.9705933500167799,-0.8786241404123193,-0.4377781453017603,1.624594773120998,0.5400882124380781,7
-4.80206455191849,-0.34131902285430876,1.0446795802001112,-2.5444017494170565,0.5078399785729865,-0.8520698803394333,-0.4274262583465131,0.516071843930545,-2.020837235118223,0.6490648640933195,-0.9633017969677673,0.5556535383228637,-1.2365954813731765,-1.0042213647561535,0.29645282422219743,-0.5689203928211203,1.24336978673807,0.01918458611192082,-0.2634056649121982,0.29177863971699497,-0.5123636331635808,0.5373555082269739,-0.7482083688859887,0.19198086992469995,0.48929138047294296,-0.013780070681218724,0.27401493795894544,-0.13215743721814643,-0.03436713575018057,-0.12389629448045902,4
2.9440088490488936,2.109873230404324,1.207031892387011,-5.290376079716327,0.11192459450469282,0.351787575319316,0.6336988389987124,-0.947464023646646,-0.37618830940652187,-1.1184682055393955,0.17009266512310647,0.41390094079456907,-0.15230265315765887,1.154239511441671,0.6185525095824479,-0.04498614505498108,-0.696380390028103,-0.7095865595072366,0.8196707513048779,1.0065866017240588,0.5029344339074118,-0.6452879045576679,0.2565111316430886,-0.49930899755277347,-0.038627059002873644,-1.0754430455346893,-0.8032489593024079,-1.078700423498121,-0.35179901065699887,0.13053938508815,5
-2.8749577621173774,-2.16278771982285,-3.1005508198987606,-2.760432854687973,-0.853742327430965,-0.09736155443407091,-0.6626380459232225,1.384727827696726,1.2451543661238793,0.43497316815606946,-1.1931485710361747,0.5832867149266306,0.690634239609637,0.5203242084489549,1.2747287292831708,-0.22168293785954055,-0.3516250646009214,0.028581839684324574,0.1752658010389117,0.18053544133200378,0.30229213298030877,-0.934163749150668,-0.11210072189161022,0.421404881534248,-0.21347731515678944,0.6527805192744284,-0.5319790397951475,0.6938750890691763,-0.6972149137126827,-0.04890452728449569,0
-0.5017293999672299,-1.3019811009904372,0.9822630585633474,3.0795665464268542,-1.096319738501099,0.03584548633467973,-0.4645180128442821,-1.0143003220587614,2.1039195722510984,-0.2726693279429984,-0.03977316334550528,-0.3516200947207675,-0.010812238910641916,0.047722272758252145,0.41721382872314333,-0.9716385674049152,0.014224849184214069,-0.04842228832422637,-1.0131478733292085,0.4796363982778668,0.41954803832205695,-0.9688147171234639,1.0807065168131997,0.3157029215238521,0.39347343086449893,-0.06491028294734437,0.798669231696675,0.3033100657944849,-0.6258933405402939,0.021916113601220644,8
2.6117643897990552,1.7737420753758293,-0.1453389458782044,-2.30210102516351,-1.2930901422075647,1.236590728239706,1.64648724242218,-1.1004714221897511,-1.8924261103310276,-1.2471213859522037,0.455805617427929,-1.194650410887615,-2.8638261292433778,-0.18617805438201246,1.2882452982037338,0.7507483444515037,-0.3939447447910599,0.8225562566376785,0.8330289875606841,-1.3361452781602876,-0.41185063786277176,0.8622137328465272,0.5470359086201309,0.6785651895868277,0.2861195431691741,0.38014648180531807,-1.9223262389669393,-0.6469758243171388,0.3207889670439685,1.9013413268840984,8
-1.6146455705488512,5.948290752191531,-0.7792782208101905,-0.3608948360997113,0.8374570242375415,-1.4129956918487827,-2.2119058668067955,-0.8507161309427234,-1.307446844666483,-1.2410954345526677,-0.013060888751806348,0.9948308015546762,0.7889086430412013,0.017078007966918187,1.0381090076428656,-0.5340615347464918,-0.11578758230381467,0.07562978266411775,-0.6064047994259549,0.7294389190334034,0.060921501113343414,-0.8173677425185631,-0.2061922103558519,1.1502665555694782,-1.0417821328457633,1.761331037646873,-0.4404907301746034,1.2143163023592756,0.6972362173845656,-0.35540425686602556,7
-0.35627737740570525,1.599156142183607,1.1297866672419554,0.3738732100873632,-0.664995970494856,-0.3156008978693541,-1.1694545470785318,0.5370358188613631,0.8027474409480517,-0.38631473496880553,-0.4301405140906626,0.6114898168401998,-0.2920585763224613,-0.7608093048564618,0.5959233477545078,-0.8326539341398549,0.29971278264317075,-0.06853758805983347,0.45553714831213704,0.9184346276013685,-0.45457335720259867,0.7681758325276907,-1.080307204879471,-0.803304115786809,0.5943881920939603,-0.630092247920977,-0.7466357476627185,-1.1043495729218114,0.3890961274590817,0.008188126157455596,8
-1.2513205873918527,-3.3628927941571654,-2.3603541489647455,-1.3905408215884134,0.03247790490483738,-0.18914970935946374,-1.3841305618049125,0.98313439459522,1.5697902727116986,0.0823001005091198,-0.9012482763108508,-0.8517289720929744,-0.15845417049043173,1.3645830605286489,-0.5979482590058405,0.5811801687692575,-0.05977169770819832,-0.5856641663873976,0.12743396982871397,0.8169916553588759,-0.6222145142456595,0.6134851660387067,1.2186256848700987,0.5110146521903419,-0.4131167454318469,0.8627823294436816,0.5383408988987611,-0.5863467471541542,-0.35708337878418017,-0.19906428798359524,0
-0.8180411132263004,3.4520399898184304,2.980431831350044,3.026314856855659,-1.5759869167771472,-0.5144305980606033,-0.05160661353905723,0.7327400974404865,0.6414148517780708,0.48144585866816575,0.10269225102215046,-0.00013568702773764834,1.1022695367516984,0.3158022464311889,-0.2931611014973453,-0.2046969567938423,-0.19163325900412256,-0.3524273654756398,0.4047923333255471,0.44702408241697944,-0.19495852218540605,0.5103993181027983,-0.8331527754105968,-1.0420122338469082,0.4770685430693036,0.14100772116274418,0.1922244762739774,0.2717919503941458,0.15648357603152876,0.4747166470283845,1
2.749462811013463,-1.050710415679436,-3.8824375529705986,1.9074080595660856,-0.15406227916290444,-0.288684475206114,0.34658026387980173,-0.24243495350538416,-0.44125698348065207,1.5320110766945787,0.9922469379056316,-1.3845563831031629,0.3506536371328613,1.8189472822952384,-0.38194016704472705,-0.3210219178938262,-0.49300337520860943,-0.19285834345291727,-0.9752879525293912,-0.45190672976523155,0.3240202245146703,-1.0395507176270022,-1.1414681724911449,0.11722071389812178,0.40838025863550864,0.07786833770014735,-0.41315813104456683,-0.2385165534010204,-0.47418352112364426,0.31356821554647013,9
0.9738255758324621,-0.9439821672739307,-2.247681492141269,2.500101152125166,-0.1471378289483167,0.05966409649960639,-0.026185746868665018,0.6628684349047873,0.7771228153524031,1.0076944370664813,-1.1053936193705567,1.4211988563251783,-0.4211333380156708,0.7002204748096805,-1.056115638909155,1.0081018840117675,1.2371373753456978,-0.41671569945158554,-0.900979266184171,1.007411606239275,-0.5525771691938149,0.7224172984110686,0.3638123538271082,-0.44238559792933857,0.04513478489978615,-0.7705203395855226,0.44035783112813875,0.07548835769587821,0.07522881496964423,0.11950998294211831,9
2.6009203705242046,-3.2344326234763945,5.992633794185133,4.9126087084501995,6.427493773093237,0.9623504879366546,-0.9978625272531402,4.748058106381855,-2.604805245411015,-1.17068612631353,-1.37656691952305,2.5563007532226036,0.4473037854934167,1.426173188974764,3.6168276295563198,-0.4882173782779757,-1.0821810454950413,1.0499694925800056,1.371736486717446,-0.8654454965896637,-0.09013125376973621,-1.6313059970977408,2.0475315618357586,1.3609891281995108,-1.0177549394402106,-0.08772188881355601,2.3203896460446334,1.3944250770134432,-2.111258553836741,5.10207041997487,1
0.9112682193470378,-1.1747740900230452,-3.410405967465423,-0.5196061579990637,0.03599996347250046,-0.2787442885807084,1.8183432036513387,-0.4182739022184486,-0.7414807198518873,0.6753933717142224,0.35016393815149965,0.523717167663688,-0.6596675839952599,1.068494597728056,0.05310873750800584,1.333435039180277,-0.5275096946026657,-0.09794305703891816,1.2876237255150829,-0.09889097364883634,-0.07812776595833008,-0.1171480698053248,-0.5521126167841558,0.0693630082244057,-0.2834410029332494,0.29351956710538235,-0.7412719400711867,0.6755444755426199,0.6535858380989978,0.11104026899681105,5
-4.4030489806199595,-2.352474917343088,1.2047726639236922,-0.018373532396042405,-2.3527509216973646,2.7204393552582395,0.23318331929137606,0.45939116274198366,-0.3490978929954966,-1.5656112774223376,-1.5573765430766666,-0.7743685788800202,0.5308495130266754,-0.01897384111045481,0.20632207378682635,1.1819541048168007,-0.6064030961155162,0.11955313906356108,1.3037959513451929,0.16380640434157231,0.45524008754732204,-0.2731381613286412,-0.6604950168003322,-0.7942089579445261,-1.193666779339186,-1.6847558778279688,-1.5078689057487795,0.3449235707012703,1.0367436359881623,0.7036006209669913,4
-4.918008893147866,-0.1898058403042811,0.6608757041309858,-1.5293135160607971,0.25233500694305605,-0.9474220187554229,0.3660561229358581,0.6756103002533491,-1.386157444658589,0.819417488607344,-0.6996259671465904,0.4552745130517522,0.3186257584073224,-0.37318029096724464,0.04563339683865791,-1.2623169543471222,0.8688564844868731,-0.49776458493360726,-0.166513658000468,0.8133902908054856,-0.37958238582010795,0.052639117895851066,-0.9605773157353094,0.021374263339337358,0.7553842695718693,-0.7432831904790045,-0.36029501530115016,-0.4450388193954688,0.34094958151653004,-0.131902917459611,4
-0.6154794450217662,-2.0240245528220573,-2.8610388764552024,-1.2372348055536728,-0.7364364341397306,-0.8484905904041249,-1.2123569964076073,1.39818170581677,1.3262552501813023,0.30975467281311003,0.004608013438942706,-1.287403843592012,1.4225557292326816,0.6388123927552601,-0.7833531344372928,-0.13837200081841686,-1.0401325619820396,-0.5409873924971177,1.2436717233708123,0.310146151880701,-0.28149727802375213,0.4619846950862597,0.657546681767285,0.052180599117549166,-0.05175914055800032,0.13088782194250198,0.5988597145077194,0.11311099659562464,0.6279870472438756,0.45729012556377374,0
-2.904284051016564,5.185409812629071,-1.609426796426485,0.341433217573156,1.8777102890990878,-1.2192225358542812,-0.6333209339194694,0.28883557203926763,-0.30870731331921264,-2.3223217230419295,0.350974981421806,0.9380942223686968,1.8554082856657432,0.4716135104015969,-0.21959967481998233,0.3148155317745501,0.3691887828824008,-0.25858667734212837,-1.009098304645669,0.9261469505865232,-0.3369751942269951,0.1881354137887259,-0.9287446301771213,-0.31962902400826104,-0.9904765128646411,1.4884887874396235,-0.23612753462023103,-1.218491569585483,0.7895850701553626,0.23178323123442418,7
-5.547771091710163,-0.627574616098038,0.5875130173846914,-0.1676546245456702,-1.9812890305229074,1.6392265919617557,0.06737911350428123,1.4760708558091087,-1.2146167257193263,-0.9466324218804956,-1.5458480764995899,-1.4128833020195188,0.027626903419296012,0.09854667737584308,0.24396789885717537,0.35330286842647984,-0.3929153005907101,0.06908767172950156,0.6410806507071698,0.10659288200667973,-0.011234500167756272,0.10796696824136755,-1.1010058270100735,-0.5431474691997314,-0.03920987016527941,-1.0101862112141802,-0.7987041701052413,-0.09399232658906,-0.05980190353994417,-0.5176629812322256,4
-1.441714825818839,-2.1508702942259084,2.3338897473485765,1.788741572420974,0.8589942991019491,-0.16814493029967884,0.908862069215677,-2.228105674371505,-0.14291397718494644,-0.4809642923797942,0.25424641821274413,0.6635014793465783,0.8217159630508812,-0.7571703280088703,-0.9319476335267112,-0.22522079301564835,0.4755966903505061,-0.8664902697129736,0.03195605062862236,1.5232341698128147,-0.5075729599122082,0.3718635836051265,-0.6910730826335417,-0.21186427137460556,-0.4498323454757856,-1.0043417450689978,-0.7305288804173032,0.46194069209874516,0.2891563093984994,0.791570200315163,6
1.536184179090588,1.7090668229261492,0.02292511824987305,-0.5017109998878968,-0.4894068785636947,-0.3327990598799721,0.1383024682027954,-0.3974049822788788,-0.2918668139046932,0.7104483404003048,0.25134322869544307,0.12084242489441313,-3.0932048754045547,-0.5384758247433529,1.2590803434801479,-0.5108049566258868,0.17702444712651488,0.36672042526997284,0.5350608489743153,-0.41650597020480573,-0.5426806816954575,0.6334329134402119,-1.0306591212490883,0.6897093796188047,1.222154217910324,-0.54256606947046,-1.4902120787751878,-0.7873138428808927,-0.1507091414624411,-0.6451850671061471,8
-1.9411036400188946,-2.5277609752395787,-2.4101180288847215,-1.232934191784372,-0.5062907493584229,-0.7911207409266512,-0.5828562120980475,1.5120772468829708,0.8092933224990625,0.8418851485249489,-0.5123304506982281,-0.9155222829476897,0.46535357654279064,1.3436573565988887,-0.8564139827962306,0.1707550532470052,-0.18066757750515483,-0.8614169996899775,0.4836207864570397,0.6783093539400283,-0.6591210780917078,0.4699053327991502,1.161479579045617,0.492618270198775,0.25795687286854385,-0.4197783476651475,0.17441028465607603,0.3785309494252676,0.7639102225889997,0.7570061684540934,0
-5.382163026836983,-1.2728292944939603,0.2517863913751402,-1.1364863155976137,-1.4620183381182423,2.2486349627388313,-1.2223001533343452,1.4223788042178054,-0.31381215669088125,-1.1158858949852575,-1.8013774355357515,-0.51348201959076,-0.4525159921697901,-0.48741259526723624,0.9454871049813713,-0.44298729475830817,0.5443800623412256,0.5586454402923767,-0.43096798093307176,0.2571302324578409,0.25718162802906797,-0.0014978826542042278,-1.8027995870629934,-0.5331920260593087,-0.4873421172689617,-1.8428599514978052,-0.7412561338555889,1.111921433584752,0.2372592536518632,-0.04203615686674273,4
1.1535339614425844,0.03900946771137249,-0.7795031971331471,2.0651940675878064,0.34643067932007005,-1.1016025146014812,0.5302442485865043,-1.315299253108628,0.5515817026194798,-0.6639698201035271,2.080381813359012,-0.6989197163253645,-0.3666225724753502,-0.39537090714828926,-0.2741126313812349,-0.8518544567978918,-0.22553852987920012,-0.14256332326154886,-0.9077578515682849,-0.12024758119708251,0.0919041194732357,0.13606433123307415,-0.570904850329174,-0.04111997154020529,0.09521103122149209,-0.7272261687347803,-0.12332630881999596,0.40297712189644413,-0.5994881847019347,0.7390523645279486,8
2.8139494632463458,-0.6407700208253849,-1.2084044860588345,0.34028702501742863,2.4910971181277226,-0.8337632849746072,-0.2762513905136953,4.156392276832642,-2.481438145523033,-0.07852209129469018,0.8574915718788264,-1.4875077835691264,-1.1458925059140328,-0.8125995170055619,-0.6872651695467724,-0.17537491070648403,-0.7871217580456034,-0.17222452119958168,0.8374164481355408,-0.3171106388212839,-0.07630714443038043,-0.2671243022600101,-0.9575126796228425,-0.2380847198240088,1.3617038308045772,0.05906328618102775,-0.9627551196221936,-0.69294976025363,1.289170302820435,-0.14263584279058675,2
-3.688765271771617,-0.8361807070116055,0.5290501643526353,-2.2465061302121403,-2.230024039721488,0.9044281330293035,-2.882676148202457,0.9699093412281168,-0.909788214461453,-1.482162223946096,-0.22418373671818145,0.4185247508277132,-0.19093474075848402,-0.6683715894561649,0.036257172587085884,0.9630431317027273,1.5793062081048515,1.7866989859089342,-2.0793605530396553,-2.374663009389568,1.194708332754667,0.2235432398806224,-0.8278711586387201,-2.95131513120721,-0.4698759521242059,-0.23868611768537373,0.30427399368960656,0.21513555113779317,-0.34583324525665105,1.114274356982677,4
-1.0010655527106929,-1.4801847878418506,-2.2963796091093958,-2.090140742829529,-0.7026794511582756,0.10379989916115093,-0.6397964415461084,1.720496111336153,1.695251157006708,-0.18972202430122553,-1.2814720686403998,0.6277679890160442,0.050223869975202756,0.1646555777155496,0.20200592431810152,0.5695407945662561,-0.12119790911034276,-0.29677417746149,0.8972299693157457,0.6193308285694797,-0.23493742238233947,0.3068228714426147,1.1802710805823196,0.13168023953746413,-0.2659744653367918,-0.3040307760371668,0.4048394989261963,-0.630162955602544,-0.17817380989993792,-0.3447276313508745,0
4.103677729167554,0.36473814439097363,1.0475786197995107,0.2706416416711851,-0.8644227814767437,0.015575780129167266,-1.2184445456137158,-0.7454382845410337,0.6810003088792784,1.2416409539057411,0.05563352547454958,-0.5249712375790411,0.6863957053818569,-1.3394102286308045,-0.6815277635754918,0.31545863068746854,-0.9043043962066615,-0.07925881890411407,1.3707475930110702,-0.44674430474199633,-0.6107493218850587,0.7077779413770078,-0.1977623469399234,1.148971777549996,-0.5469562680592199,-0.21245627622619737,-0.515421293772341,0.8007266247467626,0.011602600897770878,-0.05189234784074257,2
-0.989562876010701,-4.8199724509370165,-0.2923999235583627,-0.8654397401367541,1.4949947979308578,-0.7896628515053856,0.2894080268579727,-2.505521321397622,-0.3904266613874785,-0.12971170822988035,0.5436168490347754,0.6202250108468967,-1.2862971855456702,-0.5173929284898632,-0.37584920513892217,0.3715527089039847,1.160133677349187,0.40888791686043047,-1.2264005131623839,-0.4709040682540114,0.05083716294664232,-0.1528547790013665,0.3374793704630597,0.11205724191347877,-0.2834888083112879,1.0927356143915663,0.23677800288347006,0.3975977745698945,0.31277721415773985,0.36140322298437755,6
3.0826576893878874,0.5270443522557867,-2.009473064141718,1.8994783636059138,-0.855330579201321,-0.1315292969792396,0.5458688669083243,-0.15719076724138303,-0.11217397781390322,0.9382543837092896,0.020457810243881845,0.4878988387046739,3.175094292047442,-0.9923210295142375,-0.8434925089839056,-0.3973935737465037,-0.23928489454884616,-0.2835373812584133,-0.2548703114677482,-0.5855017613483003,-0.19049949789058052,0.057187018542148714,0.034195848519858386,0.042259631042015376,-0.7090907472338067,0.48842580613841796,-0.5070151347643116,-0.4933110616194494,-0.8141728559328784,0.9194520250428543,3
4.421588170259303,2.8442978850838645,0.5171319627942701,-6.134277121276157,0.349594046856547,1.2364049767318663,2.1571989318801665,-1.2898514013999165,-1.9543923165036763,-1.2817866873533108,-0.015774758462164116,-1.9770435314061803,0.5650128362274668,2.588985481856477,-0.6454572973389828,-0.7260205717375995,-1.0128250339356768,-1.2228123078997226,-0.2645370265985114,1.2931669874150977,-0.0881831024287892,0.24712812444143265,0.6677635612075148,-0.03606409728662348,-0.05865438311100659,-0.5611857216712568,0.5882197126575546,0.32863550728402136,-0.6372179210308435,0.993523695695665,5
-4.989082849992957,-0.1733979992600168,-0.15427872248377497,-2.0525013402486074,0.5054952002419678,-0.9546881835280154,0.7326080016360488,1.114947156177584,-1.6713177196108817,1.431411158623788,-0.6183977206007925,0.3892782326420462,0.5594526435969499,-0.5025509165456543,0.0765127743534892,-1.631858548864097,0.4848353986819751,-0.45935357216711936,0.5762213866879652,0.6241655633222726,-0.1518202862504168,-0.10450831127499297,-1.4072899270576338,0.7640001318670899,-0.11635963708253752,-0.3959022698962721,0.5471360119959194,-0.24203949719126128,1.2000827587193614,-0.3307767615319171,4
2.2080643846511645,-1.1501477608543398,2.742140548020778,1.2125368109847463,1.9399922880739506,-0.47651527565132157,-2.175328777792647,1.3696016784303944,-0.47795733515722566,-0.20514785006053232,0.4255452685173216,-1.146451415233523,-1.26577469531879,0.8566371333101509,-0.9309951932430904,0.652093941822256,-0.44977347452787914,-0.08665083191142334,0.3246130655596945,-0.4494526955361377,-0.06741231976260309,0.6064614184375537,0.7582489969378206,-0.4488042284331605,-0.627784508033043,-0.7238478482600268,1.0733711682473335,-0.11622480806730914,-0.13172776391217964,-0.361992134402596,2
3.7779354000466565,2.0727016118567527,0.18940582911403345,-6.984578070291546,0.10657925114533888,0.71898795108394,1.7455294805388928,-1.2356217583850724,-1.852683077546086,-1.5883680907976847,-0.13830431368908908,-1.6464788704515632,0.5118947750085946,1.907964920325097,0.1664799886392032,-0.7368706098622801,-1.3196958704472634,-1.107919572496402,0.3456993159027984,1.000863008406259,0.028750023537142382,-0.3234625387067467,1.095275324565106,-0.2861043255887114,0.9603938363618513,-0.3967527398986961,-1.4277728462639476,0.39227871612607285,-0.6967508756996605,0.43925076351426723,5
-1.6245583673701467,-4.973425258410403,-0.9882410521109399,-0.6421811773015043,1.5746588598962372,-0.7079245471090204,-0.4777382475126125,-1.7494823444099095,-1.1720814309267977,-0.639480632809881,0.08772362524503897,-0.13630844013812055,-0.9291139419481086,-0.3373653545658661,-1.2495258957255404,0.9531335021013203,0.81126850604302,-0.08948301115120447,-0.11047658027133793,0.148101567485108,-0.4883856285229022,0.6930223116793441,0.6616719672574544,-0.5825891498895984,-0.08704877811885108,0.9826515868806958,0.329830070066223,0.21939053962430685,0.3836842008307777,-0.04610890511765385,6
0.6898027902206086,-0.9991650579279783,-1.8498859836366572,3.065080076701368,-0.29077579309713564,0.22674921513174823,0.4449786778875964,1.0910080290265813,1.0012127923984153,1.4574571217871728,-1.508720980072925,1.8698275958395634,0.6833112961681864,0.17333632714409997,-0.9477768418959882,0.6651012473642555,1.3836121385269708,-0.3069993064568187,-0.8630519001304915,0.9084271695613377,-0.5748131747931285,0.5544550546480479,-0.1552087368454102,-0.40396543527903117,0.462602958553884,0.011480764136451823,0.6673166340629633,-0.7318941023094498,-0.20828442931603647,-0.15517746640448857,9
-0.7097374920955711,-4.4804625535259825,1.7856392517907118,-0.012997627567078998,2.952717862593595,-0.8560972358929717,-1.2287015672224388,-1.3932447557281724,-1.1256503382492746,-1.569999053133581,0.6239552883271489,-0.26437786115746903,-0.4055100551957792,-0.48251917556358526,-0.7293329481423959,0.1714115099595941,0.309945449937587,-0.35426837162491226,-0.13836353954254366,0.6120941239090799,-0.857319589889715,0.7849125503194757,0.4816188671898266,-0.5511395843205393,0.16180699423033645,-0.10470802695390799,-0.39669549028185597,-0.2617453077811711,-0.9235594254980217,0.5931611981185383,6
0.5680353811579273,0.9401926913517411,0.46410038513924745,1.1445430865645785,-1.6853593841495391,0.2972940080047056,-0.639711011679224,0.1130019646175589,2.894359146765555,-0.02480969244977464,-0.13204031810813194,0.5170377935063444,-1.306179636880525,-0.4506286526695387,1.6009340233256866,-1.3572227258431373,0.359396201663656,0.6714818914705574,-0.8852647841594231,-0.26443342771325123,0.43848385930986145,-0.2573118031752986,-0.29021277499337755,0.28101643297181256,0.8181212999612267,-0.3668224722379965,-0.06989211733520083,-0.2728611335223043,-0.5105395098887121,-0.3241900520764321,8
-2.2030169342004924,0.6193579118309586,1.577266359588829,-3.0879282262872776,0.8839866264586979,-2.3043698086588247,-0.7528051395681395,0.46877494641966455,-1.1307227677103255,1.7544503881398554,0.12984119766011679,0.9000640090327644,-2.4352834602923843,0.1408301797591132,-0.17027242117404923,-0.5280595475161071,2.072880059471892,0.25208049628572604,-2.3211023287282027,-0.4714352899969814,-0.4355420059283116,0.5011907353135763,0.4508125580027169,0.2383795509907577,0.9576973420394285,0.13560192167056737,0.5707059607328769,1.4575573898733813,-0.23186317284148117,-0.5254510804686807,4
-0.8634583543816865,-2.425952727778575,-2.7857722804453946,-1.0310959743495975,-0.308706040419417,-0.191345608291715,-2.055478118590612,1.1099165865193585,1.061979842997322,0.025947357467221332,-0.701718294611303,-1.095336137476556,-0.07274584836247343,0.6723070259653217,-0.4570374171036866,0.26820250464394263,-0.5301874042561635,-0.48846956122174734,1.062973666023269,0.6699197347184287,-0.5640707023429287,0.8623382806064841,0.4768730476905904,0.22714906086817088,-0.3630906279271599,0.5657999834636863,0.5959076376640917,-0.41117592702579686,-0.14526205325922084,0.038201102714297795,0
-1.4538244727954528,2.7606062338289776,3.374388267234588,0.5104068371387749,-1.6097447391812878,-0.5627534581752874,-1.4994152388856363,-0.597161720213142,1.818472663845656,0.023891376738455743,-0.02027475128401302,-0.8113678341058947,-0.7807011524547561,1.4815168856678484,0.7150184986456881,0.36464270919937386,-0.29208963095034624,-0.017460621073304285,-0.39974081233440145,0.301772368755844,0.11372043525461582,-0.24511531779087622,0.6797539025440115,-0.03337544555438183,0.013805796238685063,0.8296902158216668,0.4055480584258016,0.8981241278761601,-1.076213494635652,0.0909615672790162,1
-1.2984376853787898,4.822843117501466,-0.2892546522209555,-0.6839572247756737,2.9455871238768343,-0.8285633880215462,-1.1971883417183582,0.2668894475322958,1.227535130790441,-2.065386210920802,0.4138463050803268,-0.04149136177019589,-0.127318894648104,1.0946201372112463,-1.2706385893809795,2.007224508098449,0.4700665633598509,-0.3852754919174651,-0.8772960222820456,0.9700392950366681,-0.8966767996803007,1.1663565727100398,0.39279472895025547,-0.36894262616308593,-0.45689806436009534,0.2064761440499693,1.1054122409533638,-0.2995470678786969,-0.7807422419127725,-0.4039730792545604,7
-1.0951184446360165,-3.518527186092453,-2.573127865945837,-0.24721474531592671,0.915586928468762,-1.159248280508464,-1.7500920318878388,-1.0366448469052725,-0.0071198515745651905,-0.1762878975858244,0.611954051798729,-1.355282902871004,-0.6460382871560025,1.5811460790840863,-0.6463794926632586,0.4118338513485878,-0.48329644255161874,-0.8963066854919771,1.2036267637444409,1.2794510251184603,-0.3780325370902826,0.2296652482810768,0.08226207398475376,-0.6785578061650672,0.584879716268191,0.7857790787369641,0.22596786759961346,-1.2128653396768254,-0.3861299054481495,0.3503909468795954,0
2.750855793754144,0.6459710839915359,0.09994210714025852,0.4408790372082819,-2.125153848062304,1.6311920631239318,-0.8587146329354772,-1.0031583502307204,0.5113801501848676,-0.5960741627833627,-1.1329129677433425,1.447669347825109,0.6188788789101354,-1.877081709181058,0.47705096711041406,-1.0223523191363593,0.5365173300190439,0.8572379565496105,0.007182158147928957,-0.5105728337523138,0.8733619184435438,-0.45340039116115466,1.0369107710641015,0.42705779943275096,-0.4303695077291939,-0.5788546554085103,1.1002080851214926,-0.4236874461013954,1.310545401272736,0.2766511127375008,3
0.28330476366218227,-1.1264803855708767,0.5733002382223755,3.3670824438313063,2.089707363055299,-0.5504835731492626,-0.37560603526178304,-0.7750242598677921,-1.718964155964056,-0.28864215008704336,0.21028353984345668,0.529893252884129,-1.2376966765913455,0.14772542760771182,0.5075118982312314,-0.7940903514214558,0.472767474412525,-0.07112380422872379,0.22714498860489968,1.04036266471663,-0.11236618665851617,-0.6112467509216242,0.23175580462795162,-0.2141192960348123,1.021193383562563,0.29854761348696424,2.0426683137501267,-0.8980136419961356,-0.5740381098933286,0.4080838384491248,9
-0.9224212934262278,-1.438208507762641,-3.7936374553898866,-2.24244311223874,0.16179101941181678,0.5751199132318084,-0.3859388593978809,0.9635640681255675,-0.0014983079005375238,-0.9895139884409472,-0.5754319845854623,-0.4133129920375218,-1.1098207392571287,-1.065113338545524,0.42287611692988697,0.4061958539160028,-0.6031321456868167,0.49799330770845035,1.5336865398441197,-0.011358576877486558,-0.18358305723789436,1.0428532588871953,-0.7535345268821715,0.31891439418846346,-1.0521533985570495,0.7585680597072988,1.1489856311350017,0.32601304203265574,-0.47400907330100284,-0.9075582316551641,0
-1.3588612260306125,-0.04331618865053945,-2.3532690697670553,-2.6443772576856257,-1.1995995015402776,0.16182650450161518,-1.071247094713654,2.1928446814643316,-0.23914156134481887,-0.9222020183323013,-0.744325986129546,-0.17513730846221023,-0.517980803494064,-0.7507352970821396,0.05363885212987012,0.4633458981734998,-0.3141654281296786,0.254440898785662,0.5669553377227522,-0.5865868319990168,0.09746756223570512,0.5059430241230727,0.9704432364057086,-0.33313079456424616,-0.5601955504399361,-1.2203777726660874,-0.1873978477385034,-0.5940325057017823,-0.390635839952767,-0.44583575923153496,0
1.0681453907937983,1.8087111951609425,1.9679358058856362,-0.7670820015142881,0.3221971715262046,-1.9653486140450256,-0.9168533827906251,-0.4497410150719244,-0.05010028362829734,1.0599625893180356,0.6706883553956393,1.3426063647809001,-3.108191491732538,0.8071320323464166,-0.4415024140077194,1.1397346127164272,1.4459887978289325,-0.33080825610914566,-0.9807286021561394,0.29330075365383834,-0.6516246461279733,1.1002025425185242,1.0543731368057927,-0.6946416877210185,0.5585996892001877,-0.6355919821580054,0.037840811068433185,0.007791389221545713,-1.0646863130518613,0.5046163065750231,4
3.329322861152738,-0.031631584942393806,-2.0054536026610283,2.3360876226493583,-0.9209793292471901,0.1211320426211555,0.6242429556973101,-1.7210232140541883,-0.4898235194946715,1.1170703391612231,-0.4587577913609466,1.8916641752522474,1.182441361680549,-1.7347558841661748,0.2630225969414507,-0.125364877152396,-0.08327057616147089,0.19311406174921844,0.7184364215140544,-0.4052804019019599,0.09956550846600955,-0.7203430371343694,0.1392046795751158,0.8799780601897688,-0.03629244853672688,0.5393113670252149,-0.6040918770480451,-0.1617871501586152,-0.28167885490963385,-0.19283336441039342,3
1.2855140977542199,2.3264908374723645,1.4156397080908834,-1.6266932505337772,0.7669752040836023,-0.8863324450191724,0.5569419575464255,0.811676257108149,1.6083955600930482,-0.24267818771033087,0.3572368901913399,1.4058465970712515,-0.7946493570071912,0.6455792945863595,-0.10944731812047191,1.6323215068235082,0.040550502693507684,-0.36707737483198477,0.43842764079986823,0.5918070896102716,-0.2321214624598786,1.0087544917659026,0.13570356397820146,-0.4982064009990168,-1.1196183754744182,-0.041785928721590725,0.3869057327462507,-0.9819817175734472,-1.306783006635648,-0.4666199205638699,5
5.01369488063315,4.08774539945989,-1.182407659016002,-0.7600361536818745,-1.7125975371085118,3.5192688236638303,0.855134142654502,0.05066107057845607,-1.9808407568708764,-2.468949161073299,-1.9510836647807164,-0.30767667391389747,1.351339545826921,-0.8737515435479037,0.6721551425773606,-2.9372040034301237,0.4690725896913497,0.5975666669372608,-1.0395638073862348,0.10773364410844129,0.05876306553130862,0.8811339886125096,-0.0836449882125292,-0.8988712609470907,1.4982469364458837,0.9844284760762548,0.8968666579129679,0.44424819853251307,0.564861049871501,0.44455435098140883,3
0.22696222553671141,1.2372422448414357,4.585164669950511,-0.036524091332328305,-1.0807430975045726,-0.43145888823406847,-0.43747059051910886,-0.4770129242535042,1.694686462657396,1.401209609702458,-0.34808858163442247,0.5333478123059621,-0.023372017248316498,0.2540963592921416,0.1575072813228596,0.7321108876609144,-0.0469629243415809,-0.2410902191799431,0.9612206960738752,0.4658587482403633,-0.11872576359817935,0.1422600186679493,-0.4035309906292052,-0.28144438494373564,0.46670893995098917,0.6361887577400518,0.3260343752097383,0.15023067987851813,-0.30278615355792615,0.1930889958811065,1
-2.031285642255344,2.513806908908718,1.4269522652666973,3.9524160012541514,-2.127765265435179,0.21428562739051263,2.4344659212900415,0.47292326342456636,-0.9442488804396717,0.16611898045640142,-0.21925348254237567,-0.3805871796568041,-0.8624345865904035,0.4966805406198813,0.004566572294344232,0.4245329091904895,-0.18333407517155698,-0.1027183752219256,0.7713034569372943,-0.3137758434751049,-0.30118843688280394,0.4248299081239936,0.9779161130254076,-0.06268520255341699,0.7623508453160113,-0.054947745486301484,-0.1605641946284366,-0.1775220878722777,0.4643484600656896,0.2753555448970297,1
-8.835592145407201,-2.839372797313004,-0.15157340018724674,-2.588177082576377,-5.567245019639689,29.494534098945532,-8.474793081472576,4.258271124022574,-3.8042824054105653,5.76813693738561,25.862947796904173,11.571898392607617,0.8179934208787317,-0.3594656989020701,0.5596424042707882,2.4473525216211085,-7.285511688138564,-3.5785167328479814,-4.044639771607976,6.40544708353059,-3.302950680293678,1.3717061451388892,2.682178877089114,2.458929236606622,1.3151338818323512,3.3699279637326374,-0.1724003780318217,0.2582542443504054,3.268767448568644,-0.19581086975577192,4
-1.8060596663900759,-3.9240086939753622,2.713679699230597,-1.7400072041593626,0.9374684259621751,-0.2943042254729712,0.7724310655883581,-0.09934539806033818,1.297046012300548,-1.106152878217807,0.4727518710935408,-0.6959982175737528,-0.2736084936652508,-0.9136330261400826,0.10741662738046501,-0.6524350322377803,-0.5131384972875767,-0.35717235535011016,0.23091847583630756,0.2872370604378194,-0.1211717964102697,-0.03549060676222365,-0.11235297289959892,0.2046209509832389,0.6835247336937731,-0.08700671273356399,-0.555941093067395,0.954541002377187,-0.1529741584377915,-0.46095007298577284,6
0.1150537812444185,2.1778896307790228,3.337584413401519,0.8095137511246331,-2.3743751221438,0.1536431308363517,-1.7683583333483013,0.2751570228155131,2.123496777602102,0.40362880425246084,-0.3240942038769733,0.3422656169829219,0.5091893475362848,0.41445147700426543,0.6864829536436965,-0.37387670303976384,0.12507862346906332,0.45172373279450184,-0.5426148968602604,-0.22298366314171686,0.6811093932755169,-0.687988154889097,-0.4193073032688901,-0.7869011907390487,0.37352841616187893,-0.3085240884899786,-0.22663761710629868,0.0553197555921399,0.45757732267359064,-0.07630670716062811,1
2.7953391664448595,-1.3987376084969843,-2.2476721476707033,3.0246390170314315,-0.265937050496948,0.36315633852263574,-1.5022378080358019,-2.0004722570804128,-1.0002350757849576,-1.1250833719893722,0.7590780514584252,0.014436389567343166,-1.6930071386079202,-1.1461171900929241,-0.03748164630937583,0.7441517696332314,-0.08726071061492711,0.9137878609382023,0.8424554002088132,-0.6046658009168647,0.3429177637848829,0.24632985666460908,-0.26413058969843606,-1.4827148182137473,0.5191253308386834,0.13780495590289174,0.18496318577932105,0.24123628747589404,-0.2646386268228941,-0.030478621657943173,3
-1.445692141221644,-2.1394140896944513,-4.245609458586378,-3.5200836629874916,-1.2784905871296206,0.9031025474974551,-0.5133096330843955,1.5648556730057184,0.1670024654406728,-0.7340499899775059,-1.1055507710477244,0.11799460330934389,-0.8858851117204212,-1.0604787783851113,1.131565794693264,-0.22950813517616211,0.2892702712098593,1.0211946609182458,-0.27484834657312557,-1.1586833666125633,0.33239498616037694,-0.20807207941939834,0.6988986228921702,0.6548881768417022,-0.13691267920406042,-0.26822781986065514,0.14907710264379584,-0.3687132711753683,0.0240785968261601,-0.2766905975804194,0
-3.4909525775724637,-1.6851629523500609,1.4111310188910038,-4.539099521678463,0.40686979216618674,-1.552667050435175,-0.9923996149211305,0.34492376052168633,-1.8668302766518734,0.838136524895955,-0.6594091213706907,1.1409559182641973,-0.28214784003125426,-0.5840909849357473,-0.4901329160040974,1.0500996578010986,0.9746960510011428,0.0521956610456345,-0.41323524890048463,-0.4517088566893152,-0.09946293741835083,-0.04693584241331947,-0.0009581224993146887,-0.7855777875790418,0.32833692791744484,0.36337714869972415,-0.46684149351446874,0.634934178957076,-0.41578876035513934,-0.6543538374715356,4
6.9481644987178095,-0.4409369881607635,2.780084736012633,-3.137837867566245,0.2899116429285208,3.4625177431824112,1.0834866201773574,-0.48934862526487116,-0.9696276903813164,0.07808118624236432,-2.530544537446948,-1.6311371388948352,1.6046943246206713,1.0988941475629954,-1.3736627233270413,-1.9911190703221542,0.7494840383938162,-0.7893081298131174,-1.9536986784864865,1.310015504361357,-0.6177641478163216,1.2164762340807387,-0.6203642791377602,-0.6038218359036052,0.9839188935644517,1.084118614138716,0.5433685693694263,0.919551759160151,-0.47892362834309193,-0.05659614232283948,2
-0.6040941793824615,-4.03627129055354,1.3061257592631341,0.4316371574443322,2.4018155568200052,-0.9633338333102146,-1.050265944191513,-3.6680832751125467,-0.6321796637090199,-0.48657483821343267,0.6121729525549561,0.4618001962090225,0.6201356010217719,1.251207905792132,0.25214396586553245,0.09532263487896923,0.3395052440217668,0.06518973201337416,0.5726806460383941,0.28632542279553197,-0.47849715671588805,1.5852492139163796,0.21080237953218137,-0.01943499265347163,0.002521917822804639,0.28880302896046517,0.6422557810278828,-1.765191871196522,0.638314195170155,-0.8339920229223661,6
-1.6127541577688111,-0.34322398748027816,0.14382798574844824,-2.0374333981147497,0.01019004250486478,-1.3723874923098136,3.5097232584230484,0.5858346295266526,0.1339015463287806,0.035382012953905764,1.1740153152501294,0.8300075114078893,0.13309376876739296,-1.6636696947567036,0.578179005708453,-0.6851850177934643,-0.581454752329084,0.04156009610070175,1.4741279412175017,-0.9319491036035765,0.38655109052428444,-0.038066277676806815,0.16069553766975195,0.5669172786205363,0.3702847601283943,0.3704265502627681,1.3991443086067612,-0.49899272295082187,0.3346030124769427,0.4025978107973204,5
-1.918764489934123,-2.53860981785501,-2.5739305413940032,-2.4796974369420988,-0.6608499118558406,-0.025210598355446385,-1.0158699149861647,1.923366198484345,1.336979863659052,0.85562289445136,-1.4951445676009547,-0.37277102922297417,-0.03546693283298096,0.7004615708587723,-0.12142318936590452,0.530773961461349,-0.09096074081206405,-0.26050540796430477,0.6255579628158744,0.26906307364917686,-0.5089393982055006,0.5303268558454743,0.909697312836384,0.6599005760375732,-0.28522584677172486,0.8162088989308556,0.8875890282807505,0.2424210522812158,-0.5790055449142208,-0.38068223855063915,0
-1.5438172864476283,-3.958723278878576,0.8596980838605027,-0.47083600133766956,1.330127631282542,-0.9355854878223476,-0.3983174741985157,-2.375271609583982,0.17167168655148926,-0.5891278247341267,0.432336783441706,0.4021169331132198,0.6206479430324905,-0.6587598219434697,-0.7995974398131604,-0.29174224479515004,0.5521796745947227,-0.5154167185621268,-0.14962478301699386,0.8754022819655082,-0.2529323993635712,-0.07030619637131993,0.1903160750552851,-0.15881534979466813,-0.02168564276568585,-0.007078355101227899,-0.3170930261170965,-0.5790434356111311,0.5153917969164515,0.2972385032015106,6
2.341515856634233,-1.1788638855089746,-1.7995212838297687,2.075619914265709,-2.2269860439646028,2.468129883241789,-0.4635981327962974,-1.0338151986277437,-0.06842634069464236,0.1336623101620478,-1.4644276451711093,1.521757161900819,-0.6406890408610626,-1.027308501743908,-0.03789012565841196,2.1935013897006783,0.39045649425780665,1.244684892620101,1.1311245015260003,-0.81430324117266,0.4074167834088557,0.05145182484472901,-0.21042234018737574,-0.3302868298393632,-0.6099765027287123,-0.994919996026712,0.4804714747042581,0.6290235227575529,0.9865710484291252,0.3651825516361677,3
6.026973182620119,0.6684003946890953,0.8414236601323775,-0.2471596412874858,-0.15252674577387335,1.1275068498196534,-1.6532120530744687,0.030960175576218996,-1.3642218975888616,-0.10974391858079931,0.4135749618374963,-3.0079767791297427,-0.22722292182444118,-0.1637573595083629,-0.41219303192069284,-1.4811672625499877,-0.8875870176517563,0.3243270997173171,-0.3817453602967956,-0.7791829239514051,0.5447630207826158,-0.5655554385563452,-0.9110701242510224,-0.02309243775505465,0.8205118681742307,0.5708322061241592,0.3781291606160008,-0.5762379435876613,0.39815630096412347,-0.962310664149345,2
3.8850503553195224,0.022015829072274527,-0.4795474861167679,1.491015345926058,-0.995185543646965,1.9944678656836348,1.421201464594349,-1.0442176409551824,-0.7533697307989617,0.48046226214390236,-1.8645012856518852,1.2389416767841968,0.5495587335713192,-1.4862931517933307,-0.6725922087805756,-0.10064613147599794,0.6145308037265037,0.02562827591851552,0.5649259653851769,0.38002139629959447,-0.3475470557087089,0.747889044295652,0.6133146748586498,0.5365054766546224,0.1749554216727776,-0.12847822284212385,1.5614733414520539,0.08191387602945273,0.1870459853506025,0.2543905134697055,3
0.3998858364065938,1.5566127790381263,3.9052714604101832,1.277354829558603,-1.3798186584406815,-0.2549720470139185,-1.0122952067048632,-0.0742716687403941,1.4213163132621223,1.2553970393756793,-0.6125485312638301,0.48946535109936873,0.5536300785946938,-0.03627572142802204,0.07555706230314843,-0.11507869854195221,0.16876574459020466,-0.06981879093623809,-0.14210076765091956,0.3291147028117669,0.0730509062438272,-0.2942716044859228,-0.4657646120545848,-0.1463280444818858,0.5385314063848848,0.18723295332823373,-0.10191108883602583,0.3342415105840032,0.2716104340047198,-0.4393647457408679,1
6.458175153425392,-0.6105833195182507,2.944040561432962,-1.9492119020433336,1.1825944773560386,2.7805787888287443,0.2955207053486135,0.31240486136768797,-1.5954838959659026,-0.22434445993636312,-1.6290264871242142,-1.6255852023448778,-0.11722460362637056,0.6011363946665466,-1.4065409413585126,-1.1463877430931848,0.645487151791648,-0.4109221639266643,-1.5679861836241278,0.6184139325773454,-0.12883209865473957,0.7650843207540732,-0.7569837331316932,-0.5262165709080662,0.521650897745651,0.8203618080607991,0.31134033791678467,0.2697030624670533,0.31010299791793144,-1.1946079826649143,2
-0.31477632095463814,0.7178861321292761,3.895669843929859,1.5434852309506415,-1.0249732457088019,0.07079830738474092,0.17068901620982418,0.3664741353975229,1.500411914479359,0.8184210451304709,-0.6286102798972943,0.3179052559565457,0.047501237668427884,0.4498306365709402,-0.29186103960287313,-0.0482050570827251,0.515242019880851,-0.30679397596471036,-1.1103078104399875,0.28935684165202286,0.027104184966937842,-0.2262348361553632,0.3389439066312121,0.2568976247360058,-0.06595848661140787,-0.38329955959048034,-0.5358315435995092,-0.008719151694842081,0.3675901077824574,-0.6073945246451905,1
-1.748918894409459,-2.832993263360795,1.342103884770289,-1.1644863477845606,-0.5025190795430727,-0.4148301582506537,0.6941679916393692,-1.223380735199297,1.3040471910533944,-0.12775977859153345,0.2874744399657103,1.0187144392567837,1.0938550199174435,-1.2872870150445326,0.19827068054289998,-0.7608501123000448,0.4255291828383245,0.2914007206927298,-1.3014894396277812,-0.6945512055634724,0.8719224331427635,-1.1813681936328677,0.12336398806443302,0.3135868140807794,-0.23476689324494243,-0.73195147868851,-0.2976266382494664,0.8554466338143258,0.1033088851868608,-0.009612597133543727,6
-1.899814830620422,4.76599427713694,-0.8802065189696935,-0.6096817206049094,1.799737819618991,-1.9390893560579172,-1.4612905400227236,-0.42387151752201835,-0.3726624703259824,-2.1661674462767206,0.7755283337413895,1.2733079444180266,2.0361675566485498,0.10407932700562633,-0.5476878350478549,0.5272587918815518,0.3256336352385002,-0.3465004843675557,-1.1606380166078487,0.7762367409624642,-0.20895102527659237,-0.14416867048287602,-0.3910396234984969,-0.6365439094936562,-0.6216747697216146,0.8281649926459481,-0.6923653953339954,-0.893180649237585,0.20756735522888053,0.07230167596460772,7
0.09583928890606624,0.25492993630856176,1.808322048690115,1.6579014156005578,-1.7115787675765979,0.2829703397138308,-1.1130920943048315,0.2009056157137612,2.681591457714351,0.6174729556705103,-0.7943733409923764,0.4470225237399133,0.02629132406101693,-0.27783450797812703,0.5322966781166906,-1.0415304015590672,0.6085941290002166,0.2251045444936573,-0.9979450229735328,0.3366168003389978,0.10603993707399008,-0.22226651239051445,-0.05231332558667128,0.29026865436971816,0.5164486726178058,-0.5552901772232413,0.2064480541582715,0.06109498669045469,0.5641378057761619,0.0028559129611945575,8
4.029912143502222,0.41694383650524003,-3.4618279192209247,1.6144126505502516,-0.8363782478575987,0.24971153132453708,0.6536858538996009,-1.2387971784415073,-1.7073681624235513,0.8175216359188915,0.033409147706221345,0.10026329186108301,0.5232931727556679,-0.5376259820223543,-0.08109491096559746,0.9504138866214472,-0.7575856736486509,0.2220387183477975,1.5523744018833356,-0.42430564918311264,-0.3765992491491161,0.2489319538484892,-0.6904754793438264,-0.29940273288909397,0.5225005538711425,0.9412326912140915,-0.9210527246883053,0.29132615220839236,-0.6967445050348996,0.5942981320862994,3
2.7220134017766577,-1.6457390223480044,-0.8532121397736276,0.6146019366307852,-2.86190031439895,4.219890343183338,0.0041531679420144805,-0.5903187947939214,0.6012918273734834,-0.8107528723153202,-1.1740739024937628,1.9370231419840473,0.7172955434157104,-1.0826252333842805,0.28454288160099517,1.657372965403276,0.7391924274820275,1.9170361537199636,-0.16024082878251403,-1.7472223873841852,1.787444946275286,-0.9202469650184042,-1.3521563888886852,-1.3007579748089542,-1.5651179195046885,-1.824967546277769,0.9959928701010983,-0.017892756804537772,1.0073537627832005,0.5606431028063041,3
4.453580675351038,-1.4235830402625411,-0.6750109418532191,1.4291722009470342,-0.564590378114512,1.1480514859177176,0.36969238289366435,-1.4938723258167514,0.20589729790844444,1.3875267263879139,-0.5478576596639055,-0.03951086209900814,2.2157594442851027,-0.7331363557769571,-0.5401991632676136,-0.3256046215431138,-0.42308738387903777,0.020124409445790546,-0.5086475994764047,-0.4248787024671768,0.16484325922068235,-0.9065762419340362,-0.7121348048744033,0.7531452029641428,-0.6181679217320557,-0.09801415325729781,-0.7118223645192117,1.0376637202630226,-0.09457397811272683,0.0114674474287131,3
-4.430357126019711,-0.44760878453932224,1.1347142856629397,-0.9381998810834473,-0.20636197105868764,-0.8783346484465763,1.4685955495477336,1.322284108655647,-1.031494526794456,1.2696760619551526,-0.6768757324560469,0.5248691908039156,0.5362638302344115,0.04841518173542123,-0.4110950372897255,-0.7626332651799415,0.7596468655602897,-0.55444872757249,0.11466873891940094,0.5397320692098624,-0.30468961637498393,-0.07374427017070742,-0.6082935665929048,-0.0897447258370599,0.9775834443913386,-0.6515755338088768,0.1884683401055756,-0.5496464424637115,1.0667176353614378,-0.49922909207896604,4
-0.5214334597370773,1.1437076904457442,-0.330192546857817,0.045662114479565426,0.436341106939611,-1.4932127965982036,0.3643684651378411,0.49978214557524225,1.0578299538599703,0.18420923036705114,1.3420711017667397,0.05784050075297222,-0.9430845578845273,-0.758937181309518,0.14560333272564285,-1.6596225508865394,0.5567204676407758,-0.021547992426366142,-0.9208813018121746,0.1351115033621927,-0.4631850947244386,1.1387968453467436,-0.5669573460599691,0.53709541262185,0.5522446325430286,-0.8975768852037564,0.8802814813707347,0.7990179168182899,0.08203923817917881,0.962336106256496,8
-6.148992183801013,-1.7191387330540087,2.144282489793969,-0.08401475534144881,-4.792801619418793,6.040130393703098,-0.8557823332166914,1.3117476797224605,-2.781263853901429,-1.242150658276284,1.8401021816137182,0.20284333708044314,0.45173611080181486,-0.7356489181433583,0.8427049260452177,3.1519979191764813,-3.3949004711135515,0.8084435284452721,-2.73696212121222,-0.2429829206869566,-0.20607518599483438,-0.7400922850512033,-2.60621997358561,1.987647508408401,0.7446310976644654,-3.0260353802592563,1.1398093142761387,-0.7831411546625029,-1.3831749599562,-0.4639682201695423,4
-1.0473905551222875,-1.7276238998484126,2.1548162392893633,4.8066049210081525,-0.21379909677769193,0.7012825663821721,0.19276027130859666,-2.2003055895629418,-1.544588148458358,0.4907917529989421,0.13532671687877962,-2.15259262286502,0.2563464791097175,2.4335265593320683,-1.234562927915739,0.7448351634011531,-0.663125400858139,-0.7580715334828309,0.37921607753550957,0.7338036463345489,-0.016593852510261162,-0.5026296419642353,-0.9710131298354784,-0.10834626587566659,-0.5579312337706708,0.8288239787523795,-1.564341331221467,-0.380762780533908,0.5758796414495837,-0.028627316591534526,6
-1.2696976746988786,-3.0319475523106667,0.3482769429226225,-0.6329854671312154,1.0035751484473547,-1.1972995516398244,0.3524811468697228,-1.998916804917632,0.18318908496708947,-0.9928381710569929,1.327290748312222,-0.4686822048077648,0.21086003689722882,-0.9484182922506581,-0.7463172472274952,-0.5511997962311567,-0.5302865854162939,-0.3546428296315732,0.9036687849062299,0.2863116334317483,0.5935772203049652,-0.5650536717009911,0.5985871409414291,-0.14932632992062517,-0.14053708060819686,-0.30820995508321875,1.6213862001627841,-1.0308824319424565,0.5546802119641433,-0.49348483871450716,6
5.186911731159881,2.960533936866696,1.1168825884274756,-7.376314136873655,-0.8666047923142465,4.205741126765457,2.8099061735049187,-3.1682343034946685,-1.8356428488390302,-3.644619104041918,-1.9664318717987281,-2.3038704968296626,1.3855653664190044,4.775736779262083,-0.008320218726877498,-2.193643783717726,-0.6082170290668474,-1.4844261166972006,-1.2274822503541185,2.9474301745320948,1.0592548444666918,-0.8912838137916652,1.3171589279602627,-2.196268674766353,1.3402578712705364,-0.19384932553065415,2.110139476154106,-0.43824657788245924,-1.1119494497671616,0.9019397897982708,5
1.3465117542038143,0.7767688194202655,0.6009695370639834,-1.7816689340933303,0.36993951685030874,-0.8660281213408797,1.8787302579311607,-0.009192369164830533,0.5893320099224656,0.40534289818767666,0.18001122330222794,2.6722457241889175,0.4642229099298644,-1.7312569702309444,0.6739467226381904,-0.5673953904658758,0.07695107432161945,-0.3461101175192575,0.8754295261176093,0.21601244590051683,0.28907060293537323,-0.4006967411993613,0.06586575196185286,0.5055900866975273,-0.14802704209072964,-1.1327615472772252,-0.673721372044693,-0.8212110908976256,0.3644781829441529,-0.07843826192715771,5
-6.032615602590999,2.95834350114694,-1.1270384168124992,-0.45461385850535935,4.577610253197907,2.666807225511611,1.7488165719053157,0.2792075605762576,1.0013567498762637,4.233865653741139,-1.2377400522162594,-0.7676480469469906,-1.52083834382283,-0.8704629917584896,0.982872362180695,-3.86182108151906,1.2287183903506018,0.1406196758980051,0.5070889816221243,-0.5089772718850673,0.8623228779090815,0.7506073494370025,-1.7759064273568297,-0.3802149393172457,-1.4478845658954593,-1.037746586101617,1.552366891833644,-0.3933077315152912,-1.711371507203773,-0.29319249835295863,4
-1.3136118263504803,1.436554865960567,1.58244676201764,4.973693413307637,-1.7522217954099242,0.6284318718428116,3.100240093788026,1.0730979166381815,-0.702595908105416,-0.37776565629218667,0.24269320714621273,-1.2923872043001086,-1.1057061335664757,0.4868738644182708,-0.33934846196360746,0.05870501958898949,-0.6187345647711261,-0.2630570739935017,0.6044081736667396,-0.47087091278393195,-0.29598477269522633,0.5943231341965564,0.7234119825393769,0.09555857383657478,0.8525411266869409,-0.309965309087734,-0.4020984367329667,0.07145973563745346,0.5564787042564897,-0.5026747877740657,1
-0.7079540413584164,-0.19651848669251795,-3.6995186748424405,0.28457790088171225,0.4551779875042346,-1.201440056840679,-0.4976154786310116,-0.2987801635174984,1.214273943021996,-0.8941684380710181,1.463155979758701,-0.35293262582152646,-0.5758663957745285,0.8162709531177177,0.8067398665116056,-1.4319421976596345,-0.45317685293257376,0.0526144757899563,-0.43239581833702817,0.3636406723038673,0.4703623123883596,-0.44250518395514277,-0.6641287474975546,-0.12221031391309639,-0.16646152788428462,0.07628318135507399,0.16630928750049473,1.4000350720415065,0.8399468389017242,0.2781118229097449,9
-1.6745388044310743,3.928655963787304,2.678053653669543,1.0454383066526798,-0.7354351547591249,-0.5108143710499123,-0.6321955184847649,-0.09834612045248739,2.8609188917843715,-1.1689917506189889,0.14896325818813846,0.16280707878242942,1.1753780049561793,0.7112280045427316,1.195711796999093,-0.2717757635560691,-0.27417764137551887,0.18533469462406493,-1.129202299250134,0.39258945752457364,0.12548781837785944,-0.7171650207916961,-0.360773432113675,0.2209390032154397,0.16073043020302963,1.7521917839995693,-0.015040331587192807,1.3307250494795513,-0.030261382373411267,-0.04181098419509597,1
0.7595237318522852,0.01978581523906625,-0.8200353375469216,0.2677935123295559,-0.7349991258934528,-1.0748512088647486,-0.10974247629101624,0.3044641111755569,2.4267464991002874,0.6660902687668389,0.7019937966448155,0.5046144387039485,0.28023496472559334,-0.4897741572920607,0.40635207599622797,-1.8804072035697348,0.5390168191899425,0.1883423492999576,-2.0367999403636454,-0.5766693264964474,0.275576433212528,-0.39730641747864914,0.3677676962925517,1.0647346549760837,0.35554680840564495,-1.1630381572258615,-0.004155463243217153,-0.011145080457581136,0.15379847357699764,0.3227219123365585,8
0.6642418802801953,-1.3914099014534407,-2.57117721011673,2.615179413791219,0.4060828457112234,-0.11894404235166385,-1.7913060864232286,-0.4098401452854788,0.9399311963795176,0.5949381453128667,-0.23612582243160884,0.22280125799163078,-0.11290161539035141,1.5024268959790854,0.009854447616649107,-0.6372353379657026,0.429843923776654,-0.3260717514748072,-0.9924636627862216,1.006423329372714,0.3033142762024962,-0.7716226618190313,-0.8242536438663859,-0.2631865023609182,-0.5168684722923595,0.25520681742596807,0.1517889294352947,-0.21650760722629384,0.03133879836945998,-0.45795477303211113,9
0.07577482066008209,0.4893638114121143,4.394671170688289,-0.00132412752050054,-0.4281502474570313,-0.27526173590673025,-0.259458874774809,-0.7701970713925671,1.4080617674797429,1.37531827708345,-0.2950249950274415,0.4459788366937266,-0.032042032336988234,0.30422378969477953,-0.27954714240759,1.1705262778160166,-0.23336242474060886,-0.5654264841649881,1.8495832591835868,1.199011115724012,-0.3929711402968271,0.5141482330688529,-1.2468765307042533,-0.550740912744897,0.31973987982679186,-0.030193765997313698,0.6545040870454368,0.5336260513868628,0.08666486653113258,0.48988203617258036,1
0.6575101402766528,0.09608825855942804,1.2076553914090284,-0.3146511581691553,-2.1387131443004237,0.4539250457444671,0.4262678501612747,0.5097028544204296,2.8189694348732512,0.32413886819060145,-0.14759648559751293,0.6766614097446749,-0.04220462214938842,-1.0560085690953294,1.0348301398732263,-0.4529139473560696,0.38480218895302754,0.8428278039725549,-1.0418484821950078,-1.4088498159135083,0.641054447727404,-0.36225433762157644,0.7685996241889266,0.7655221657225414,-0.19234877187091154,-0.13286666872442301,0.07405899718428742,-1.0354857116366423,-0.1851803103225144,1.0222828437835247,8
3.455004701339014,-0.9604219653322356,-3.45754093235682,0.6703628663362716,-1.386615784535645,1.7367686478470343,-0.4925852793065119,-0.08851232835631181,0.10275575564458017,0.0038862976261214363,-1.0662879626612571,0.26935393082271397,0.10337293317195022,1.001579689369762,-0.05235155500393956,0.5669933584043932,0.09094557645594684,0.3399453891041192,0.13147413000124505,0.024786746763294554,0.27815933925656916,-0.3836875804001719,-0.4547891360447695,-0.914099366664495,0.5937142481610403,-0.11350910602192825,-0.6478354309332492,-0.799078444069492,0.2828575413315511,-0.5405421923170809,9
-2.05048771021019,4.609175066350235,-0.9396896287639613,0.5644958637172135,1.103472247455997,-1.4827064847671652,-1.6425283453345731,0.20488680459536163,-0.9544679402565469,-1.5195964072055508,0.20163884362101028,0.9089594500834267,1.9567310574831802,0.09868947790856605,-0.4576815079526136,0.11255187666069721,0.19145599768234517,-0.4109719818278826,-0.12296054025812464,1.2501081451659943,-0.3763503942239928,0.45095812580214933,-0.9887719137167487,-0.7796081839799759,-0.9801266599514613,1.148730731075157,0.2404481649480549,-0.9216353004600828,0.6799032249944542,0.2470023561967613,7
3.0705131554615264,-1.6919074283983475,2.866437315012185,-1.7196539414299123,1.0188447665970335,0.5583663146095107,-0.18198142381495194,-0.5487634395800159,1.6005651378887642,0.6349017969260058,-0.37748368791712517,-0.24851224030209423,-2.0290578899124005,0.4169007878698717,-0.10371059091363509,1.3402954325460201,0.4640755245091179,-0.2128676377465266,-0.42369378421952114,0.6397870600761068,-0.7095378771993508,0.6487425098342378,-0.6510794469730758,0.8222168250171576,-1.047052442484168,0.41497996142604787,-1.4328354193665573,-0.13674697916919495,0.06879664747825334,-0.13795902272830407,2
-2.2177844010320826,-3.126910106662515,-2.2209753243990513,-1.2029414872373827,-1.2183830173241226,-0.18758914937671284,-1.5119018027436533,0.8014578374679076,1.4727918211963413,0.3276832947409804,-0.9008156948409956,-0.330188242630596,1.0262692011053156,1.2041863887980588,-0.1426726103853089,0.09281453370420019,-0.19977331825710948,-0.44513716285940347,0.06376074261308898,0.5075731770908571,0.03132014093348199,-0.5786747095982487,0.7655532425181459,-0.11239943708431706,0.3433742131498572,-0.28619136081279256,-0.40045962618902237,0.07404502609257711,0.3011341771775502,0.32528881086870043,0
-2.026471093182259,1.354750847751342,1.2725457644177007,4.071367148453757,-2.302387634601849,0.6320341189334179,2.9779261999745827,0.840538421885878,-1.0173253852578015,0.292949047034563,-0.4490969132386792,-0.741501970905167,-1.182442480675163,-0.03281921941962771,-0.028957888174417988,0.3140711435913025,-0.3002269202054476,0.028543877583551067,1.0809144134905644,-0.6784042144221937,-0.5020745787089532,0.7735823336258971,0.8872300906140855,0.2973915651285762,1.187269156238733,0.12483155123795957,-0.07629384127211276,0.3500544751266055,0.4852688390353185,-0.04597003493957908,1
-0.589050935282315,-0.6819016300673152,1.2679378675376187,2.6518263734168612,0.775667159531121,-0.6919209392214218,-0.919429683725288,-0.8686507488388056,-0.5762198260572751,-1.917359072925653,1.3601839515017067,-1.4074885190116213,-1.4680310542444273,-0.23070609936874578,-0.297123426577678,-1.155850245902889,-0.2189908038918218,-0.4027199048388039,-0.5435536081260673,0.8121074649450389,0.28711928706503326,-0.220497049630318,-0.23981466719048347,-1.2401722821242287,0.5472601832310966,-1.36375881744486,-0.44622852891113574,-0.5091588762442215,0.08469615329012488,-0.46466343235408564,8
0.9581190810767664,1.7617524207136601,4.477565353412073,1.1329603363320369,-0.7212676052587823,-0.18973471818677584,-0.8308347091610719,-0.18732984775020722,0.8579177470125624,1.7919285208943057,-0.6324789761512475,0.7964592515879607,0.25758388459994275,-0.23906888548015293,-0.5411620756159987,0.8948588137970139,0.28456995426976717,-0.22082269963157308,1.0618401354328242,0.6720405352936943,-0.5061646385313883,0.8580252108893588,-1.2269444276876786,-0.5019640545491776,0.1256280799085635,0.42765173526071987,0.817757197348062,0.676176016794669,0.11022738791441243,0.23048089064730132,1
-2.4940088928376816,4.957678804241178,-0.7020015365365736,0.7426544229687551,0.6230785402492109,-1.3098624976993116,-1.9098500737655053,-0.5014846468214754,-1.757675911886031,-0.6059623900689081,0.2009184506394173,0.03824730321541506,-0.022877486508102448,1.076942864188617,0.08241462310324223,-0.2202875792151711,0.14148242976615963,-0.5111924327257711,0.0285876878572276,1.3618779671832038,-0.22539853043517954,0.14959411908240441,-0.7496318618590997,0.4326023529968442,-1.8503851583252628,0.9088305597937819,0.4462636778822476,-0.9872816319477081,1.2613884357612355,0.8073335417305396,7
-0.6534155825417507,1.569350661987221,3.713267437396607,3.5096263591745966,-2.4550506816793765,1.2244806729928448,0.20873918276232198,-0.4212181202946253,-0.5183273405215086,-1.449216254962591,0.45083788142550485,-2.7741763546107427,-2.037430480797176,-0.00987822785821527,0.047263593104968034,0.05424485060473118,-0.957638092342945,0.4147986026733841,0.8112743019234342,-1.1071458486243502,0.055556471273892676,0.6764692850325236,0.9983406363570544,0.4796321523171346,-0.16020360820575885,-0.17118198421592526,-1.1813562527055266,-0.6682468971254878,1.3031752317958432,0.25717093737454705,1
-0.6447006858107637,-0.12540202756688476,-2.394951724700176,-2.7349916030758177,-0.3378224957778451,-0.4975534426461924,-0.08656527960942823,1.1395847809663358,-0.2624102320822394,-0.684340800718086,-0.2795702542993422,0.744211274367935,-1.0101166875273664,-0.6588366431386183,0.6040985297977078,0.5392409898271833,-0.20949718763214736,0.15333030568177894,1.1585452495731843,0.03108266085359515,-0.025882140621673676,0.33196223118879187,0.4985429838428674,-0.9186808360935367,0.328418720270901,-0.9680570134451938,-0.483252646176333,-0.2039269014347166,-0.4474404168829132,-0.2882696620713297,0
3.675718806714172,-1.0995096666450646,1.1680488787639203,-0.3141518729574143,0.783074855670548,-0.41099227901779756,-0.615977573675619,0.6554626783475783,0.14799355722482593,1.1118895523803611,1.2010789959883474,-2.5486726131184083,-1.1539377368841939,-0.25815697788032077,-1.2045647860258544,0.3287799417215069,-0.679668816940217,0.1361961256110679,0.17491144789069415,-1.0594694960232305,-0.28963554364146465,0.7713125564644334,-0.6623123588837827,1.0990315085106799,-0.4288066837418279,0.27759893636555427,0.30131767934504045,0.07967293824879249,0.9898226805502748,-0.26429765758022833,2
-1.8295599680886119,1.9755329330592601,0.900604942444206,4.646372720784331,-2.398514240112099,0.3051744670623626,0.6257512273789216,-0.7052827811588385,-2.2649738779241293,-1.566904248423833,0.16183429971390548,-1.945728511655066,-1.901106039750725,-0.8187532521424401,-0.09374830842555151,-0.37982018844658344,-0.3948755377847895,0.33032680595343206,-0.5056388892785032,-1.1344895863879023,-0.20426053817367068,0.4434795423446222,2.4426822140455484,1.164725491883823,0.18715046256877516,-0.37778346084794867,-1.0727723984563278,-0.45797550782103985,0.6776988750641523,0.616673465191772,1
-1.7998186548336665,-2.4100421847717857,-2.7090454421601025,-1.8935542230989624,0.13770889878766207,-0.3185979291478687,-1.1929972231447714,0.8612987769171989,0.7764128909408377,-1.4128311974558114,-0.9575472500245812,0.09858222064094595,-1.6416610528263713,0.03687654434311058,0.4038261139349255,0.3319305682001381,0.4872207019161316,-0.1907534676324335,-0.05792021981971866,0.6582735231467222,-0.9718347284487889,1.2038820789869489,1.6871366564227508,-0.10749653535818662,0.15845592009119264,0.5603192733995811,-0.8495412335439635,0.5205220359881191,-0.48138233655498086,0.14888827394310963,0
2.55279677000273,0.2530209771745599,-1.5426559612428214,3.047473919782384,-1.2291231336170618,0.4066850875233898,0.1520538672963554,-0.9434167784645819,0.028211088386504296,0.7590086451790983,-0.8070290966543971,1.6724937524716015,0.4813987098486762,-1.8469817458439055,-0.17589675512720546,0.3112309091427433,-0.0434989361142376,0.3274086136456829,1.1480868152611912,-0.019121467390867276,0.10144509087990226,-0.1510500940425581,0.17177979345147104,0.17732390217301974,0.17824357771493501,-0.4529703042281581,0.802481728239043,0.7348611929750077,0.3161260426309413,-0.6979497271917517,3
2.185342067506273,0.8163246467716972,-0.45028619140802323,1.0587218476197355,1.6534995510919746,-0.7278509802593169,-2.6775764151981325,2.5440820768736288,0.07539672910000943,-1.6543998202449353,0.5994327542288445,-0.16497868013618266,0.39727650524429314,-0.8278567586485516,-0.06820340356237165,-1.7161529772474795,-0.43285462947471615,0.013737222782142185,-0.4545782155498189,0.19560569024213145,0.3943403119232742,-0.0913817446824559,-0.7715857977933732,-1.0377793329753167,0.39374381562745403,-0.4056162770044117,-0.31041480954787265,-0.7298699567217024,0.13195655033616355,-2.098993400126416,2
-4.209836974150881,0.6050409388743834,2.2653244160227026,1.8353582171410063,-2.89548891885749,-0.0262182307043952,1.2844085264320375,-0.5689409807155297,-1.6793548989152836,1.2121971259231161,-0.8427731214034814,-0.3928123457781706,1.0079678171115125,0.2692080551713966,0.028918821160388148,0.6219632508936617,-0.0355867008325484,0.24155451740080175,0.42834947779985333,-1.3232546693110339,0.34919706785817933,-0.6006955706256201,0.4395293216834291,-0.20902467560210877,0.4751730465303511,1.7211621253339495,-0.48706470043077466,-0.8869442352306213,-0.3221254139936393,0.5087196466401345,4
-0.027685449416799516,2.4040924258654752,3.3882985604211395,2.553071098595979,-1.1917865723388175,-0.22536425479100383,-0.02710441121960793,0.6541335774718804,1.1633014579828451,0.604350364971509,-0.25583258416646915,0.5574520429571456,1.13817756011746,-0.14158698101672293,-0.3789046007683213,0.006471379825599012,0.17579088285498173,-0.2999172554556856,-0.06925896561670702,0.48154937999281916,-0.31388073921465953,0.5327086032293464,-0.7533942079909495,-0.554751447645008,0.10990781749442556,0.4819182009692019,-0.04084019662457255,0.40449396604336774,0.19131151319670223,0.31209714199752575,1
0.753430656672087,2.025620062095882,2.986698652275671,0.42494609651796567,-2.1300705079613276,0.5278198530175839,-2.395404502383535,0.36966377672102774,1.7039516654997051,1.2133570289720388,-1.5681023939120644,0.5401465947813127,-0.31907396008230277,0.17964179207807235,0.9669146752813975,-0.3864058899188145,0.6091507549039933,0.471443391676802,-1.1200382804532425,0.03528964999066646,0.11699562813762286,-0.520779520469383,-0.10390986310171664,0.4412228233038049,0.34377959495767685,0.4775721028696768,-0.49178213199855725,0.13425634179207616,-0.33565470517845264,-0.9161995135024922,1
3.4733936611724663,2.780845640622736,-1.7718983798495673,0.9794547484165094,-1.5899521661888099,1.7232515849145986,-0.817395562346307,0.98358881694309,-0.252534115123011,-1.6216695972093058,-1.7445787249163158,0.6905495493809009,2.0157128281629015,-1.5832308700888351,-0.35214448986989116,-1.265606565363521,-0.061532977506519954,0.37487490510396054,-0.4733689615424006,-0.10806373151251421,0.10690464673241022,0.5485280787975702,1.3059909890591586,-0.41700842584364894,0.02553576729320669,-0.1338498462617514,0.43224538039340415,1.5164176614563314,0.42781116003705894,-1.1531535616955382,3
-0.5975093697108436,-3.9321024005745966,3.2022906848438653,0.48090490158038596,2.085480837642343,-0.28615588992027646,-0.0038262097466714687,-1.7567876025162021,0.9674110660366458,-1.2367721509704546,0.4040457432373519,0.3573957138767794,0.14316504477325914,-1.0400358564026793,-0.24450594256560626,-0.8234158638204891,0.3087768799550055,-0.7071513018706513,-0.7169408662829403,1.4624442831741176,-0.2676582128239538,-0.4770961013808021,-0.16033309008600147,0.17195681226862145,0.22802229359013176,-0.6577073239623735,-0.9646495282454657,0.1711694234858643,-0.40111164101308194,-0.40761002330212925,6
-4.5638013047534844,5.536500272766834,-2.269666664366135,-1.2698328960768086,5.292551030569761,1.0687960355444537,-0.019561951880190963,0.6842219027735881,1.1776048772654053,-1.9305688009388675,-0.8101919081019804,-0.9866290275145403,0.6607059369305965,-0.017736578094991455,-0.9422648312978561,1.5645713700172912,0.41014233224589663,0.2805743536178007,-0.2053416233919629,-0.14007657495562983,-0.904834876900961,0.5374197467541987,-0.42279533246295115,0.6197195397668849,0.7712458521279772,0.05444576236842486,1.0128125184919508,0.01449518011637911,-0.004853440817370705,-0.6158649679328442,7
-1.2173394858690245,-2.9368702011971166,-2.7152627138210996,-1.1791880972786948,-0.49061934715383715,-0.15150582741678664,-1.769506175249941,1.4552022349524452,1.2409717424618827,0.7826897857246319,-1.1597130625792704,-0.853044698881574,-0.13324159705063077,0.6784993794587502,-0.6957467563819492,0.5728722002804689,0.036089184525882355,-0.2657757313100344,0.5301426383355022,0.420819025166201,-0.8074116818573707,1.0327820504413334,0.6191089261937983,0.5191976301268555,-0.11252367863185705,0.9052490999469139,1.3373461813194614,0.10840017899548121,0.13880683821305106,0.27805345812182847,0
-2.4915540089222357,1.9834164662145852,1.1033890654408651,3.782153425890268,-1.7898566587190947,0.2284266369324723,3.683449827352909,1.4061273270865897,-0.2631620596006555,-0.40834590118274416,0.1921002905567951,-0.745334249069776,-0.9788383386424584,1.217930488300821,-0.19429999992457714,0.4066311553014574,-0.23928966818965125,-0.1891144312923367,0.14145204846835624,-0.5788449157152504,-0.10354388753971026,0.5152515109311279,0.8825262623704107,-0.4570740043350652,0.7718762235526746,0.2677060409803841,0.1940469684909569,-0.4388381296272868,0.002367404724480113,-0.7390666825513386,1
1.462286790892938,0.8105941480654612,-3.2872391594260533,1.7135731446237636,0.9295143888379175,0.39865178451301114,-0.8288083565279719,-1.1569206871349955,0.22191825467339102,-3.4715084929066453,1.2252861071889498,-0.04125977156656489,-0.8062576563513079,-1.6906885300359784,0.004196712419892984,0.19274409310177776,-0.16786949039981816,0.9420845062419101,-0.12755251425225395,-0.25166581294888735,0.1989627512392328,0.9055989276730391,-0.7010700065607594,-1.0394233960595298,-1.066924509183046,0.021809401398139736,0.26592751554209637,1.370199386786274,0.7334954873952675,-0.3894011719732275,3
4.830078751949105,0.6870631282088865,-0.0016392272658608909,0.20913250215365964,-0.9479253632078823,0.6808395427738466,-1.40627111997371,-1.523679461114471,-0.7189235775785259,-0.10563045635187585,-0.1341955775451798,-1.4304356343093778,-1.3875547055382043,-1.2055499811259354,0.19965444922106096,-0.2980881442939038,-0.9600941204016611,0.39789326844113976,1.7721307564426623,-0.29169222272673073,-0.29810982768195915,0.4957904816581742,-0.23189385179107494,0.12182711893786838,1.1289564537632237,0.8069047592658628,0.2646129640360599,-0.13214788666126376,0.12501039833217667,-1.1198164249135816,2
-4.277164433942293,-0.6567396446968897,1.49739829492824,1.7622625756871395,-0.9773612259170055,0.23497029550176268,2.448901816221662,-0.1010040962093239,-1.41016180660002,0.555159478957777,-0.9048537814308262,-0.03036763034371214,0.4376212330224883,0.4840434175790447,-0.31110428560387277,-0.16553126509712504,0.349335437960265,-0.5732078408446213,0.49558810373888407,0.6433005260645761,-0.3257346647730113,-0.1791715839739783,-0.2859109371743736,0.08809039550490029,0.7803851839057796,-0.3205994299916029,-0.7468106152869076,-1.027022239482442,1.2605615779340404,0.004781621430154538,4
0.695863692066633,-0.6489980006885567,-3.469227996026757,1.8262093763472613,-1.6066593087387644,1.4102869128993292,-0.303127345863699,0.1395108674536613,0.9278973310469008,-1.8906694009594684,0.8044181904915878,0.7830223462408252,-1.696526730276037,0.8365844063553758,0.21322749115328565,0.7441941636797805,0.765438602650773,0.8401362966007688,-0.11741514994059868,-0.2067313973764699,0.9913682137112108,0.04617168420588396,-0.5977961657292805,-2.1405364053893505,0.07104183330572865,-1.9677505413390541,1.0708215145238698,-0.6940724848590263,1.7376584955027106,1.3920804677604333,9
2.0736377113032276,-1.0592544388703469,-0.4333159404943884,1.0158868242133081,0.6616033900869546,-0.9756693754866492,1.043349686508254,0.6497485165081645,0.12648633817273525,0.29622739667311526,1.9007654521465385,-1.6060260345946198,-1.1740316586377026,-0.9451208406120665,-1.221731631177464,-0.06837816316248027,-0.5726905222477094,0.13718339136506247,0.5194143787527625,-0.9325741824014787,-0.3261599246030416,1.4097377458137705,-0.2956165373574112,0.16483943308191992,0.3231377357954181,-0.1921595257144635,1.3856261343980678,0.01093718622726247,0.20301851644256322,0.33291073912039787,3
3.9019125473719254,2.783507282939101,1.5606693514454038,-5.486620099169241,-0.03770644613224743,1.188323161813991,3.8967946128179727,0.07420231807614869,-1.8631041871489036,-0.31337853010820327,-0.3340329468194613,0.08202557104840763,1.4812147501476667,1.660622638753288,-0.07265026768265641,-1.2141452181937975,-0.25544360294755547,-0.6862700910705255,-0.6610990637658486,0.29935096970696684,0.5660054290672607,-0.11487536198103696,-0.22432921614445206,-1.6744676955608493,0.8816632151358087,-0.15981521455530662,0.5630418840061097,0.7814915998862624,-1.0445425439424516,0.26599630725207746,5
-1.0361301557068976,-2.087497346258073,-3.2806588069870823,-1.8091720385543013,-0.37804590861374227,-0.8608540763873718,0.20719629539310294,0.8527607351328261,0.28242007817981885,0.1246440899989685,0.19222553931764608,-0.685327859718985,-0.42127272314192693,0.08406419565944195,0.004127476843001751,0.05565043014020425,-0.49165555918174214,-0.319298969398745,1.1712428850153138,0.09022856665908077,-0.4642476819182081,0.4713255323463034,0.4508935498312983,-0.09269151268158364,0.7379355462175614,-0.34392786258179275,-0.023778364987063393,-0.25268602711315025,0.16381487661623584,0.6124709123222344,0
2.1998224580335193,-1.5691212444144351,-2.5847491099204842,1.0932367839605683,0.7424261312273726,-1.255574974551003,0.1605655635156565,-1.016960429546348,-2.1041982663448953,0.925425863724174,1.954197550626214,-1.9128314253752168,-1.415756523896742,0.43065019307355895,-0.523745053964211,-0.4129871059788235,-0.4871555443160065,0.4049741486625088,-0.09985366421129935,-1.1558233930012038,0.1849488861898631,-0.5766184778635921,-0.2959005363077345,0.36542423157495085,0.9304787655877904,0.516919816278398,0.015510462770441722,-0.136464761453824,0.6190784286994092,-0.11112100062020254,9
-1.4565357392423497,1.0694994508569118,2.677605278147917,2.5876320986217385,-1.0809812871333027,0.018364751509511237,3.2997368806938634,1.1420349737480966,0.8579664292492596,0.42583127225620565,0.3904172432164499,0.1332209829844435,0.4849263348847038,0.477343891956769,-0.6635294982519288,0.23509211499304689,-0.26090150991143773,-0.46213284744111616,0.5006954539793641,-0.1532132893266133,0.001983927585526922,0.5327043741265295,-0.47013733333093133,-0.6790105346406845,0.28677101187217846,-0.5091255097163423,0.2962065375224156,0.21832423391652422,0.2734435477951391,-0.4378257137001432,1
-0.4957988966371678,-0.4208998634577042,-1.6663686487063805,0.6504883389852166,0.15404936923571105,-0.7503213136770838,0.837276392532801,1.3475586696894126,1.170054247191432,1.5116826289333536,0.03394039325722793,0.5346830664140689,-0.6964524693677219,0.23797416956327894,-0.5076894560206286,-1.0970247803221207,1.2769134316335717,-0.18870776263284078,-2.017115901516739,0.07805972443989963,-0.2968777734790612,0.37364609684277084,0.30313730331507927,1.2989556557345623,-0.14151938913355142,-1.5667525443578973,1.135395662726025,0.3301434572212668,0.9114250863551223,0.4955415324079729,9
3.790672302869466,0.015652190244933594,2.5123566182916384,-0.3141231716531516,-0.5441553950693337,0.5441967678948665,-1.9295271771981215,-0.5900703393333172,1.1491250567306288,1.0636989097438947,-0.7707017340343871,-0.8419752249382099,-0.22128297169299996,-0.45451573696100606,-0.6538149977820868,0.39906470248919573,-0.3679436226978623,-0.10135814476763388,0.588473504886245,0.18230398170522147,-0.3325583883067002,0.4999820528141298,-0.04453887089893484,0.7247056271749597,-0.6442254434253826,0.4434137479828359,0.580265252567242,0.12138452583771994,0.43000905300807357,-0.6268904847875778,2
-1.4266029472711323,-1.3522609847968177,-3.8290893869618206,-2.410179572090871,0.2681920135246544,0.2258590736801242,-0.7309651093911148,0.3068844475016657,0.19128329330224952,-0.8371598627499505,-0.39488655583748045,-0.25751390248936673,-0.8156219047996517,-0.5377697257527847,0.8037943111029889,0.31642280872014233,-0.7743090106370806,0.29989173669491065,2.084865835110538,0.4704177009172301,-0.12948432143712854,0.81118963919467,-1.0358880407293516,0.06228389539687552,-0.8614793248287449,1.033233789282057,1.2002220732945317,0.13363632794987246,-0.6585036084584888,-0.3378322605703655,0
1.984877732106931,0.5564133568461582,-0.5695807459827381,2.302518401396304,-0.6582464431068664,-0.16155489087456107,0.3547235475686129,-0.23717063493252877,1.4196218402915877,-0.906828090199908,0.400257201795755,0.9503844173211677,-0.4344857272695171,-1.654077027204696,0.1703569629456265,0.014282753321933123,-0.3611620888707128,0.12360822012898726,0.8709404341174095,0.14984491211848452,-0.04968561476412877,0.6929963261464529,0.3417486034761544,-0.44696345320908926,-0.024800063781588288,-0.15562786817417493,0.7849563294152792,0.45530139145190185,-0.5243406098662234,-0.14229227856341084,3
0.9564988257533129,2.8660532261151017,-1.5485742802550149,1.60063318287684,-0.5091366871147542,-0.5559532477049972,-0.6384896737225816,1.7317030269440024,0.7532705374507951,-1.0322924425330817,0.2382227448148964,-0.07902556280091698,1.0540724009416726,-1.0805469356750512,-0.6899204612202434,0.008484196627371876,-0.13323672157313665,0.08800953856741436,-0.2227871454517264,-0.2998241257515298,-0.49624304344069875,1.4696916601789987,0.3621654626264853,-0.5873192405492915,-0.7689477076814997,0.11812749500915888,0.264378883306788,0.48410178920631375,0.30946426408022554,0.33689208115868935,3
0.016734754906735403,1.1985410820697702,3.519202041434223,-0.6025933899795983,-1.5773546986125278,-0.43704711023912207,-1.444156280498199,0.27428920428081444,2.1774348666158723,1.7305821701942052,-0.8887052747104395,0.7243905083827469,-0.5950136868723771,0.8948728092671515,0.8188048970929227,-0.16895416094122523,0.7094543926154235,0.1648072315597957,-1.0774244687949333,0.0003207025336464248,0.27072129683915774,-0.7505614141722676,-0.11348564364293823,0.0069365866926849535,1.0190545407539255,0.4451853263892681,-0.44614167729342824,-0.2618224315757074,-0.15584469250064162,-0.7249990658952018,1
0.46927350302671506,3.6722053772324688,0.6163360352632097,0.44448253926852066,-0.4479783038034669,-0.38173326571813915,-1.0693682662622914,0.24513395292813034,1.7340082115623288,-1.312769343986848,0.02564456366915667,-0.6299962059145643,0.47834458209759795,-0.5459376988714627,0.9490669921378098,-0.7523368378328794,-0.9246845055609805,-0.05385343550722939,0.5843410459309837,0.5839913844242488,-0.4715937772031769,0.788371251274729,0.06567151632120888,1.4479048505900023,-0.35429148800825555,1.9284280585946791,0.07244348950851275,-0.4047675217855983,0.299704097463414,0.531835369994943,3
-4.438966135259849,-0.4685176870990528,2.1908526540512026,0.15630856032956628,-1.87747811432452,-0.04678626396983571,0.3262118146117521,0.560489228383936,-1.7951384612875283,0.10359150525818124,-1.1113438689211088,-0.17986722993574253,0.2898160670837146,-0.9748049776952286,-0.6827122464695704,1.0155217131249996,0.8914933473499732,0.3883847696440316,-0.8072892684943009,-1.3224871891720664,-0.26963793788185864,0.8158051121310123,0.7784098599588084,-0.8899703306672048,0.43493688389415786,0.7788515147690355,-0.3485473082516697,-0.7070446465153176,-1.136561656185347,0.5080755940234697,4
-0.26906973688875835,-5.25723513913858,2.7310956522117147,0.7082164015613367,4.8819809596452055,-0.9273274697602516,-1.6248809941044082,-1.074501515643611,-1.863060184192163,-1.760993169727825,0.6400217141567354,0.8458173206647024,0.392495321313041,2.276608160342698,1.664758129485552,0.08441558722873684,-0.23441139769032704,0.4116526207972659,0.09637965714964276,-0.3900674482998958,-0.6182681714348286,1.2828891726645495,1.0483411037956543,-0.413020562814451,0.22893296462110801,-0.7627136125711748,-0.22115077670353575,-0.4886045461506013,-1.2992418693287107,0.5849610449627464,6
4.547341066863185,-1.4999752503541905,1.0401888546865843,-0.3185358766859942,1.7223609663415607,-0.4281806826061142,-0.1440679090112054,0.8992729317492941,-0.5906407548738813,1.051267488762691,1.5850109326948274,-2.1683870404169117,-1.5194449822677443,-0.1664292668145315,-0.9477079863976278,0.7178372709164527,-1.328949107872537,0.05480123171355382,1.0315549598089016,-0.8934760113952114,0.43826490634584164,-0.5769977449109571,-1.3225997789787285,0.7249716866125359,-0.027628489947640333,0.08164858023039312,0.212330568617798,0.1759910368332824,0.522914834843569,-1.002277610715298,2
0.11213899781013818,0.33226247754108146,4.15475038426884,-0.9551219461183711,-0.8335424288073047,-0.6449258212345431,0.6013389257821197,0.23821421412183424,2.5703494211419273,1.21960825621567,-0.14254664155507152,0.9598247139023882,0.3273543632093284,0.05336639822587078,0.3869805764063465,0.0753195243925586,0.026239438395628565,-0.2072871647841781,-0.09223189778994993,-0.08745812379404026,0.3284204895884081,-0.4651395988911014,0.10539271821640152,0.32974573551135505,0.4669900684873427,0.3536140641245854,-0.33485706444878705,-0.18287798434652686,-0.22424559626422153,-0.4832586097236746,1
-0.887903502887313,-0.3537525516629627,3.0072948242784685,-0.41053186279525633,-2.1082566742575533,0.17484580330523444,0.36034740019423234,0.9973115714278695,2.5823724595645574,0.34777927852551066,0.21181398779770194,-0.3268967806433274,-0.01744180421518601,0.5249061000477272,0.4868101797344929,-0.4735444755764053,0.3451075630769074,0.5849828176508268,-2.0710989878301684,-1.4555822981142748,0.9325922457338534,-0.9343440160233394,0.5767719279181464,0.2802448735324792,0.18010086212591192,0.021035616427795445,-0.28152459213785713,0.007504496127761934,0.09112857126027875,-0.21008319623506122,1
-2.584249378613601,-2.7001642089732973,-2.819887496675782,-1.622032227814683,-1.1539041687636071,-0.46763786546859404,-0.8949999977888361,1.2749634078284804,1.647914552258659,0.428549441699568,-0.9872452752155527,0.16256314832737967,0.960166536571523,0.5408150088687439,0.6636757315879469,-0.6503060874943831,-0.35679190000455474,-0.2947006792046014,0.3909406989755362,0.453339543968258,0.20156891492496326,-0.9098209086831921,0.5586757892843616,0.14249303860642437,0.809403871612925,0.3842943436984746,0.20401359948586542,0.34509234175351494,0.107771839942512,-0.15873881029078865,0
-6.061286994223266,0.9764202703847403,-0.25989695164534954,1.9530207283846743,-0.9342453108184938,1.5171975413209229,1.306619989971358,-0.0860860543560902,-1.566214666840803,0.39375739167138957,-1.9192506048638611,-0.6343645978515758,-0.2942171495560465,-0.38135475196908164,1.4721477501154967,-1.681514652688676,0.19336491624501062,0.06927950435106554,0.01120746374128215,0.7654616328141551,-0.3047996247991452,-0.3020119003650958,-1.7397876186784302,2.2252304328182304,-0.5273371204778672,0.5827036528410815,0.09821329564317997,0.770782591981854,-0.2295794061511929,-0.36988404643415385,4
-1.234357183523026,-3.718764871602807,2.8975017502229807,-1.0169302106861653,0.3090023295745005,0.39587924469894725,0.8041247906538493,0.30956030222057,2.2851389838854197,-1.1376811710262276,0.07907094101086481,-0.4602421219864956,0.9630893045035106,-0.4394726689884104,0.2555506060485031,-0.5025466485866656,-0.8544107653928081,-0.43744884229291053,-0.02431361818435205,0.3458770793992308,0.30987541596861784,-0.8697747994003407,0.048781983448318834,0.36909528942632797,0.3098432791285151,-0.3624095080000133,-1.141235453327293,0.17901587116121828,-0.5608785305875466,-0.7694478738585073,6
-0.43422201109178177,0.772421403884187,5.271179827914241,0.6670729039263879,-0.6668508120813408,-0.01397851286087299,-0.06258853303534916,-0.16481051202176566,1.2252909257107523,1.386914472550128,-0.8070182347170767,0.5503139049723947,-0.03639053438001313,-0.04282187102171337,-0.34498743318749103,1.0142898980315966,0.3039580769664721,-0.40618289895228615,0.9720318993356604,0.7826256625668845,-0.8056780782694638,1.0270805772860494,-0.42645425065648984,0.06600860596740338,0.1345306769695937,0.31180285931621426,0.1610287491654262,1.0287384968339255,0.3265326671110502,0.918271374836813,1
3.4855375588170388,-0.9794307897790779,3.1993955111347057,0.39883040437758477,2.1823182395698635,-0.10333538737515531,-1.0685370864980095,1.717422208835267,-0.024825814555963437,0.4950271763061887,0.2510768711403008,-0.6832804099559674,-0.597421131623873,-0.7315150242106636,-1.5815972483418543,0.48861699942126124,0.18869279800126654,-0.24523102244977427,-0.55837522173566,-0.38731913591289585,-0.09097181591959193,0.621638912339148,-0.6850400173954988,-0.04055080114993156,-1.26166188357425,0.1926878748628757,-0.20716912723329162,-0.5358340839796627,0.3816876207196122,-1.2028059336645465,2
-1.7767246220456339,-2.6917787227037286,-0.3978059486257259,-1.0559179782462509,0.3929565089690475,-1.009991464378799,0.6628810521158531,-1.759904099037637,0.2199262473509278,-1.3485542064339398,0.9778956390123897,-0.18103332254482205,0.2852808876395799,-1.2879858263676187,-0.4604390423964871,-0.25927829817508,-0.5686841440113419,-0.2947650919472062,1.6391624566364527,0.2827976300635827,0.032468492817928525,0.3374360031405988,0.7661055746990286,-0.27270531615801985,-0.19871268740521178,-0.1699438642232794,0.6967609546289821,-0.4767450353629108,0.692350930180385,0.4963274198099816,6
2.370995063399556,-2.2279290458299474,-0.9269045320402489,2.469969262199684,2.3982707974696305,-1.0405498005288139,0.2722019169553157,1.6307964327346296,-1.5766122350100882,-0.0636668186050355,2.4360750409327845,-2.0793280999768915,0.5003974204661022,1.2436954177848396,-0.9790223380947106,0.3804457923023132,-1.5341036828386854,0.21282380068670337,0.427500542649932,-1.5780776287416365,0.7452474737070115,-0.6209474851948363,-0.2541825707733823,-1.0097232304142947,-0.6414808492003754,-0.407498288533173,1.1562930005920664,0.5155990236631489,-0.6864232786079167,1.215138979733377,3
-1.8543866952310273,-2.758964496154966,-2.7961799754935783,-1.2782387141533995,-0.7207070155384278,-0.7517197380300868,-1.506489993359211,1.281357793641303,1.1108306997078254,0.5680648185565124,-0.6703919591381176,-0.5634244028871659,0.9028663041480018,0.8724739757476697,-0.4985690411749076,-0.09466263383671807,-0.10470458926892624,-0.5638242806397666,-0.04616737385560234,0.4276700476915685,-0.30974211609065233,-0.06761647671065674,0.9206654082876146,0.21623692097265476,0.462985193566518,-0.05436187232427072,-0.20639831385290772,0.019876876458867203,0.5447273008015205,0.5046829825959191,0
-2.433514270866211,-1.7948394930112161,-1.6808959221361586,-0.387152284568537,-1.2854636259519776,0.5124150374403919,-1.4004131472765946,0.26095979770983097,2.1651519783286712,0.461081727513369,-1.7790121296342274,0.7532277549173345,0.7802455433089397,0.8823771121994076,1.480352898476445,-0.6840579455190677,-0.01136849031076528,-0.49430821265764224,0.4627451485797576,1.687715877715464,0.0008938450328911005,-1.159108579083974,-0.14962630194882673,0.6779076649991616,0.38031796746743496,0.10395584315576714,-0.6279990726071866,-0.1332752227792019,0.3030867105370616,0.7919336302717921,0
-1.0877542069345814,-4.281416133548582,-0.02811246458528547,-0.9933432796652503,1.569001570983602,-1.0216344070673025,0.40262855510966367,-2.2341149876979025,-0.20481895449947873,-0.4274752715643052,0.7050655612815898,0.7688031234112196,-0.8492540857766371,-1.2104149317767061,-0.5878207615627807,-0.07553268581710053,0.9246765009992134,0.06284873958228668,-0.6643052741284716,-0.057415898213270915,-0.021009065865487748,0.009077746056621877,0.5274844993087108,0.12948629042211524,-0.22094108215292568,0.20357795143578258,0.7056526569528075,0.37204668104204386,0.4242916347082234,0.20890387876845135,6
0.79700756021405,-0.05672770713196458,-4.370704579152907,0.9846112784829254,-0.3154622081716244,-0.9669227145149755,-0.2575491725645488,-0.7366719883307244,-1.0730536543040878,0.5206660193079105,0.4018855720395863,0.6980235608650497,-1.7354059106657074,0.2490209236486166,0.5879280746583653,-0.19517834286882813,0.3120354588675661,0.021031275773832354,0.6663485904530988,0.1495874412482802,-0.3656727931103633,0.43672982761793616,-0.2602910124494517,-0.35112537577904407,0.993876450281556,0.06797428681291807,-1.0607572205111078,-0.7626964686217877,-0.01416768537958409,0.7972801650012512,9
-4.740691465690072,-0.9976964740567273,2.901127296587135,-1.3524595451933723,-1.284293713848402,-0.42877833008514266,1.5006527424062492,0.19963202716183837,-0.9572226943981407,0.2990922958071729,-0.6141913125455521,0.5805478190614106,1.62678603011498,-1.4117125432993836,-0.13337582495528602,0.11747195107944608,0.15662019087732204,0.1700832061871544,0.13764571790871333,-0.9814264484779678,0.4196402977154653,-0.5002219249909036,-0.14253549083485334,-0.45115004845857976,0.3956292603329231,0.5939951029750817,0.11596533343424353,0.01708464672440585,-0.5551131453570961,-0.3196027016128942,4
-0.3307125072900615,0.4597226177786233,-1.7585471525763543,2.127883143560099,0.3114612748170374,-0.8343980252302893,-0.37727786123973384,-0.16724955418123402,0.6027149733877432,0.02976167639246685,1.086133073193172,-0.11873679006794617,0.24948192436161373,0.13481920170366274,-0.13519916124183937,-1.7607495525685373,0.43099372479460885,-0.4935100485649411,-1.9051608664040653,0.7774059452222272,-0.12513483863409933,0.09610494153392174,-1.491792757526834,-0.038625898788106516,-0.2356645185763962,-1.7781261022066956,-0.953711970457891,0.700585332207559,-0.9860998912303656,0.38941715186558296,8
2.9726172918036187,2.595890921131669,-1.2507628589487059,0.9683479992874592,-1.5757290147720828,1.1925679738074293,-0.4604924214736658,0.6600583348856455,-1.6052715305586316,-0.45132172985732466,-2.126361044549088,0.6714185756915666,1.247836684429462,-0.9849032747396468,-0.7936768354647116,-1.679450018659238,0.5277009425501165,-0.29076060609657706,-0.5863545148265061,0.5681877874167361,-0.31760194399299424,0.8478948765987491,2.0131450734465313,-0.31916628752690074,0.7714391428933908,-1.1027777865605362,0.6374839211909297,0.7135479020467238,-0.03805954027926911,-0.6064636712303131,3
0.09018188557952131,3.6777001339216624,0.35867770492553724,0.23483515022684692,-0.9570344584041881,-1.9774805209137394,-2.691071581296227,-0.7929599510378759,-1.4720727637939766,1.2235131086226392,0.5152359992751457,0.3649957229173758,-0.15078117976934888,0.3309190073227001,0.04527222805227884,-0.4337142256064038,-0.38108220911041535,-0.4000733849950525,1.0799320337365548,0.5739293459888224,0.26435286853322276,-0.5073859021696948,0.029630480424674907,-0.13864829594324887,-0.055989549331959175,-0.4283628751437926,0.26619062750624783,-0.22933563093274456,0.5621407192163166,0.34791064603635874,7
3.2655052150240382,-1.7886590998943992,-1.3524871551370943,2.7144370677222662,0.19284177783303463,0.4907787928719934,-1.0710262600711602,-1.4869904487092196,-0.7800684450085626,0.2532296448262881,0.016004483957823865,-0.02895942293474317,0.2813299135268645,-1.336755179909566,-1.1360534018632977,0.5009141027204019,-0.019784181878042335,0.32184823632016957,0.528924646038507,-0.45488401786349725,-0.13489769026304266,0.3448230839276198,-0.29971269625871183,-0.014817026034923199,-0.7769900377424668,0.05726550383132493,0.014372929550755824,0.22027014173960924,0.6813288920487287,-0.4608090427431993,3
-0.627758598504222,3.9048444488522662,-0.2151635955434094,0.5697728312456269,-0.3586928032974181,-2.123195870660139,-2.5288755706070742,-0.41509154728894715,-1.7501521383401135,-0.3063685400580538,0.5725446993172413,0.6656347133238899,1.048878157303015,-0.7459544209299686,-0.42637774995926886,-0.8242265934661221,-0.019469645439776126,-0.4154333944203668,0.2890264206292269,0.6164893142023592,-0.11506070893427177,0.21715018440591682,0.33423354165329033,-0.7688310137578478,0.056173322509872184,-0.6185998481435474,-0.26869152825391174,-0.49594580745271954,0.09368391500328294,0.44374338945347547,7
1.468885370486286,-1.633008533724819,-3.7919554205196175,1.441082830690551,-0.6442513888719141,0.4095069767466653,0.2918942822725184,-0.30939146430886866,0.6828542500786458,0.24023410210221466,0.6381179436324496,0.006945995784331719,-2.285038993847395,1.836998494470907,0.6778327607023091,0.9216847203378947,0.3834416053557172,0.550309334974374,-0.37333608229930454,-0.2524106585121914,0.24781213354304374,-0.11102435944101297,-1.3374322393371094,-1.4701655030762961,0.8414335130118947,0.028742011677200467,-0.864776543971396,-0.24315072940153057,-0.5034969790118006,0.3678704406449208,9
2.463298707669123,-0.7722179196216485,1.4131170893335543,-0.11053189088148282,-0.47631045382518267,-0.5540769143512756,0.28000240980891267,0.09140677835465755,3.001003383764083,1.318375299346679,1.074923003252818,-0.7779618879532894,1.463708097848076,0.2127899224369252,-0.6023499556614231,0.12415295899506058,-0.8228440081523631,-0.35136063767630094,0.3257343036509869,-0.1642232391050211,-0.10542514287892468,0.46997439651532047,-1.081297091646059,0.4766167082302188,-0.5763791672132835,0.15468919904779707,-0.27631664950165136,0.3499749183695444,-0.340692813955681,1.2869554354367438,2
-3.1537149913099354,-0.7690545432482604,4.172149669096011,0.643708973558617,-1.6660843830384122,0.13517239558886457,1.3452419301176122,-1.0568879472716672,0.10534166062533137,1.232764542319898,-0.8391588241441726,0.7597405582890697,1.6073831274032178,-0.5586545757197109,-0.21053381830863302,0.9038321915347761,0.2890711280602281,-0.0009355821215799205,0.02480809544259802,-0.5514479989075002,0.215457323222834,-0.42926863161700224,-0.12601904201064065,-0.17266275052138894,0.02188688369953663,0.7113826056714758,-0.18317666945758831,0.1654260099158952,-0.9882418589956291,0.753938192134335,4
-0.9848249414278943,-4.7925658713804395,2.3305753606839,0.732518802738204,3.4934537601360516,-0.9420061605839954,-1.4136055597656745,-2.8168054221559444,-1.6466891287689769,-1.1400956049815547,0.7208465182725016,0.2684104041904517,0.7494185910622571,1.9123192845589887,0.6906707175852337,-0.1706014903068838,0.11781965465161,0.09564062083749651,-0.1463080378122759,-0.09503097389259799,-0.3885805435487603,1.1914689112874184,0.46537934479207493,-0.21430525172597886,-0.15050672791639153,-0.23046920056472062,-0.6380769693526239,-0.9342371445583557,0.1462123317214327,-0.4182650839566902,6
0.5974986432417415,-0.5896806582245582,0.26906845675784175,-3.107082672460054,0.19536053017061228,-1.274125884878005,5.174042678650662,2.629923855313811,0.6783617454591545,2.966408837700998,3.1395594046099227,-3.6463461886508983,2.8301712483931274,-1.808213597090543,4.75583856672118,1.6133957270879875,2.2250116391844057,-0.08838902992851538,0.3219741473289715,-0.7647669686688843,-6.129779495771839,-2.330554837903945,-0.09589948778368829,-1.9827233980900179,-1.612814845807234,-0.9782354484508727,2.0959988273663703,0.3143232152793047,1.273471392219276,-0.12869194915092938,5
3.6188545365529263,-0.9990578021692276,-1.0292524766562268,1.703615597572826,-0.3729714144647448,0.6344723253969877,0.5665747853267201,-0.7855250458512998,-0.052929494016596704,1.4854840637631042,-0.5709063454697835,0.7083065958783318,0.7649841101574569,-1.2519713771322218,-1.0629520474101666,1.2940640496500053,-0.039704893904181256,0.0777280528262733,0.7692333111545249,-0.3823126281824261,-0.5123099752114377,0.5103556246622252,-0.1948437551118245,0.8373158113812746,-0.9180332817956502,-0.4324880058488724,-0.21669339066728868,0.725176053697828,0.10064125077994376,0.03953913858423639,3
3.0811261979221953,1.312291355301965,-0.08883682696446951,2.1152260718104245,-1.083493576886142,0.6747881501817229,0.21347024302906356,0.5433510336093376,-0.11575407309118065,0.5057628482968687,-1.1891621004951305,0.844199346428591,-0.5030754920231557,-1.868816163919618,0.1428672191377956,-0.2196105754634436,0.1238939124100299,0.17169129857666168,0.9085726927718799,0.03981275614994992,-0.8602914477386518,1.2676869215389015,0.41407646788012686,0.41734805320957125,1.1017547257232108,0.5438322786114707,0.3940842686107875,0.3736237056590171,-0.3979462009077445,-0.30267542846219164,3
-1.7805867014159062,-3.183062615835826,1.871414107056244,1.7910592140074133,0.7800223023119426,-0.14408614195687197,-0.08916565028521418,-2.4445721816075476,0.06633431413121722,0.1540508814190448,-0.10280408786688028,0.1419905675605115,1.596866433548435,0.5350549834549667,-0.8607709307324586,-0.12482567702317589,0.3183322880938003,-0.8361810402787578,0.03337372229134283,1.518075834199575,-0.26080924140910833,-0.4263415934361585,-0.8103737564641431,-0.15278667794119447,-0.2600252879059382,0.3463678849622938,-0.6332914821091007,-0.06494891704353388,0.6052433847975252,0.4847931929007397,6
0.25538530801921644,1.2949010517495638,4.514768474530509,0.45549614688958795,-1.0782905214656768,-0.2895772315501402,0.025510998223917135,0.02066033908920732,1.9939054054983505,1.1078881747806102,-0.2140830518600511,0.484701871971119,0.6378695235053036,-0.013947423403402406,0.24046829918942172,0.24486518855562325,-0.43533658923273305,-0.29974457116227016,1.2219986995944931,0.45469330738060987,-0.021801983954277827,0.10263077057144732,-0.7523420740946926,-0.1737829194320838,0.4162807151980688,0.579998994644677,0.105930741534892,0.4481165097821354,0.1714188802035399,0.008207119381170263,1
-1.857792550125921,1.5807507116797281,1.3403551176464992,3.2664087516756792,-1.6567360412280163,0.08602140444589343,3.511186884161295,1.8444417208658717,-0.5002306850444961,0.1975311122342556,0.24694129071032325,-0.7846492254893058,-0.5802380151108871,0.5698985576024083,-0.9456740621385304,0.5770713212472937,-0.31376425641353006,-0.18067505926740207,0.8204086548792592,-0.7601032679414048,-0.5799303612955773,1.3986302169260811,0.774597431185041,-0.486398019755542,0.6564456803224171,-0.15986178185057054,0.7421766351526047,0.5092549976697992,0.45327812710569443,-0.47794211246521145,1
2.606797161723873,1.3208555973740819,1.2785536257212002,0.9190691276774079,-0.6150071870959656,-0.7866155931428854,-2.3743687792159407,0.8743171911517309,0.1404871275283962,0.9461332551201401,0.34280812730187865,-1.2746707309264005,-0.1745080254771997,-0.5323177499799224,-1.3571557099840803,-0.12849733869564145,0.07533277751616267,0.0034566403975606745,-0.5506959171895803,-0.6408555390136832,-0.411767965708773,0.9344796591658885,-0.09741813703860515,-0.0842705708268406,0.09501672264714615,-0.2962811054284458,0.0816154350927261,-0.2168235472550224,0.5292863719035961,-0.8138008525360446,2
-0.23339473335790734,-0.3038412930220544,-3.5050115375878343,-0.017144167091792572,0.5043732143635412,-1.7538398285035612,-0.20016129736896413,-0.33744731678193496,-0.6605359241828836,0.9297760150220208,1.476521154552536,-0.8494135326565447,-0.32943855797924454,0.38374536518677044,0.2356020172913634,-1.7262238155046867,-0.20439178036860733,-0.009788086049284137,0.14802059332700862,-0.008918300997570568,-0.10385050694745528,-0.04939100113667742,-0.6239877896529346,0.8776046104280731,0.46331906105029314,0.9870979400791278,0.8256509849083791,-0.08230896778167175,0.8501174579941163,0.9652165167350569,9
-0.665366627814195,-4.539479260467404,1.4857316715510502,-1.778451590974552,1.3352558924668188,-0.11107669896485671,0.4354089530722726,-1.1311957134438642,0.9146638401985374,-1.3960421500890297,0.37693778244352477,0.2549907271878496,-1.304913705749133,-1.8295529752812851,0.1336424299703085,-0.570866557353247,0.4702084762074455,0.17235261562927873,-0.8560732630064661,-0.03812860819018783,0.0399051774375788,-0.16990601576462278,0.6412052005950681,0.6884048001478384,0.018046715942232013,-0.34303042299856795,-0.06912828917099685,0.48030036835762957,-0.11094747099160034,-0.5821796215594949,6
-5.811497521308198,-1.2553254993759184,0.948160305639864,-1.5848760542771327,-1.388934049098527,1.7071911936876636,-1.0796583448836097,0.7771400723912418,-1.266983492740923,-0.9130023428506601,-1.6882718998395179,-0.6645900072550265,0.11587834633702819,-0.06002160613951604,0.4319909172935616,0.4612918927265692,0.0822960183344389,0.0784445355142409,0.1383747589993765,0.37005276709352997,0.1214538980261342,-0.0002707122338050682,-1.5566024084584473,-0.7244086381413114,-1.0244303599532234,-1.5332865322482352,-1.6212560924558248,0.4590639033484681,-0.3226222452712373,0.19794610075078178,4
0.8985215971052043,3.1591490545946943,0.8814135754696497,0.46212853359202033,-1.136444270228444,-1.281221961436524,-1.802819743479709,-0.5741810656646251,-0.7106291076002761,2.0223129829643307,0.04626127023007587,0.8438071390626647,-0.38692355624133956,1.6102052962911355,-0.37066074979614855,0.9006401486817627,-0.16970675856514894,-0.5479981803143535,0.5975933682913731,0.5574975391145871,0.5049150317698307,-0.8363596912674511,-0.24999379935976118,-0.6780223470807166,-0.3798886001635264,-1.326652361152439,0.28830575814903253,0.2724795388528586,-0.29986733055118164,-0.6389306373311243,7
3.2982532260134145,-1.3571060369095065,-1.9793668696999391,1.8352992343823564,-1.0386256895704349,0.8356318441299592,-0.7763611210001169,-0.6378035075438213,0.803089705271989,0.9524253817725336,-0.7318198909201004,1.2389659603902308,1.7218892080665762,-1.055742375076579,-0.5585765870553475,0.36964494142798543,0.23125122887301153,0.420759002532117,-0.13091002765798843,-0.6574318187211925,0.3446022458511725,-0.40733604614531316,-0.29890205538874004,-0.02076853485926294,-0.9301208476541432,-0.30850577298698884,-0.4227246672687627,0.1587565046969918,0.4701534739245483,-0.21089549833572058,3
-1.630320910311702,-1.275231289699732,3.2930480745813053,-0.1635475286698802,-0.2653410710985475,-0.3082264373519663,1.245109554039697,-0.5644098137298308,2.0400816956064767,-0.10166546332874006,-0.03657070448797206,1.1164633474206027,1.0503729052507895,-1.0406234550020443,0.3129768103372206,-0.8853345889517469,0.060480962873880585,-0.5182384826999779,0.0413038785071317,0.7746168708182734,0.23028170356450392,-0.5950160904573965,-0.159589187816804,0.18812666630767502,0.3693585402732136,-1.2784429748995216,-0.6996980734659648,0.29907826637957396,0.4837016264051551,0.02768090713839616,6
1.2380624647882388,0.5646958361324179,-0.2645532942554143,0.7057785254839432,0.7881908474537324,-1.918685566648989,-0.7584837926856193,1.0992001119608958,1.106441263790317,-0.6165522563272806,2.170491633215029,-1.0308621785658876,0.8093354610592249,-0.3568822899975688,-1.0881964302663991,-1.017854482474612,-0.43588801735355487,-0.43303519833825993,-0.040514918985087016,0.15594417588684795,-0.41766340242038164,1.6141643663547316,-1.008606926964231,-1.210503581526929,0.6051054362975333,0.12964549302058131,0.3621307471925923,0.03803113051967041,-0.4657459550487926,0.5369251805511218,2
-3.4843536459971167,-0.21583309858480576,3.022000150746387,0.4504440860611135,-0.9278351946424964,-0.5863858271703466,2.2274844658907047,-1.0488226146634831,-1.1685735061204376,1.781141609407414,-0.3575070529315749,0.7934581542234288,0.9420412318878773,0.6148172734750951,-0.615469857651171,0.9952583802529318,0.37520772641662514,-0.3360879281110308,0.7825118164699748,-0.27740578043179753,0.25909637756453247,-0.47779514517842286,-0.07002072372937662,-0.439755957704706,-0.21373164178920787,0.8785308162125934,0.4448267205592412,-0.31775618897376906,0.2284943716323673,0.4062803355554212,4
-2.541319803457902,2.038848893077291,1.380143120132634,4.88900802490135,-2.8767179024635876,0.7861096052164338,1.516707354268328,-0.8198158077078451,-1.1591903538216033,-1.342304968670082,-0.1630671536655719,-1.5761752737255148,-0.8717163014375954,-0.273375314946112,0.3540348037363177,-0.18884360375618472,-0.5433089329887505,0.34503296699305136,-0.6500650570599623,-0.92048806265579,0.020402388800856198,-0.24713056333840286,1.7106704633759502,1.2136670589698804,0.32632450234198945,0.12117296315136035,-1.0532929733180048,-0.30548361666678997,0.1674395781011481,0.3784793533976407,1
3.3148853729373395,2.41147093619328,0.592970029732615,-1.5678125186010894,-1.9000585753503032,0.16830189641657428,-1.0084932243004392,-2.2550676383230193,-2.373917984594826,3.043237553881299,-0.21561196746375655,-2.427409816913061,-0.7053874965600119,1.6212644423504785,-0.18733772060053333,0.03934014243167763,-0.7803464479905323,-0.2980961793469283,-0.11320863757155158,-0.4875950687016681,0.03703841098526229,-1.2657227377393616,0.24126384336638965,2.171490803950074,-0.8885719597297153,-1.4354360710462861,-1.0071497601435904,-0.02813061431760653,0.08696400761490715,0.5119652272741351,7
1.2997162089094476,1.5842112509215216,0.5589906436204374,-3.9058634698304258,0.5647299545843666,-1.4561069246585323,3.026775815625437,1.1286770348610602,-0.3687852383294476,1.211290531937272,1.232681044447818,0.9223181979081555,0.35309300287129763,-0.4277363977694077,0.4895509340902794,0.35852748136679874,-0.4364759693977267,0.02215830287665302,0.32125747865962007,-1.284488224587541,0.1976756202961779,-0.3441914903024872,-0.34028005950276663,0.6925384599171889,-0.2593146603500967,0.06295263309362674,-0.7707048376455063,0.1997183777123319,-0.6922212882410178,-0.02497281279880306,5
2.4844772221119484,2.5787990895940607,1.4059915134272796,-2.6509512815448724,-1.2760001366711402,0.2772104880678571,-0.7589587648127217,-0.4888560587167964,1.7577582218285708,-0.7835599249338309,-0.1286369998019959,0.37027825463132313,-0.848161277098872,0.7508066414152675,1.5546762009954915,-0.815795527487051,0.10106523197239409,0.3638843366132044,-0.556500506532948,-0.06144465910629105,0.6791567298038081,-0.32276338108615676,-0.03884185554144564,-0.9731287955492093,0.733410204539848,0.8574456924812209,-0.46074586143488927,-0.8345639289752822,-0.6212064110603938,0.004231553728319044,8
1.0218393271528963,0.18484775492320543,0.11822746280637159,1.5582827575958664,-1.0438015086485206,-0.7857005739511321,0.20524587781541093,-0.5224817012942753,2.1198881392590416,-0.16705503336047817,0.9176222125220336,0.3575812776888798,0.09759566018897839,-1.1850165328168796,0.18943670687810762,-0.816198275469439,-0.21135963425318133,-0.03526926257132688,-0.0011466615854848255,-0.15747341866003092,0.09681955541820823,0.1779202588608658,0.3750149697832543,0.12294269622463508,0.3209393688064389,-0.8671308693218035,0.45323501066929534,-0.4883355944174851,-0.44778862422004423,0.8175210798772623,8
3.1071528066339957,1.2433066121527974,-1.8103501492815082,1.9347377918537392,-1.1675424905721892,-0.015052037191954306,-0.14364704376834003,-1.0212346875208453,-0.23372490925910086,0.7113949168363713,-0.6684026607438269,1.9241154133576144,1.6627612832012775,-1.4215538072739957,0.12048188868628831,-0.6410595711998632,0.05200584800828423,0.09839027688304332,0.02933102387440178,-0.17601885477219406,0.25769328463798236,-0.5482691211194459,0.4934862639595167,0.30975565156632473,-0.3646911143420949,0.2667280574955407,-0.35988095927790476,0.08995213302355477,-0.1315407904543764,0.03942804313566157,3
-0.6384547203770066,1.216353754600993,3.887341079044484,1.7878758366041907,-1.007239304984442,-0.4628524850497179,1.6621417980632163,0.6895450638427749,0.9729724117301305,1.1351297677314,0.43552899990491006,0.02630409577930323,0.37345093630314036,0.07467490512328348,-0.4176942858077747,0.026196849947213684,-0.30844016137757146,-0.30932125651776377,0.6916843014207588,-0.10579506799285283,-0.30287133646459735,0.504798300937945,-0.6991668561696871,-0.23996985337903315,0.9592083086472295,0.17357914552825454,0.6526812515353076,1.521677703284995,0.29747313024447103,-0.17815403321521836,1
-1.2186429154995357,-4.151624355323602,0.9415797704349327,0.5094159467936897,1.1325396755986314,-0.2533364790298676,0.4809686723786258,-2.2808478123671505,0.5340037156114055,-0.7426586821423339,0.4213902738085861,0.23595820885681315,-0.714949502461111,-0.3434552775361176,-0.36131143472603944,0.3679307692833677,0.34391477664936665,-0.30454355825490365,-0.31339441929746287,0.6766446654108724,0.32041677649865513,-0.6798336169345317,0.31389004501162054,-0.298329135221765,-0.1730293905356761,-0.38101790319120893,0.5273657299279724,0.45418129004902796,-0.16873134165277767,-0.03398644053152257,6
1.1571891847165487,2.6454852425876063,-1.2173249882989283,0.05594856294165707,-0.9863686618936648,1.9867206883470794,-0.2360523274041745,-1.133578314417756,0.009475967694860754,-1.7040202723891422,-1.4237961001441721,1.2564152615408006,-1.2595060902286217,-0.6090612378781171,2.0682189731571627,-1.5636137532804695,0.9029739053102236,1.1061098121138897,-0.8139197970938654,0.5956257637777155,0.5993369794251157,-0.24667379610829512,-0.8186498662917857,-0.02819825285507418,0.3554145611973654,0.6565001396056229,0.16189344490368773,0.0958726788325913,0.4085160073022599,-0.4732990316161525,8
2.623308903517984,1.8345769087864319,-1.5561551516573373,-2.358023129141671,0.21612259571221706,-0.4488508205879742,2.906189956915741,0.9038750330082326,-1.7001071467009257,0.5012511040937981,0.7332112841695061,1.2973910341548893,0.23346811554134728,-0.1489831102014557,-0.2504864442838185,1.0624776503345035,-0.24296530398853908,0.016852016235549664,-0.03769961891180658,-0.9557061877165063,0.34300150496698417,-0.16630981615306784,-0.5899279070678225,-0.6524791198790918,-0.6044560299146622,-2.267742943482573,-2.6054296809196726,1.5832485143157333,0.0692473898330699,-0.14874154920601443,5
1.8044496742725162,-0.6739513175617706,-4.31502954459616,1.993123754030331,-0.7441506490652264,0.14559960248500517,-0.4441497487989287,-0.04544905958495972,0.9736457883449876,1.0963888653102722,-0.6150792995034066,1.1934883161192817,-0.08701539533123852,1.199821595680005,0.691638734695811,0.4106715380217844,-0.07026084884942932,-0.019277523768222646,0.3501150239412262,0.47448020020492115,0.25405081036815774,-0.7218772633532795,-1.1478624474981967,-0.5407876072044479,0.40426683155707344,0.6726054171633231,-0.6890561837812916,-0.24229611059974412,-0.5316619658925927,-0.5341665332792871,9
1.7967848425673754,0.8453509854664782,-3.110835428281061,1.2796561093568586,-1.9423981935322485,0.1317952189124755,0.8847139596984243,1.3392412232630422,0.7314212531189566,0.9777430417504653,0.34116966093058576,0.654014425589186,-0.4216087634084433,0.2104586071233359,0.2253810942922981,-0.03461324357239603,0.3353233183396277,0.5076335056170194,-0.9977327046683796,-1.3341433952229749,0.324523271609717,-0.33606677835871746,0.34871395825396584,0.49487641126938725,0.03985654233684342,-1.8882801892860042,-0.7455390348212212,0.5892425703912433,0.957859164665577,0.9040671600694767,9
-1.1123987406564708,-3.9162021307184234,-1.6325849235236523,-1.4436936825593985,0.23089268974260876,-0.6987726963025329,-0.514235422680662,0.6658745629786796,1.62876790354681,1.158107016025014,-0.3524669050476017,-0.8310141409907684,0.7236656691439998,1.988105068690852,-0.9187498525681216,0.19790270263262058,0.2256149262252834,-0.7435998750021938,-0.6783600313393032,0.6449544633607701,-0.7293748922886245,0.1780828507695114,0.751368215020846,0.9793389204051126,-0.028034053423641753,0.5097075821391411,-0.3360493519255173,0.012921012492431749,0.8304483017575933,0.8517834346746078,0
2.8548127697807986,0.06288987703819612,-2.6591193244601716,2.4720246435699846,-0.11027517521273457,-0.15730397145738695,0.6448922134928954,-1.110159479846814,-0.7600331450327673,-0.0304723750529108,0.7554497084884264,-0.12259638165209824,-0.3928262527048675,-0.389136467762228,-0.3838105488074436,1.304676920703678,-0.526547178887095,0.09532183501092846,0.9049340785487137,-0.22104247002493946,-0.31206973256457005,0.43179062941151525,-0.3237881490512563,-0.5879670576554801,-0.03999936985126788,0.4236226394423452,-0.28970783989047183,0.017543560855295477,-1.1718978180602755,0.4234440974558757,3
2.5304424984957565,-0.476600296371503,-1.583256558539689,0.5384560706948665,-0.18878449907741465,-0.8897388582803675,0.05582633098937841,-1.3245944580337976,0.7427878697496605,-0.5174763012010295,1.6021773115213287,-0.401560508510046,-1.8599606646538709,-1.5269388919378075,1.1475202588121947,-1.7663365847099601,-0.07263879347533472,0.6061050696357779,-0.7042800724973538,-0.8456829106601027,-0.012843170395694124,-0.06496863975645889,-0.23332572352632291,0.7189864684010953,1.386656200799882,-0.5418163900078046,-0.7737109260100391,-0.3867827776127409,-0.4532449364272905,0.11132690511780674,8
-2.0557561995279134,-4.19646970146864,2.0203994366362816,-1.7805074207463112,1.225939028044887,-0.514479372481823,1.3792374982539894,-0.3510743074783471,0.3382791588644348,-0.9629614203615774,0.5630776827524074,0.03155860063117012,-0.42644948892009926,-1.7201762605185213,-0.19244921047120384,-0.6413964154332353,0.3347361988362499,0.013849114135289152,-1.1132440267656496,-0.42877014020424875,-0.0042124074791423174,-0.02338976041487627,0.40395715191679843,0.6127271661906342,0.003327751052961247,-0.14694057228081922,-0.35852102985307116,1.0392664147118436,-0.30353699169532283,-0.15106682883530748,6
1.650188598531762,-2.091473407570211,-1.3279157608086891,1.823041619147722,-0.40725024465035775,-0.06922655869914346,0.44947828310766763,-1.1172953869400306,1.0450212146121138,1.6173796610911326,0.2020030156837998,0.5037648698635403,0.563583969951843,0.1447696391370109,-0.8684805510202782,0.6890114619559196,0.11792106789653736,0.08681757318182814,-0.25911469995415,-0.45679331235047355,0.3343188187092663,-0.47771654142093684,-0.5502488594374906,0.3018611791533319,-0.708472463947473,-0.6680990038449337,0.3204186558475974,0.5780556010824306,0.8132789261523249,0.3661522999458879,3
0.25543469821613235,-0.4217075443983327,3.447251706004061,-0.43407964438219593,-0.3632721101172083,-0.37084957299696825,1.4232345379105742,1.1275232069460475,2.776933807774082,-0.21893423849323904,1.0268984766463136,-0.9848575920508612,0.479709887590004,0.638731503123176,0.3565670298192346,-0.2872527985342212,-1.2744625785579715,-0.3264164980904314,-0.014062150836744725,-0.4229084875582755,0.7470825706606697,-0.9388047713195363,-0.38339360282055845,0.25993933140230197,0.24943281859458288,0.34408999446393346,-0.737758585972129,-0.10885383638641959,0.05150013125091534,-1.1641137905193835,1
2.743761799847962,3.973310756272899,1.616868486919289,-2.9981761088272716,1.2293808596610778,-0.6898218886668618,1.4051817130458402,-0.2637252622553944,0.17850088924907545,-0.8353588763844769,1.0524883490844807,0.685962807522511,0.7351581227832191,0.5953824306210783,0.15430643743905342,1.476099670741876,-0.7945763342580138,-0.4120146566117429,0.10839650890783942,0.20859612627166801,-0.06655238292314,-0.030619499415414895,-1.0898921600363582,-0.20526135385643135,-1.3333661524532825,0.44886129032206623,-1.8208974876367996,-0.1737512695364324,-1.0305666305733494,-0.1583968919429016,5
-1.104388842441274,-5.056378590178769,1.221827481518745,-0.7926522248191302,1.5667079962049948,-0.7438685729444409,-0.44216376947084707,-2.3981384388393368,-0.05715540671000159,-0.5651862298066949,0.688714662977416,0.04990491297474687,0.4011069521317654,-1.0638035825182561,-0.5600082286597475,-0.4109198841191302,0.44005147782635473,0.05010016701101356,-1.1563702285250563,-0.2239402079777481,0.4612800462771074,-0.996846958766593,-0.07084072122445738,0.028876989619731352,-0.112401170906155,0.6374538053698955,-0.017976870693503504,0.10902198489889557,-0.4735884677253713,-0.6725547754977369,6
1.8727731376557035,0.5815558259383129,0.8142303874711017,1.5843239985726192,1.5599731164659902,-0.9009372710555382,-2.2730987344332227,3.5503962552003823,-0.9714301887314132,-1.824134474816701,1.115805900856032,-1.602867523098897,-0.8052088619226754,-0.6009665407446829,-0.5131196824602847,-0.7245157539154068,-1.2396722369854298,-0.3253096935409042,0.6536174485586056,-0.06799806721056519,0.5852108678065474,-0.4202071610801566,-0.010830591965305166,-1.4950417355853007,0.3032219117850778,-0.7806172634467623,-1.2065539916342725,-0.15914802595122776,0.777575393147095,-0.7072337062172154,2
-1.9844302007702805,-2.7269343913810147,0.9815761123732296,0.9258816365761308,-0.37363712029499574,-0.1686314532990446,1.3569043291488645,-1.7073947908242588,1.405963742862248,0.020982524548358916,0.0952115157454216,0.5132549553563598,0.7091001997443706,0.39469096018963745,-0.0782979534216443,0.07711006762501244,-0.08214928654186039,-0.3792138364111947,0.04592959708281458,0.7357192590531767,0.5483835636415113,-1.2638258902377362,0.28193878385461063,-0.19700500184804184,0.1348437302804293,-0.6460992046913359,0.6119964907520044,1.4238806501187624,0.38061576777287404,-0.1605702339141578,6
-0.2760880676330373,0.5209426342424779,3.2354028119109635,-0.7849852631523057,-0.5082326226702554,-1.085930067515047,2.1233319533656174,1.0367933011249755,1.776474178684181,1.651159420237766,1.6192752522244327,-1.4599409801782162,-0.16739654480633814,1.8344924115788723,-1.1341921832642314,1.1372938639634194,-0.7459307302255419,-0.4898275126055247,0.7372369104482085,-0.33173903529104115,-0.08732711329688916,0.9441409175769161,-0.9696459209654679,-0.38215713179838356,-0.2842222056260422,-0.1353157426935517,0.8591250602473129,0.2161642842403226,-0.1175641683356847,0.8945019395862759,1
-4.181339783050972,-1.9269926521877174,2.6961438921253826,-1.098014097634412,-2.4547473618944298,2.4692195926646665,0.35724559905200454,0.9973389845800218,-0.38842339557882666,-2.445840589847408,-0.9607380563222055,-0.9405523017306437,0.2820881926547539,-1.2324009510406215,-0.31684768973936855,1.4225496820115666,-0.4054975587511793,0.6379169193828171,0.9549976716613134,-1.0914653544365078,0.48400457603335606,0.6356085639219352,0.11171263810960191,-1.38327170997363,-1.148216536019832,-1.788490047181537,-0.5054666494052311,0.11485135327544284,0.29069349311107284,0.4061650563634126,4
-0.6796103122477737,0.7484656022186701,1.576850630621456,0.31978371861418736,-1.3184741147213113,0.7354294871013298,-2.6363377766600062,0.005613914805177002,0.9213874884056265,-3.1067220011398717,1.2213446073501508,-2.3987022536398697,-0.9514672273037844,-0.24298423628833923,-0.23152931948449043,0.2452208144342532,-0.7389314075322257,0.7002715353260639,0.3147124121859843,-0.6588546574768582,0.6736344377278578,1.1502211758224936,-0.6579170578418265,-1.834552835397744,-1.1446862602665322,-0.012120285530769912,0.4808907204190201,-0.28693302770962564,0.8590182748066291,0.724682859678039,2
-1.624828376318685,1.9871212264618552,-2.884478977360436,-0.2547282504546861,0.5973553259718466,0.0551759993435893,1.858276503527115,0.5474371203366276,1.4064081970884632,-0.420012110515836,-0.4839523359243305,1.3605485819390233,1.194334084080133,0.9415000870001549,0.0937598955409056,2.1083759234128006,-0.05391464454390117,0.5667935548523835,-0.4771923188623899,-0.953226776340606,0.527673124016196,-1.571142090771123,0.46461445147451386,-0.18256855933671193,0.5843830073765922,1.0885941843659137,-0.0495551249116068,1.2038561150774214,0.5881262857417406,-0.859906950783668,5
0.2478656927556959,1.13388907434277,-1.1610018450097663,0.7907074750083217,0.8940749235159421,-0.39019339443119083,1.5424902147682913,-0.7388107496715284,1.812567250744268,-2.0919658353787245,1.5768733855581638,0.3237598856499307,-1.3894678227053219,-1.2892227094239626,1.3965890363145679,-1.2463301303169638,-0.020772902156541664,0.6548770938679133,-1.27604622635359,-0.25428369909917026,0.10376140211822278,0.48780486213520163,-1.0479110252254002,0.5393751547817632,-0.2799992176322588,0.12595066752764827,-0.949460950661763,1.7381623581863073,-0.43462428996970315,0.0747853605182104,8
-2.079643580460516,-2.0032288620426653,-3.483239033518674,-1.1714835848330813,-0.4816126056085387,-0.6071983050493649,-1.1335761093587984,1.161226184145252,0.8191079828496524,-0.08997676612565193,-0.232203013666166,-0.9385329946024304,0.23006087031643768,0.5574925310653369,-0.04478018215227303,-0.3083150488348288,-0.6684463814829078,-0.5606541402733126,0.9376136390304931,0.643109965313182,-0.3587097508611432,0.5192473499278697,0.248399013044959,0.055721909859140654,0.07008951270753155,-0.17836987837660498,-0.002811091261270268,0.09532547174990334,-0.5878047856211047,0.46726755240881046,0
-0.23845053591398396,2.875066706881341,0.27315214274290456,-0.903456626117709,-0.5297445211149316,-2.0163339976867234,-1.8178446669674766,-2.0286029790381517,-1.8158731550538219,-0.7045372044183896,1.4722497078183612,-0.20702162735719667,-0.478925648307039,-0.6197473548020964,-0.3496276829931544,0.8564159495113244,-0.600981439952271,0.14359906631589342,0.6640049052943391,-0.6534008609120221,0.43088634463210174,-0.08054719834526178,0.8179996585445954,-0.6045696162160281,-0.6685432148475103,0.3222727299106671,0.10403770521762808,0.010509772741517263,-0.8691039102073234,0.40991044927379794,7
-4.609868815688606,-0.4869219816999772,1.283947038795423,-2.617951116928348,0.33695686976654965,-0.7493390187556046,-1.1768505783808805,0.851693521363353,-1.258812739488679,0.5553600650818603,-1.1181401460735245,0.4582805916722262,-0.8644545631684587,-0.634782263749341,0.2334512104704349,-0.6173611235965673,1.2271569746365785,-0.17738731917328707,-0.8308692061178288,0.621244047324857,-0.5054458607711505,0.33892282414610747,-0.8630686747113311,-0.04982594759061237,0.5895399396439902,-0.6956488381043755,-0.49586162051847604,0.43256704145240554,-0.2361650912119525,-0.3172346604647032,4
2.6012965236005376,-2.978625868457631,4.341983604300748,3.6335559410920704,5.747859759647765,1.1167912593969285,0.20833804812931467,6.049854990826512,-2.1825837599639857,-1.2305945185768747,-1.5160841349330336,2.4743492177139723,-1.7795964928861254,-0.09328696860075454,1.7507266481982986,0.7543206401399822,0.017405997072432886,0.4184471909512197,0.5346709727680121,-0.010053458234986832,0.787582073463408,-2.386469850602327,0.7816014770197083,-0.07837777600675791,-0.3673198962124495,0.7592319376349469,0.3523035580000173,1.2134761570872254,-0.1417449003722875,2.0075909969461647,1
3.7447046758692997,1.268887568059082,-3.18691214502284,1.560734023417434,-1.214890172649923,1.4023484434120708,0.0039019719658829346,-0.2192534153068566,-2.4529571570056516,0.0006630615738195147,-2.1087197427713504,0.24491300702911095,2.2802262314833786,-0.6522409222273194,-0.9907196576275888,-1.8177490045438165,0.5027495763274438,-0.3966244804808921,-0.8830937617663913,0.6844922531579021,-0.5987324859338762,0.6975434126040313,1.1203365721832466,-0.5485413275072616,1.3690068053887696,0.2146211140342538,0.43603683873751387,0.10725947693515227,-0.6167068047371539,0.09371462920047115,3
-2.063706872285844,-3.4365337370672484,1.5036814285570113,-0.3408434938117485,0.5721362960655906,-0.7390668392486834,1.37350395446342,-0.8912485819343636,0.8523914481136339,-1.3259026807166772,1.301098787389325,-1.0867971510320222,0.571444327678725,-1.0639733010169499,-0.33826164117330304,-1.233588312468016,-0.9246397341889258,-0.363338526749917,0.1955955347782786,-0.1291600885124997,0.7508855530665227,-1.0409087803423183,0.7150987470947057,0.37620264788057267,0.0956955896012102,-0.4166960173681279,1.0930459658534364,-0.15755500625127633,-0.1599065507254844,-1.0418912344534448,6
4.032117657738716,-0.500081218007854,0.6119654282997158,1.1894258562092541,3.251166056305884,-0.6273528069006226,-1.0124323661230359,5.695189365302742,-2.54889155415858,0.2853283536314284,0.5831229971034823,-0.9229054139319736,-0.30071235134768143,-1.0120102359628533,-0.2655817900632494,-0.6229782938237748,-0.7965417491368977,0.09867694991316303,0.03319654738455087,-1.1108670715913356,0.8131745751845116,-1.871965153329457,-0.7883551043820674,0.10451439670185785,0.7508421472258545,0.006285636253556419,-1.2373617044325398,-0.3199482260085328,1.162823160678566,0.35903841035729916,2
-1.3434385104367923,-3.2925536340542685,0.6656460506330861,0.8734026028508822,1.2816405014119412,-0.834764779710618,0.21845041721520064,-2.756217383886206,-0.05297011980212249,-0.37037038498617675,0.8392538657129617,0.08092629315112157,0.7845067203481999,0.2812842209849867,-0.6281874326757743,-0.3116535414539149,0.11897104010790228,-0.6054224224571052,0.4738368145773914,0.9605048613261182,0.283875517270578,-0.5189717190036566,-0.4597872931538152,-0.7058103079709959,-0.12043703245284614,0.6092302176655437,0.048471343167189,-1.2336805899304273,0.5939115335741645,0.39322783157066193,6
-0.8618940382372521,6.396462167790509,-0.8329385806742303,-2.1398841490411455,4.354531656402074,-0.35863816562266604,-0.931279489711024,-0.37305231268838035,2.8176936322554327,-1.3591658729606944,0.9046746246583219,-1.1248533286973992,0.8631234948026952,1.0993569064955668,-1.486521638519697,2.662608389892255,0.09876165477123809,0.7034503378479748,-1.7214141293692484,-1.5453980276370136,-0.330024521466045,-0.7466800171791598,0.6179584774154556,0.7337192986783618,1.6874535814134775,0.5018374424735975,1.1544616103903895,0.5492288571826395,-0.16119923994783172,-0.8819325072610862,7
-2.0883829480208607,1.9605808579525865,3.4622650327961093,-0.19800333122916175,-1.4710455535152471,-0.6847186777190776,0.24197025827672053,-0.5571036674441829,1.9792885791754813,-0.48267848667099966,0.7555872396896463,-1.1486128424732975,-0.9167417414820964,2.266893781562523,0.1257386503632607,1.4926053883967707,-0.6300317746813408,-0.17380353016856195,-0.27972605668037986,-0.1794487932946043,0.35065733365101565,-0.2792237272342373,1.1935485813536229,-0.38086575442786835,-0.5641724603444626,0.8437134385946321,0.6191499786968698,0.34839379521475683,-0.9057595522485137,0.3215716457447421,1
4.449581219445314,2.7252210317710652,1.0421451303308629,-6.271997312980755,-0.2092665614848234,1.4816346375842402,2.3000018318058295,-0.27694473306526884,-1.587988914547947,-1.1797887979170627,-0.14463290407533297,-0.8120388854270166,0.756312462956892,1.3452355990839788,0.3791867650103612,-1.5319119646650758,-0.6010802780835101,-0.6905513485833258,-0.3328607919173936,0.43530698603917856,0.23154660871850832,-0.11835616197433926,0.060585146846832576,-0.3139226657207986,0.6527666119900837,-0.9318972635460229,-1.055953823901119,-0.6031962699550923,-0.22653361652208165,0.8810252711758743,5
-6.492096402185045,0.028252958052196173,-0.9821797351750698,1.6959410703951963,-0.9243803774720273,1.6233205536790356,1.5508585864252182,-0.0678204124134952,-1.7229928875800484,0.6217026550021405,-2.0120416980737468,-0.7481779197119022,0.21297364262702684,0.09441501299255413,1.2352359311993328,-1.5029571663878316,0.014519555763980315,-0.1565451282281448,0.28176842979062783,0.7392584953435851,-0.12972513457777604,-0.5947719683180656,-1.7653689748236694,2.3592620808386537,-1.0567125019819525,0.9669996559982695,0.1718363783466802,0.20557825490758025,-0.19750501537757675,-0.5834963060120222,4
-5.473611373175591,-0.41124749118342857,2.6096882329254663,0.5555558490700687,-3.031902922755622,0.7192079106596482,1.1986037657347115,-0.1904447118515903,-2.2868301517747573,1.140165420048503,-1.1391390134466048,-0.9341331151862483,0.9042332255965914,0.3338491028285546,-0.28001891700243003,1.194865450240835,0.07251820775656223,0.7242959674404096,0.027936712233934933,-2.128073338876532,0.7186174588103773,-0.6188523307243837,-0.41510407468961036,-0.41932473036120166,-0.3571296826586289,1.7491259301476005,-0.3252498396559866,-0.7714629442696554,0.12618787732030273,0.0200659731009645,4
2.053468784991738,1.0781907508650423,-2.812477847141985,1.5028157887975926,-0.6018163457130383,-0.5242890845090523,0.11564606022439285,0.5765296593461485,0.14728974247255786,0.5222385086187652,0.14782929911034998,0.3699787757379215,3.8098444928560116,-0.17320082333570586,-1.127101869882112,-0.13811861616175825,-0.27901480624485336,-0.4266468802938304,-0.4852135594383369,-0.2845752533445966,-0.08953520980168729,0.22974548530708544,-0.13139087795897786,-0.40243784509248887,-1.066892256676946,0.8201575211352616,-0.3758879612821871,-0.3015502085290414,-0.35201232073927774,1.2460850796084828,3
-2.2812520971649968,-3.1112437318469706,-0.8812734840696262,0.45664824983234875,-0.4903847385033232,-0.15835590941703762,-0.758150120443339,-0.3980308414017943,1.226938480474358,-0.1600568693479346,-0.6223184597293315,-0.6859957003109651,0.3678097373789565,1.2000425838173612,0.16183435140170277,-0.24339303377946142,-0.4618314510031012,-0.8730404221719724,0.8378371476955299,1.5329322780456618,-0.29325333516979324,-0.5461547199226142,0.592272957596979,0.19782997603579408,0.8072601859465021,0.4080599297875162,0.099980296240382,0.24403666115680062,0.4686583538255981,0.5253416769735539,0
-0.1904656137304579,-0.9844615888383755,2.1866639187280947,1.5933582616692958,-1.3448709328455941,1.1492638616333117,-0.4957531187155378,-0.5135436049229306,1.6057526213126594,-2.244965616373403,0.9802997988120947,-0.9081312663517963,-1.5126043125852051,-0.4224611028216413,1.208043036830168,-0.498854048037473,-0.5448230757152153,0.8561494067718765,-0.104785717039534,-0.6999633882709637,1.384105180492628,-0.8036617232297228,-0.20198367449058544,-1.123909085222219,0.05748877479694373,-0.23700332685505984,0.49323437126768566,-0.3365454157982632,0.11767816485740963,0.3295689849212383,8
1.7164689258488732,1.7369493335681727,-0.21106064057585658,-2.199734570099303,0.2688874207485214,1.5121137869405599,2.325779575903956,0.19865992601055243,1.5603964289930958,-2.8588714532316053,0.41661414977674166,1.499946509800813,0.47632613748099634,-0.2249721386997879,0.5864774940569382,0.2980389540318651,0.25260237451777456,0.46306349544928715,-0.7090435416715352,-0.30769828802093296,0.8124321726518803,-0.13307287304238102,-0.04450482429494803,-0.12155817958149052,-1.9517030362804706,-0.3791867075640693,0.40488486158620157,-1.0571369943949958,1.2883629392279703,0.4038315364770195,5
4.503075759610041,-1.782720682013542,2.0609388880584762,-0.9768316931463356,1.6048705119169735,0.43082107291053084,-0.05248043756338156,0.5389663791567427,0.6854595103695171,1.0011926319687465,-0.053821396881487044,-0.6859767015287025,-0.24702566444809385,-0.3534635691480351,-1.2034884970903597,0.44150166892833925,0.17168112799555674,-0.25259312198722167,-0.6926527996885253,0.044260880107438796,-0.812201237528422,1.1822172283836818,-1.0622566176620665,0.942759735130615,-0.7998643330449606,0.5649754926178706,-0.990463344357061,0.5413106306695151,0.04436492513991684,-0.3858885908496232,2
1.2282785687297013,0.19226119736486835,-0.037481155031569346,-3.4077468729280933,0.5489624908045644,-0.8838928001041537,2.301327678979544,0.708689910797496,-0.5070780800806204,0.11833150859107185,0.6161176181887907,0.013956728271720766,0.4453643214062073,-1.4878024160490884,-0.013707928374272486,-0.8120058111975101,-0.8722475195025238,-0.46473974066196494,1.8107698242026307,-0.06369475147564325,-0.5474633175118788,0.6912365319706922,0.23423754283926898,1.1002743306219238,0.38821219378180954,0.09334808353095073,0.16358694471115842,-1.2807910540997944,0.6048911656140935,0.21939886689242202,5
1.13619422467296,-0.9021750633480323,-4.302422491903285,0.6305770495703128,0.8446159544716597,-1.2064439664759035,0.47778553856246403,-0.5249422975961922,-0.5577624295618027,0.7535366955236872,2.187367947280535,-1.3633503311607993,-0.7001599114808538,1.7702836884634605,0.3131110221780079,-0.40465918591714517,-0.8346994601319473,-0.03837376245298537,0.13517598938441752,-0.13862443749091807,0.21794839079089887,-0.3531881475264386,-2.2084177728566057,-0.20894438926307596,0.22210811211428,0.4412188140035963,-0.3526942413521052,1.216377577976549,0.13782458070364012,0.9297617547853423,9
-1.6470014799442485,1.1134342749777975,3.816272375974666,1.0525244875009065,-1.2144506295945288,-0.5896922414791074,2.561541184691844,0.7432045601725701,0.05724588162400355,1.5855019001356578,0.48972010652083814,-0.3459768269457916,-0.015261759716911455,0.3357257518180339,-0.32521034197805315,0.20950781453347414,-0.5510704250638055,-0.05543661123413671,1.3436314356686583,-0.7293783672380937,-0.017677739161762372,0.21246061289868945,-0.6956068476783952,-0.2556118503337476,1.2796050896671571,0.7910864237062474,1.2905296830707131,1.4352335613798788,0.47938282334930543,-0.829897511150216,1
2.5649266732238956,-2.103919850918428,4.0421646615953435,0.18904538976105936,4.5590943153445345,0.2629268831883143,0.1714144347968955,3.411548415235807,-0.7413838496053156,-0.709083394321035,-0.649931332584212,1.7236575156447955,-2.611068673502832,-0.3153164241032742,0.7958674048953951,0.626119611711986,0.44471483709304005,-0.25579732854850035,0.38076621084136447,1.1035652011747281,0.4475799276407541,-1.3618998199046646,-1.1092851345099848,-0.3283497246245861,0.25115961575958645,1.1504380842805308,-0.9971612339528633,-0.9225733445338229,0.5538957931508197,-0.35515214858042815,1
0.2935851099027716,-0.9864247688736852,-2.606379849555791,3.1448725524798764,-0.38644350567930125,0.2813917999650161,-1.0450779212992831,-0.4108644586931732,1.177323173350902,-0.0786642791164549,-0.2622194510698379,0.11771957036490743,-0.755749505516786,1.2494940260592975,0.002507662123555945,0.1395321340183131,0.4009938977061153,-0.15842296891207452,-0.3369575891661286,1.2115186986214626,-0.03241848726136979,-0.029135582055594845,-0.5334209447007145,-0.8215668967237664,0.19944773628276768,-0.1713921021579924,1.0289870736647013,0.09997210235734035,-0.165560833561029,0.07837186798645183,9
2.054458958445645,-3.369795328147401,5.150457391302772,2.1680536286009406,6.309099478644829,0.35067840230944364,0.042699381736325585,4.4087874347997005,-1.866004865956922,-1.1252639617414033,-0.8851215630765148,2.4086132832556397,-1.594414259618789,1.1180106106220116,2.9255711947211975,-0.10358970255092632,-0.2934899515199327,0.43190883881203973,0.8646633012759206,0.06006927686945746,0.20574913080740065,-1.93568648285421,0.999104954231838,0.8757361879425752,0.02328255928487189,0.8576657100715854,0.7426249945430293,-0.25221165037107035,-0.9376026590047872,3.022310772968914,1
1.0591480563671598,2.7391450621680895,-1.4941465356947659,2.819144216533021,-0.043339168644947176,-0.18032712850982124,-0.28175695303313714,-0.5228468234850884,0.4714452060527842,-1.564821244639962,0.17207182818185976,1.1810377217176367,0.6540775385456771,-2.308675977488763,0.880532487689941,-1.5646705452836347,-0.15019294931916147,0.4564393218968353,-0.15441546712149185,0.21191753840783298,-0.15524792817921582,0.3442116879015893,-0.29678988989038124,0.7013454992885733,-0.05703067309711492,0.6381588609452301,0.13821668039833812,1.3920945420413102,0.25035455526772615,-0.24486296411008482,3
-0.7350791215382277,-3.035352872764212,-3.106701590431617,-1.2932651609638013,-0.30509591768507777,-0.5091289632893155,-0.07511450849384121,0.3707885585085032,1.281954583980382,0.7271252317919427,0.07600091276871189,-0.5742955298040394,0.004441105663940013,1.0048951592374287,0.59373913359838,0.11405564807386727,-0.37923430605838543,-0.08036816776348381,0.29160527291483196,0.24836246471854234,-0.1119909382452787,-0.2782359540868348,-0.7050720926865605,-0.04736037476730961,0.6113528566837301,1.0048400662763919,-0.12462828081475463,0.49396141046627756,-0.7202877427730768,0.7226927994801473,0
-1.940465396381117,3.2585370396432487,2.6063445101277996,0.9836297343251005,-0.9356814007811944,-0.15678521596520095,-0.5347126548783355,0.10740632998330907,2.6593397548684723,-0.722711905780269,-0.09375608575729906,-0.37988773363083156,0.5131577610162025,0.9179603818662128,1.1662690022868414,-0.5330624258760688,-0.16592310272605845,0.207451823609376,-1.2110366291401637,0.257572431910584,0.11191072509531065,-0.43006031801420286,-0.42235839106297457,0.6458868464443875,-0.07593241268983811,1.898903671290834,0.021350075563618644,1.1372622281841147,-0.14846292285764162,-0.2620125901900116,1
1.9531264665937726,3.347041974464255,0.5270113396277386,-1.9303459881796572,-0.3399285170413149,-1.9408996226448059,2.213767630047814,1.4948589562067556,0.45333755508383883,1.1411030802517066,2.039158901372159,0.2590873026846201,0.3298936686827957,0.6511081534970027,0.12313834442117813,0.5696206312924014,-0.5316121373141518,-0.07008867662132637,-0.4601564385289741,-1.4540165425215301,0.16597490158945566,0.034600767534046305,-0.14264795473791697,-0.37815883033720116,-0.08663172669557677,-0.04225375487685019,-0.790757611656223,0.09675236426385722,-1.734070645166501,0.6100692671329312,9
-1.8594870901043206,-3.45192536351472,3.20744717280019,-0.16872667862322785,0.7332883793594603,-0.04243242095551747,0.7134936602252285,-1.2817928471832847,1.1913183827450193,-1.3642221919916653,0.7532276208930545,-1.047186597179427,0.13708937205743724,0.31460426882353537,0.07841543256131737,-0.02976854581211617,-1.13426677192106,-0.748479701580489,0.6769251230702772,0.9960956640698191,0.27250599002559356,-0.9829995171496954,-0.15086369923859122,-0.3889324362973247,0.45253126961910306,-0.39716175846990864,-0.6027549385928759,0.08631710258846806,-1.1576163231649466,-0.5451898106487496,6
-0.8051736534612276,4.5152072482271395,-0.4177483196391556,-0.2651964966618098,0.24978701639501513,-2.03173286603739,-2.619108111498681,-1.876809038726601,-2.3149728330841803,-1.3175255501738115,1.0188203719030975,0.07463607842535672,-0.5215822660823142,-0.39532425474443933,0.1850350860252934,-0.2562103516958169,-0.4035234833599971,-0.04564771734203816,0.34765304517201395,0.4705910760469545,0.09794562783446652,-0.17144733682121122,0.5281132896279483,-0.031194189574032995,-0.5422514327702197,0.21447129425038972,-0.27840496671877724,0.42473525968338816,0.18311750625600892,-0.00221390361584053,7
-1.9114805152826808,-3.853816422934341,1.1622060811353923,-0.8729364419386797,0.3339650777154968,-0.34038305565077465,0.46137857285135164,-2.0668048193400987,0.7197568027546742,-0.4871913502565444,0.5204864664976387,0.455847249690342,0.43012952088197287,-0.5191229447352325,-0.07705854452752287,-0.18764907375785742,0.20355602432256104,-0.009746281184970005,-0.3783609725262392,-0.00916041952118207,0.7035923827709775,-0.9378404047014591,-0.13618534793070175,-0.3973717019400871,-0.37285649737045795,-0.24168888452380216,-0.11848583764798226,0.6904445116889867,0.07842122985853728,0.16984971925107803,6
-0.5804142286390189,2.125597681450649,-1.6233044330121287,1.2373419083908443,0.6833699418400939,-0.6829226006255895,0.2554479563552772,0.35089313698248387,1.4085374215562718,-0.6794130164044783,0.8438929451523949,0.8141206378943947,-0.05003496311670892,-0.6453153511959389,0.5799110106762387,-1.4282909525534664,0.07620685061716702,-0.2533814971508528,-0.7932420425456833,1.0432296559802927,-0.06684060849729458,0.39815772255852117,-1.6831597046837004,0.1694867427211476,-0.12772856812277078,-1.6182072267695828,0.19153392794425633,1.2292731586829522,-1.1483707300875627,-0.3065677833998602,8
2.0716980753538214,-0.09909602344012226,-3.944684409182448,-2.3563433492389554,-0.5442046644229709,1.058928336706192,2.4409599923896352,-1.3347636650449695,-2.299791850920264,-0.0067609085748426235,-0.8518609957804644,0.7577558734660927,-0.4314062568551852,1.0812838756634027,0.8003399415964375,-0.37974456934166506,-0.14605301066106943,0.14586755963807865,0.5348076386074347,0.06622028350754507,0.5125573762360932,-0.8314812360982773,-0.11562234023005694,-0.14099832764692077,0.8963886237764668,0.6190161834705377,-0.17361120724798826,0.7322012171648666,1.019808017389538,0.10730953775199881,5
0.9154165647707032,-1.1707487097211615,0.1612417912280852,0.536440553988451,-0.031610367510749776,-0.8797928553407279,-0.10223659746684445,-0.9581540062575258,1.8008222162267227,-0.8979760983397882,1.3849848066730084,-0.5077669041591081,-1.7148135564126867,-0.37632791369057206,1.0070355648983262,-0.9514038794506593,-0.45182621251761274,0.23588193071090466,-0.12509137064824055,-0.22071156747638115,0.7146368840688739,-0.7153871901907275,0.33077586419197297,-0.13862100152245438,0.9465472533099896,-0.13739419392456287,0.5037087676390846,-1.6028485555891454,-0.4380597243485377,-0.05695298006893328,8
3.056675621085678,-0.5211811931392715,-4.00831192931811,1.899898562628124,0.5404262659939626,-1.044465426653341,-0.6657771041058876,-0.6628701791882285,-0.07676551308191086,0.30204804375853633,1.8404341591168485,-1.0220553782913395,2.4234277174413212,0.48310498092663917,-0.7672164347433321,-0.25064334767032687,-0.588386924099543,-0.028608168266763195,-1.0738786470417219,-0.7033155624349772,0.0337521827842829,-0.1474118639382036,-1.5603776290038889,-0.40857439207792856,-0.8434975191522522,1.2575265307009427,-1.3635055097264919,0.5486511348076784,-0.7578339534084134,1.2373110275336274,3
-0.8759821557716392,-4.09454565760178,1.8575841200085923,-0.7242800312579958,1.617206330046706,-0.2736835895223599,0.0001761410691116841,-1.6187992528045347,0.8549971894210303,-1.4841240134993512,0.11402104793906093,0.19327849777916267,-0.9502900925963301,-1.1499216176732263,-0.03949874252262621,-0.09799064373450049,0.34052394368092026,-0.4326543910507282,0.0715470097477114,1.1732125343975484,-0.6367028157837367,0.39141932557280096,0.39145675442596084,-0.09749684646169146,0.6038456537496978,-0.21943892615240496,-0.598361184764453,-0.1609031152146003,-0.5992437971916009,-0.10559542692821236,6
6.353025624337502,-0.19706940858590957,2.6056361004469313,-0.9148395387293132,1.136485088820303,1.9887632806501405,0.07042285506404289,1.9083592541451655,-1.866367257167108,0.9225496352889884,-0.847957989804409,-2.3711756101498325,0.8487643795787541,-0.21891977143462704,-1.5151329046342803,-0.8505812848092158,-0.16002021909287187,-0.1090300965807555,-1.3381855091772163,-0.6533315913427404,-0.12875880213035207,0.2532525037961156,-1.2831495658885002,0.5596442144843108,-0.010649216512071296,0.5149008267886523,-0.5372987673118712,0.2838531189601748,0.7432733899793135,-0.7244941845963029,2
-1.2882177406391433,-3.292744772501164,-3.096691146836313,-2.5171083298765216,-0.6604574302680433,-0.2962342093491417,-1.6127459348842974,1.2012051273321822,1.2712888529679307,0.33619924599421164,-0.17727657350946824,-1.4837152019876028,1.1791972127696844,0.5265987213336726,0.23284673117961055,-0.9855575869394855,-0.9015722633623242,-0.12371379882961349,-0.07641319059774299,-0.3329818693047215,0.2338388970762689,-0.7585179108598595,0.10703285240854214,0.9517018482967222,-0.09542271003036876,0.4095199121702442,-0.26086231043964514,0.6030934753360804,-0.16317882231549097,-0.22392036797767564,0
-0.6566844857524724,-4.313107431188953,0.0739900498155952,-0.9233987373852602,1.6222510153839098,-1.0824638464219447,-0.3835611133184621,-2.0859912567161296,-1.135111925722252,-0.972146779434204,1.2247290782210005,-0.9085549769004521,-0.598140937459326,-1.8940410559509222,-1.15624632800536,-0.3125339789844285,0.13792559764743506,0.16087119566949884,0.041799981984379515,-0.5083213973169594,-0.13594139146908646,0.4257876945404616,0.08773057875743723,-0.04344587183717158,0.05356384451475721,0.23166935579993453,0.4480765526601022,-0.16477335621820782,0.13135990933780356,-0.4989207925019015,6
-0.9170082344969314,5.216282024018331,-0.058573203907182014,0.07768801521775005,-0.04284391473887837,-1.504488323849894,-3.5306692045786563,-0.8559287458496152,-1.0593706491672612,-0.5863210290746251,0.37183877460179304,-0.3068699199085664,-0.0404950242280477,0.21326272385743186,0.5001687321337535,-0.9944173620337307,-0.3817956766724181,-0.17323925017888256,0.014216936514927602,0.9394986605157274,-0.06403871843123068,-0.18488866570325782,-0.37480741259862665,0.5521273938696785,-0.8234035558233218,0.1948058927476902,-0.06680132281525011,0.8885266626334029,0.37400961512915754,-0.31789280732045017,7
-1.2725089488321248,0.6679277487007623,2.9974439275264637,-0.03847906513172794,-1.947855988403123,-0.06627391568914029,-0.014988800770212564,0.6967096240032064,2.2188983783453735,0.45644493593189456,-0.41807711811532006,0.17970333641586567,0.1815459459385217,0.24925692728768112,0.6674396131099475,-0.526499433363374,0.38078375172528595,0.3247256984680008,-1.8486796118686109,-0.7981127313634874,0.5914676809304702,-0.8073228093706987,0.7215072614960341,0.4364516938505475,0.2963133736924697,0.2866360033778563,-0.4565301497566267,0.22371639460871254,-0.6114292283766376,-0.4539036565853942,1
1.3020451950808576,-2.4661090136875776,-3.1718029560103087,0.46581802636077624,0.5725781480412514,-0.3961133835723563,1.4360228035942062,-0.5502717047581674,-0.5546816265834101,0.6829285180176251,0.5366877601788912,0.5128576548238107,-1.3901125900873061,0.7217569790125167,-0.5032063773225208,1.368937842895487,-0.09516044140904721,0.19915648556623794,0.7751116243575676,-0.2596827386906937,0.13697545461526783,-0.12959906724016304,-0.7124176868756074,-0.7526416448989557,0.6653840126835335,0.0327420131322947,0.26732787776990424,0.3069623808483838,0.25565828571295407,-1.1548538719791424,5
2.047523700163097,-1.4815610410904425,-3.0972832189642205,-0.497311062504669,0.5070483283783798,0.07981809610011432,2.2676363772916437,-0.27431214948371235,-0.6568734396949707,0.2568285165451306,0.40134415716375943,0.6432601081809821,-0.3066261779818703,0.9039456578298153,-0.8947488617477631,1.4730517712821576,0.16883839020953137,0.18349213096440312,0.1173429670307497,-0.4834500143884562,-0.003936435760822015,0.3549326457378761,0.038760836500836233,-0.42258763109406844,-0.44366911439383716,0.22936974431836107,0.1979885987021637,0.525271540897411,0.024155560921966614,-0.4668040525160414,5
-0.9574532067257472,4.579381303829368,0.1260234358664837,0.3500176390852245,0.5779394282666058,-1.811123585603862,-1.9365644375309232,-0.1582687208245766,-0.6861121698969508,-0.8607999223075776,0.6413206537475193,0.3266018434242169,1.3900718134332106,0.2719912904401243,-0.8085966349331021,0.2941878555641475,0.3259469780864453,-0.3617092058707061,-0.8894196808363004,0.44924559779804446,-0.3926367263892873,0.5435384691455946,-0.06688179340287737,-0.07075727664816488,-1.4521977777089305,1.2783724347406562,0.0699552284744036,-1.0694034985491228,0.7439869841978898,0.9363287770242948,7
5.420615667091879,-0.07705109265067765,0.9858056799805794,-0.23557936617484831,0.6230605696943432,-0.11072959803375651,-1.0027652394609727,1.3055585167378414,0.07591962174462923,0.8289042984613946,1.2440602131748026,-2.559563531292657,0.597428449007545,-0.6717415437399322,-1.0998376896171538,-0.8118428841277843,-1.1076084413517362,0.014833299829898566,-0.1911418688456066,-1.1248390221144997,0.12510977773851198,0.20556119984781257,-1.3418819005103473,0.666382818073738,-0.22290806679197994,0.06517440505454829,-0.6205221441764539,0.11190201421466861,0.3400657997156761,-1.0207252703245855,2
2.241197459128006,2.27177134515476,1.7575966648629817,-3.088597151928289,0.10946161770658568,-1.7591911168111718,2.503172716274604,1.1945275719644415,0.37497299287044955,1.8823019571219393,2.212232362673063,-0.2914880430965273,0.4869598126883882,1.3450521023138664,-0.853889219770836,1.4515660915908755,-0.7864544819696869,-0.1518446305870168,-0.06700891734186563,-1.5084711684478394,0.35864780438061,0.03980360863483969,-0.882008157558608,-0.5657289132657577,-0.9676985055541032,-0.6259740016989596,-0.10344954915803443,0.8745968101793175,-1.3068404206620925,-0.30666581505058527,5
-2.547994867489819,-3.4520481962836485,1.9444991126623012,0.5843312167468445,-0.09610147729592426,-0.002967042856662574,1.0265501081681114,-1.9613532612353328,1.0488463740864962,-0.5347814804523053,0.18325030885454793,0.19442506738674561,1.0646190635061354,-0.508626239180139,-0.33345802790149176,-0.375000980970064,0.08908305391950308,-0.3416487349304617,-0.3912768184858637,0.44913351726908396,0.42173258298666655,-0.8861313060858185,0.1441534136583575,-0.12222372692080524,-0.2866744967570424,-0.6667806616119617,-0.10084112286610708,1.0586507029821333,0.1388861272369778,0.0925889317385668,6
0.3621469760446314,-1.2817870680194843,-2.40746924842311,1.1379525307577496,-0.053404456244909276,-1.5445616085677274,0.4326073010331117,-0.6901141164539077,-0.5858108145443812,0.23229180442743236,1.753012902501614,-1.0906809637268269,-1.0352909085618365,-0.23547425552427195,-0.6526295713845299,-1.066640290041852,-0.19661408768356708,0.3069174939128341,-0.3580705864636591,-0.8584507795321189,0.39943080084082877,-0.3554020346631708,0.9422430381113998,0.2679798077939755,0.6997272576030318,-0.34096663419852125,1.4548124543921819,0.2802898270302865,0.9866082452577354,-0.23228031708449975,9
5.62499672003225,2.9872845169458455,0.4408172082771551,-7.034447486036174,0.2299820864418354,3.3184669850890343,4.802089099115542,-0.8023643517978949,-3.4188756282989834,-2.1254180201536803,-1.7937426774271865,-1.3359371811456133,2.2278179279960257,1.6239725068150643,0.11565465728757243,-3.099108044585387,-0.3457335230224117,-1.1571748996264364,-0.6953748056123111,1.6581460091266846,-0.166427273996082,0.5524165730487863,-0.06907759846860406,-0.756677176851033,2.0116004353453723,0.8923604065790939,0.6882464360037375,-0.48178734182478367,0.12440510596546452,1.8634506225052885,5
1.7408560469110754,-2.2636114248226145,-0.05330301743369287,2.4286452188808565,1.9884326648872337,-0.3667075156047774,0.6839716904153512,-1.2860000015791389,-1.9380660841453705,1.047515860798333,-0.033347408902122046,0.8300661025230666,-1.7362354729549814,1.2018422774930284,-0.37190751995436794,1.161293394658845,0.6737690060964859,0.18494056458802888,-0.3439416514094507,-0.18259430935796878,0.05819043835376534,-0.7134144989789479,1.0388535151475162,0.42296345148752773,0.026632932854878843,0.9577466122285938,1.621863411634097,-1.1988565646160565,-1.0098342525318633,-0.6057777725832707,9
-1.3554009611982292,2.6370143753016517,1.3525004284771576,3.9081040293768843,-1.564639664469626,-0.27333927164521754,2.924390243957267,1.4730825334934365,-0.3270990836695574,-0.2313465045409814,1.2921028712079554,-1.7325960959075344,-1.11758438749877,1.6365605423575136,-0.4001882296401591,0.035456055223717364,-0.5841915552789887,-0.16989387290542654,-0.37145581774810604,-0.8470941533646814,-0.11969444950587048,0.5645386980434527,-0.17962670725365099,-0.48410634084677595,1.149109499384708,-0.15770264363911884,-1.0152958852533303,0.12016000484989187,0.24649288221455182,-0.5019941358335179,1
2.190709435805543,-0.6136621719671655,0.9838735874947304,3.3571939737619383,3.998623704237967,-0.08687828920745566,-3.2132202409583015,6.8568661454152595,-2.966431250541699,-1.2301966481284397,-1.6609815822439749,1.4751018937358444,0.7603346581334997,0.005690555739585195,1.2418860976307067,-0.6898361778455913,-1.0601610092755214,-0.1114180559311857,1.4416543091106013,0.6113086447517555,0.7663819492909493,-2.8648095050446423,1.7828551109841846,-0.36629849750539684,0.585970647976668,-0.6378199912259437,0.4634847284410703,0.3886462373320924,0.22878685177404845,1.826240010603877,2
0.22214636374516697,-0.6923756105219693,2.356794756735335,2.973264572091336,-0.11575756979515262,-0.11943906484986724,-0.7432832647851318,-0.571994445985034,1.2688238212383758,-1.8887761773390745,1.299728527151882,-1.4047889132806968,-0.9425058313670099,-0.46589278067107986,0.62458302485464,-1.0256540111662427,-0.8901319429293305,0.10937848097375515,-0.2775391409728536,0.09560765842978468,0.792975677554424,-0.615750446473593,-0.4555915697070818,-1.1526086727895726,0.4855712769558788,0.19532059536590332,-0.06922119594908284,0.26554046968501976,-0.7331522699447848,-0.36845243349699475,8
-0.7392971343409693,-3.223895017896539,-4.523073881037233,-2.1797267435315306,-0.5096397082355226,0.41839787911377807,-2.2898301077719436,1.1269366738131428,0.7254821432808123,-0.427101231871383,-0.28990561755457683,-1.0558323582569535,1.007050245989212,0.007870749784956641,0.5023520270863014,-0.6274236249746273,-0.6547440446629418,0.4113726374657801,0.1637180591715333,-0.411282699618343,0.37776208941645817,-0.22792735878076006,-1.0122576653141253,0.25981527779706576,-0.6164587218737608,0.7904271570251217,-0.501017669272095,0.11032112446863272,-0.047108129246562394,0.33040334473352456,0
0.4158665410689931,1.0901162071656811,0.061513679891729296,-0.12182211947384056,-1.5596876607815435,-0.8891742726939789,0.7161334872622882,0.4996790481505965,1.732361763323701,0.49173003955236405,0.2346728711665416,0.5837490316853865,-1.4409965673782315,0.09727684382410548,0.6259299209250303,-0.4121968409485319,0.39009468506957723,0.2609465074590202,-0.9557053627990046,-0.9838019436270576,0.28118167684412965,-0.14966424322570565,2.3095521491326205,0.9667615281703456,0.12856276634463548,-0.7236702264436061,0.16644857134256413,-0.9030771273204721,0.22039807931941224,0.4175347499123514,8
3.0081831836447877,0.0315814304659067,-1.2434657556291504,2.078501425188723,-0.46557388834608837,-0.35273682615660495,0.3515479043249643,-0.7785947650804135,0.5435936540289461,1.1266377457787733,0.2805522288179674,1.2128495330733875,1.6141631806699341,-1.3380346694292105,-0.6197499153464421,-0.268263277686407,0.026660757220358856,-0.0065126812545588135,-0.13185755393145424,-0.3569290419567565,0.2625630706945041,-0.31451348913840155,-0.2325241679812629,0.4214662063770455,-0.7302588188120771,-0.30812269621697985,0.2881492878134278,0.05748772904756138,-0.08871464990605629,0.19741333941182732,3
1.5903922917763833,1.0347628942043796,-4.259182309421187,0.3423847204860598,-1.1036031121024985,0.4127332229372937,0.34743001405969415,-0.6956058728613896,-1.2333694387047813,0.07375596361590653,0.3383583345850181,-0.5930630806056583,-2.155800599957202,0.8054609180545272,1.245043714293001,0.1868882144076797,-0.6468331088280195,0.21517790338262122,1.47080072838612,-0.009943835322961028,-0.34175399367188586,0.4629530753081711,-0.5227923233378118,0.2962505887557412,0.3938033752888684,0.07944015580478923,-0.841837513800037,0.5567297965473338,-0.17987039600987323,1.4453319927600292,9
0.05244830728796578,-2.4108722075800624,-2.184710111924642,2.7901250605685277,-0.8153181684303868,0.8682938122080586,-1.550321266925298,-0.23243251373920742,1.4540146172263162,0.11638554185087777,0.21615669575398652,-0.8808896120470963,0.15271466272324075,2.7584381365790507,0.11626618262237307,0.5434445538442118,-0.46768033695199784,0.0009485666821486988,-0.5586473445353917,0.22198937520161338,1.3539384078542518,-1.7361799220978718,-1.4709538209841724,-1.4062381365839685,-0.5880654417347371,0.7360028558967718,0.44372769073869206,-1.0141895201477011,-0.5755807635366961,-0.29228801917636715,9
4.1837454432350025,-3.151972234972966,-2.271701536385095,-0.8322669694026228,0.6422706777856311,2.3134109960776748,1.5524622617246744,-0.9490659016461205,-1.1808410597680798,0.013389032101737624,-0.9118762276510401,0.24163459767715673,1.035522959579285,2.3982070694302866,-0.6531075096342494,-0.11347315783765168,0.48091959964051434,0.030654422317863483,-1.4049567674936967,0.394851532156847,1.11534037972824,-1.3140803491665858,-1.5594725678952674,-2.3981653288528895,0.9757944297986891,0.3763456763096587,-0.4007000107349793,0.5828299204541612,-0.11390287909898725,-1.2280125906752433,5
-1.169333581145127,-2.5574969396628298,-3.234138764699326,-2.278462907851071,-0.9367269806822685,0.19965373610242165,-1.2941834872100242,1.3469275813567854,1.0752521612776316,-0.6630554355399911,-0.7637833097791993,-0.11842336288555573,0.02677861154778142,-0.25196478212696144,0.383555507836367,0.006359449450797992,-0.34797694295860404,0.02931426435291218,0.9342346654670308,-0.009856103967197171,-0.047685929961006915,0.3982056297126892,0.5224272008658597,-0.1612688461896287,-0.1347164526950385,-0.09982011879349585,-0.4694047840227186,-0.37345005422276145,0.2755264867493636,0.32729628721301074,0
0.8635398446612544,-0.6475177419650207,0.2547585042955081,2.688028962896164,0.6350966881443373,-0.5894378371961425,-0.4500817840234422,-0.22129619780674276,0.4490419690006968,-1.8564470387440208,1.4595544093867479,-1.0517547626255945,-0.971296131657202,-0.7751350901064112,-0.8066581158212099,-0.6097807085637857,-0.34189410342139887,-0.1807137180767665,0.06531154324297456,0.22710664847491172,0.17690543748173979,0.7750521998375782,0.37994086909751523,-1.5136257666619173,-0.2651173234293339,-0.542879784014155,0.7678704211587488,-0.8921279096895439,-0.6608423679972443,-0.6291943215935155,3
-4.545972970440866,-2.362717135955069,1.0604213058756151,0.7294345742028059,-2.4355730624122454,2.4236066650129096,0.7200522099044762,-0.00551316427937006,-0.6484749760140309,-1.3624473223084888,-1.5691414259441552,-1.3465585522991972,0.559086762785308,0.434261883490294,0.10755758353357073,1.31999861364584,-0.9950014815693163,-0.21801614107186792,1.4046074503237398,0.26881518273431576,0.1364072973714097,-0.34951249440253085,-0.22276771347601695,-0.10602171426753457,-0.9607576428895451,-0.9014057951632256,-1.9325017294594045,0.34815896588391293,0.5894039788716515,0.4322942818937089,4
-0.23254047606742662,0.9066062852286858,4.857117161570582,0.5889076851431903,-0.7138352310625393,-0.4331122666086683,-0.0861878324193325,-0.014881669645735392,1.625485967190885,1.5902932204978752,-0.3636439086191642,0.655270027842282,0.10113303398988348,0.18089166948637356,-0.22321433237209903,0.5251352635636003,0.445021135968288,-0.25868311637465324,0.2885001582617551,0.4146909477475029,-0.277560939562032,0.43135911509537367,-0.8290845555228386,-0.39042694665583555,0.5569833373627129,0.3559048161077713,0.3318923572706829,0.22235148656519532,0.12117063517233732,0.20325810418236026,1
-1.5159256924092759,-3.822711883355577,1.1748188026738502,-2.176525136537506,0.5974256361989936,-0.5193216852522471,0.7025126933665394,-0.3028466810691354,0.5366946771379534,-1.4280138836410214,1.0164570020194903,-0.6136716806696203,0.44585148075367675,-1.8502779945867098,-0.03781229317131869,-0.6958092682965613,-0.8441963725552133,0.19024912881129022,0.1325985465772315,-0.7374449721069548,0.6777221626344002,-0.8280916581886413,0.03477789413398393,0.0422413413872677,0.49508513745940275,-0.12815094479039063,0.6794728445168422,0.2960043392201681,-0.7588748721433785,-1.3159932811704969,6
-1.9508262524767515,-1.1214457906588287,3.9901141935307773,1.7863168415177857,-0.5774621699158177,1.0051817887321595,1.376100133444235,-0.161832766593686,0.8327547783245619,-1.108400622420066,-0.503714720955562,-1.0955906244926545,0.7198507596587953,-0.33762845400311164,-0.8220884584454858,-0.008789292811223917,-0.8833701933881366,-1.1828902196411835,1.1327938823870076,1.464131688435997,-0.7619087589217161,0.7271638901376587,0.5127306547527325,0.6508819856151714,-0.6804414303754666,-1.7843759383231799,-1.256682669249632,0.16557556041163682,0.3789896638503801,0.24843835433877504,6
-0.44748589802995925,-2.147457144404254,-0.34542019662376483,2.0335924698737498,0.22255897255807552,-0.0725560675390015,2.674666863834055,-0.5921068641966049,0.41954153120676646,1.5028079610261642,-0.5450092271548235,2.1827075929826605,2.419176088337371,0.14533571859833602,-0.8840406612438594,0.5800996399890587,0.484026733310456,-0.43296088606054584,0.44750271526537555,0.3908158173734969,-0.030873666142707666,-0.39281394238479517,-0.27891775548223885,-0.13957541808441426,-0.1957589051661515,0.9041244849737388,1.05623257181975,0.012388469753210297,-0.06123194847148386,-0.1891262201553555,3
0.4814449772333839,-2.5353839171482537,-4.667342333526274,-1.9262275287786048,-0.031241655940693103,-0.3803767516692879,-0.6662030191214762,0.3817467466618965,-0.4765035323388409,0.35498713360727285,0.015245082249857732,-1.211629724095778,-0.635580757172797,-0.5035729702083871,0.11935091732639813,0.14197068498426502,-0.5813645013902631,0.20337429588203418,1.2678736780751108,-0.4464497140907487,-0.8453686602020963,0.955202197180064,-0.33710953320212905,0.76753048956075,0.21592570999673097,1.060921319893974,-0.18366630643654328,0.1566043072375289,-0.3028448622629181,0.46083920351058644,0
3.221064934522665,-0.7871780538260952,2.0670517981513497,1.585494636550943,3.2774743033799236,-0.45178993053776395,-1.7942171071899566,4.887926281832052,-1.8203724230095109,-0.36889459049284684,-0.09151677030718951,0.13058439159685675,-1.169442612401297,-0.9188572366404177,-0.5176977971255627,0.20511395037338367,-0.6784706334874722,-0.1084192844456359,1.0145439815945052,-0.39304141597844117,0.9631843951756863,-1.5444740158650705,0.18180432197566745,-0.6712054295647323,0.3682762693749054,-0.13651156504899062,-0.24148219605768345,-0.44850792688759333,0.7821818539379645,-0.746682489335328,2
2.5263826339126556,0.7937030709842644,1.7559029993961537,-1.0222486751618485,-1.614716641146766,1.8024132686475587,-2.7674634664372357,1.149945096348845,0.7482726291620664,-0.8227459329617424,-0.9888205765565263,-0.133688418007448,0.22182476852645053,-0.12260261283985008,-1.4191505917357905,-0.08180387985487346,1.106737930986022,0.474978579663176,-0.7660612019393673,-0.39838852926223084,0.29221800121055175,1.4038635397980967,0.5898392410833804,-0.8991150876012661,-1.316434430449222,-1.7352757572846447,0.8766206653854501,-0.7140337286387383,1.9017316959628252,0.06314207027934299,2
-0.5700087166606383,3.793789851935525,-0.16469132572842338,-0.7000069852616138,-0.5262569294800977,-1.8578771678003343,-3.397836811345166,-1.6861134681945986,-1.19095611146897,-0.36613344257273805,0.44108253059052493,-0.17618004766926623,0.3270522464853615,0.6512860629877316,0.0649625173602314,-0.7158536650050006,-0.19279972939666207,-0.3376169140581873,-0.5679293953363624,0.5871850471282861,0.44290096473242013,-0.8591116524687392,0.9046360593042018,0.3024553560154308,-1.0991878838861673,-0.1035326228704114,-0.4927230794749171,-0.8181736875970083,0.09201949664715722,-0.3324073552480104,7
-0.6172771459564436,1.6170508941379955,2.066601129322578,-1.2523676846630414,-2.2779148728873997,-0.6097261666048315,-3.4755265919147766,-1.3510343448236306,-1.7339410783090812,2.26443563595633,-1.1300415733667295,0.15858837606895793,0.14180972017231414,0.2969217889490539,-0.24520286276508207,1.0834410758058395,-0.08883401894185637,0.2987807279262867,-0.2242856004306876,-0.8343404908587162,1.0590015111085034,-1.6089492029518564,0.506124590694961,0.4506850071028546,-1.1859384434860678,0.16620485502471918,0.557305659510454,-0.03419788917208289,-0.911145984415344,-0.8537018905918903,7
-1.6553723554403574,1.027366108560984,-1.7314366608628269,4.849043413172264,-0.7381077453618634,0.517023321070239,2.6246408353340835,1.288733152322974,-0.8450751446711204,-1.8942317769549801,0.12453531786365518,-1.4811889190264984,-1.0364704654040968,1.1520872429611069,-1.3646172511013799,0.8765730599839024,-0.06965548223440117,-0.5227305884619066,-0.7445301981458536,0.21951549133141915,-0.8943292511003793,1.2764488504874512,1.9049156543528698,-0.08687579152797298,-0.027811981027283283,-0.7021097364574854,-0.536221793230926,-0.5694439809937103,-0.3751032250513251,-0.5355723877868117,1
-2.1468089541822986,-0.9296619699057224,-2.6201203285410224,-2.5426939032862754,0.137954268796599,0.19569031203424261,-1.1854740209309742,0.5834794190347493,1.309297165780827,-1.3148716502181563,-0.6421882383981861,-0.4225208288000175,-0.5252438894032914,-0.4209290390014278,0.9361601519168661,0.2764055626434407,-1.065880423477671,-0.10045344505741396,2.161022297722812,0.8131571545303817,-0.20102032092650607,0.7438757581669386,-0.3474805036081333,0.21952325063409428,-1.0032816618927791,0.5346953010922352,0.7610873825003751,0.3488313277431816,-0.5336352407933673,-0.2444466005321169,0
0.209771487525376,-1.5204704081493399,-1.9876516135705289,-0.31970919088707667,0.1592046386644732,-0.32912594371201653,1.7912492843965055,-0.02687975349183563,0.3139701215626427,1.3039822899290479,-0.5722600052758194,2.686462720701802,0.1516747448117553,0.29875291480401045,0.042357438259599325,0.741954575600353,0.6039065382552937,-0.16393391709059607,0.055394301994894056,0.3809125770291632,0.4506421129035715,-0.8154195474401782,-0.2605999959448611,-0.4826753902370838,0.03263782940166644,-1.3725799743548612,-0.7603848509299062,0.9651700994859924,0.6982132902007766,-0.3530125778433396,5
0.47363839439905936,0.8578232511271398,3.7122465483898037,-1.3015449363747618,-0.3587325291969273,-1.3528892544943056,0.9144617129417253,0.3553429930763841,2.069195568940943,2.2599405984596594,0.8910650771552606,0.5047088111459145,-0.022698378442799035,0.9688815000737867,-0.3076948831640115,0.8312320431141191,0.07854483956505354,-0.2835817950612406,0.1949143946247056,-0.20583009932017154,0.11944613221755566,0.10548739714138634,-1.012033670756557,-0.47030920919747393,0.4147031347029645,-0.002638637283728594,0.6646553350796582,0.11362629902522678,-0.49881436195235695,0.465555631732369,1
-0.8006686874215817,-3.4726845753606908,1.5149902480701432,0.03190118684696762,0.9667615890843051,-0.6234040646748045,0.9159744935303117,-1.3012663406481466,1.5979148900750004,-1.0558621166097009,1.0433943705697886,0.011674202183166813,0.30523825519791337,-1.0600891285155438,0.20539273967833577,-1.1896827018184288,-0.5217349244733217,-0.32732482464267526,-0.07305850464254061,0.37127200147241335,0.8271389218254098,-1.4091328244365933,0.3199477542494605,0.293511621319004,0.2613224121034725,-0.5635706969798406,0.657841522514491,0.07756508927644568,-0.07857896276416798,-0.8477613128694459,6
0.159193536148568,1.423027378776594,0.7401924927533338,-0.9146193816451272,-0.27829740374226386,-1.541395314070966,0.9773964107092211,0.2123254165777262,0.9077158266269618,-0.5463881470072619,1.6704274309196199,0.06918118683071693,-1.8830366358816204,-0.5824828245308157,1.0020794033772105,-0.4424839824609167,-0.3871209510812961,0.3307110079550224,0.8563223260471396,-0.7244300597101515,-0.09106174394966372,0.9290832320531691,-0.4096368294232597,-0.6736228442833931,1.405761787985692,0.5945637520634807,-0.6640614400431397,-0.017294307409786748,0.21629050352443402,0.7117132391930124,8
-1.0190602273350793,-3.7410173518069345,1.564117584649872,0.4628548728163027,0.8499396285385329,-0.24666364315021275,0.6198331615340618,-2.2824716539862764,1.508646904269593,-1.223287929035444,0.7069744692931419,-0.010751450045955211,0.3743488315135223,-0.6656314659177,0.10130195295445811,-0.5956427420497526,-0.4544695727025133,-0.4956251603819977,0.4853385342716847,1.003274072893448,0.4300838286253274,-0.9894845638689002,0.0766593697495641,-0.0966846302162532,0.16554679429520133,-0.33598255449125747,0.32532510217626454,-0.06137544069187358,-0.3108946318645263,-0.44134153286599337,6
-4.790197627350063,0.31239326009339125,2.2759449060781054,1.07963093702719,-2.3517938709509054,-0.10843275362836804,2.0916507079292526,-0.17159581370725432,-2.2444446472215898,0.8658115875191114,-0.47875015314324615,-0.9850905528173338,0.9361681410317729,0.04372411876856406,-0.6210631446921424,0.5623990526144206,-0.1665367086304606,0.21017577863365808,0.8117424109041305,-1.5909129534558184,0.2675909192179768,-0.0492086007704374,0.4741788811153419,-0.15862462112644243,-0.05505434128954024,1.7573803044431298,0.02994323164004535,-1.4123980453695115,0.41392979559434545,0.013581431409878693,4
-1.541784631829294,5.577896281924924,-0.7067209162357235,-0.11085957970431891,0.9031645319377585,-1.205952274056763,-1.9273728383398137,-0.8910982155810754,-1.755152549293574,-0.8283002641398133,0.267997170168496,0.6528917723397367,-1.021035652734205,0.1341078171751624,1.205746274654262,-0.833152746232758,-0.16204337905441174,-0.14495556553173575,0.19119243497074495,1.3036203249302172,0.027843289551217298,-0.3033996715831946,-0.7582663438438818,0.82919062950993,-1.2164386410159853,0.05007003458293771,-0.1600339371970531,1.1771502649939811,0.4587167539170612,-0.17320285658694254,7
2.2764236068556896,0.8014863134565919,-5.003419869462306,0.21072477093954733,-0.8119190233036395,0.7119574162662539,1.3583365153389608,0.1959725736332496,-1.1652704122177284,1.5617141655357647,-1.2209973310701918,1.22277923955885,-0.05280676028593874,0.7030088301117617,1.1315581242648285,-1.2434175116999777,0.39619905993380855,-0.11119404903043698,-0.4443739589712916,0.3765545089685005,0.016230400342709114,-0.6077716222807974,-1.1365317623090594,0.31033667103004087,1.2445910716122341,0.1734153238050217,-1.0954625575093222,0.3036562491341634,-0.36215813385189705,0.2177276866455473,9
0.6112993344441551,2.271850327517128,2.0061582693541875,0.6519500525858211,-1.2046577390907156,-1.0827474486131026,-1.9756619053855828,-2.198437886218973,-1.7787524602520801,2.10294415251076,-0.25595694899131116,0.601041905173349,0.4970878885518358,0.3223876901336106,-1.1952486421696387,0.9949750877648843,-0.024940245272762854,-0.3936011046331022,0.8264609593465881,0.1562357175586487,0.46158266028841577,-0.7625639082210086,0.6040642665571648,0.06755895795119017,-1.1644138356585176,-1.077391055301712,0.6872462838920733,-0.09656597591166273,0.3922121819106215,-0.23166887580255388,7
-1.5811782367983411,-2.7278854384697024,-2.505682401420184,-0.9856270159255159,-0.4926202451780936,-0.6181882873284575,0.307040547265377,1.2633542534205398,1.7360823249661317,0.37695156780745276,-0.008685170713472535,-0.8176357743791246,1.2307405966752765,1.3224642139845026,-0.22325722354278216,-0.1362015190939578,-0.6877276015675137,-0.7892349196369041,0.766106058128005,0.7078288277959393,-0.3025976850814029,0.05701214836813665,0.30163917526917094,-0.07671891503675626,0.276802057238893,0.18261405293332983,-0.342192279552215,-0.4143304576291986,0.13040460631451187,0.7814752117864668,0
3.560888468140525,1.1397749700008046,-1.8934817013535046,1.8215299719805664,-1.1096718972294628,0.3450490004223133,0.07719779134859042,-1.0947805140220073,-0.8748570678424079,-0.8026995379502332,0.4310596508673018,0.5926417850322351,-1.0405419491657626,-2.441842748256462,0.7894505404253032,-0.7421625364790753,-0.3087362550150273,0.6675755143962061,1.1395293940222684,-0.5721325033695822,-0.2098185758192484,0.6383128142809767,-0.06310522692370335,-0.3299255952207816,1.1267574491219003,-0.23909530271508397,-0.23197723940302115,0.6784236823453215,-0.1409312359104927,0.4533019420869933,3
5.117389529402267,-1.8857130280792054,2.964727235175294,-2.5975195471651755,0.3727719748427124,3.6855596169819353,-0.19204209946697193,-1.3672673264081847,0.05692132649986541,-0.9903578290386352,-2.681435225774802,-0.5598974604169802,-1.0695895668062128,0.9843587693419379,0.2608863398948898,-0.3852267376916172,0.5461603106530423,-0.2910343540736339,-0.5742359848799391,1.9558066318457779,-0.25376641648855386,0.19230205480278884,-0.417602788638527,-0.2568638236255498,0.5190751265227579,1.071461829674936,-0.06580506163102602,0.9024280801791008,0.6811102585995477,-0.29753131408610406,2
-0.6357672976667996,-4.110091414647674,-0.05179538286664008,-1.695992452547975,1.2216697626098456,-0.8217548667320981,-0.07222221396333733,-0.8706167730212314,-0.8571061099728057,-1.2400095349170477,1.0210644118663152,-1.0181523347080155,-1.1830967578561447,-2.3021294698049197,-0.9097053430943276,-0.01885314187556706,-0.14854599330701998,0.37345371287351575,0.24838319722588145,-0.8238319773107314,-0.24447638371754427,0.7820624466633382,0.1771823884402386,-0.08208997721502072,0.47848962533090866,-0.09672046782512714,0.5358907642589714,0.5590521824068332,-0.17404752947633595,-0.871164764868938,6
-1.8496192470417465,6.113053963863486,-0.6310304535723633,0.14814761594271716,2.11391666981123,-1.0120696268540603,-2.05605361882285,-1.0568367018933198,-0.263868808380513,-1.6419425186174461,0.3390599859356088,0.23266234679196732,0.4779875791786706,0.7222413441365022,0.09997868744967135,0.5969049228913784,0.1291919772359904,-0.02543987417313015,-0.8377875663040408,1.054287783287564,-0.3925382313049065,-0.23769603679662363,-0.6976403183568786,1.181909290488123,-1.200580996576102,1.6132935965227375,0.5801727218835252,0.6011381476064068,1.2975561405763791,0.4872119056374384,7
-5.988583361014726,-2.0821809681109844,1.7247580968272982,-4.012981380327303,-3.0245546927139757,5.517102989256308,-2.866227582754974,2.3968683923830434,-5.1730697503876115,0.23808815649953707,5.756470350451232,4.402353663687047,0.8846615418838553,-3.2801836081031346,0.4022655802511254,5.47967647093025,-4.870911007260228,0.5990549703065646,-5.873510409090739,0.8086250620016433,-2.2069262041046387,0.8395480761002166,-4.119039751192977,2.825619731357749,3.7555101181081847,-3.490793430949523,4.864748492065686,-2.167185016078954,-5.172887818955726,-1.0872403081406634,4
-0.32841221466745213,-2.527782557993232,-2.0151009253548597,-2.5890657515525914,-1.2350444510604348,0.20158811029195003,-1.469347934002888,2.2006521277229343,1.249739888898386,0.8257666233391052,-1.4289250084277825,-0.26262794513706156,0.43823213633096675,0.5570383683198041,-0.7635606574877459,0.9137199905340674,0.20051077504666798,0.033337706110701665,-0.31374433073089475,-0.4999870364942269,-0.22552403563040022,0.20690806384418073,1.4558195989632694,0.4640741361142515,-0.3640249270876611,0.03238253573507341,0.3933205620224619,0.2897560199741974,0.45978342224116314,-0.3887755647339507,0
1.8894536351859026,0.7291925817918982,-1.1223342920955233,-0.6747049274943111,-0.1365437200372827,0.28036161767028606,2.3435368200109483,-0.6493908450147269,0.18041609022953367,-0.5255900944626236,-0.5473411568925785,2.483303449717023,-1.0021683838301876,-0.42699607439487125,0.6318455035013899,1.117340957051596,0.004460970889839233,-0.012921581948374363,0.9963920589755639,0.2764310599803505,0.4430130972372881,-0.48151483647086873,1.1046736435963456,-0.0019511525807828437,-0.1624184323211102,-0.5365366713492734,-0.2813678595665828,-0.0009014516658525393,-0.06447569758893214,-1.1115047500089248,5
-2.2841972839715705,1.5102686466515793,-1.7470457727870974,4.647046371050839,-0.32547779999675147,0.4134884513912388,3.017310881935482,2.0750493679584854,0.01827807734452187,-1.1716595083409134,0.39193736840115073,-1.1773433860656228,0.8665611860658775,1.6940023513990976,-0.91261686349957,-0.009841679447592643,-0.1799262569532563,-0.3665427499138671,-1.5270234238349294,-0.21453826772516954,-0.0017463652288151157,0.2752357384771935,0.13341167843560622,-0.19163306151038376,-0.7301647334082116,0.4101990604074686,-0.379574557763615,-0.495810015126368,-0.1688086262882937,-0.7865676141878438,1
2.410212547982451,-1.0328428183562834,-2.7651046509037593,2.309086912091395,-0.256742232165187,-0.622826048459246,-0.6406481479788643,-0.14585345404301908,1.0983907265229198,0.5540297773751676,0.26252240782102915,1.0562101700372177,2.3789481702263617,-0.17119288236787836,-1.0444238333659106,0.30816310257257845,-0.14217943114947285,-0.2092546182585629,-0.04456134569251387,-0.01351089071313645,0.3074692438500889,-0.1753224983739872,-0.24882065263897793,-1.0996684295062435,-0.42817180847896125,0.3725356080366378,0.09791175129401612,-0.11525245102415768,-0.6797152347970766,-0.17751063920271548,3
-0.27276887173039055,0.5109319761761494,1.5152545433160287,-4.699467294962362,0.5396775559240428,-2.3554420313593014,1.7845218891765093,0.6649738806272284,0.5494064594829038,0.881423130422169,2.2208864732001867,-0.6217007677780412,0.13674012791882098,0.7724594996543059,-0.31278045944421434,0.3554056532211493,-1.3627801300684987,-0.572352267487273,1.5779050027763888,-0.36053588226275,0.31292175891143437,-0.12390706483192435,-0.20262674208439446,0.31284108621301565,-0.17839831348731264,-0.5163046466379413,0.6626118480383624,0.12383066137761325,0.16815563980155923,0.46511550483655395,5
-5.011824371489916,-0.5546511589807447,2.2700538759964135,-0.2952955497808903,-1.6127795070101572,-0.46514192111914116,0.5769321127863299,0.0551359021217474,-1.6645405408716423,1.1349234133978618,-0.7821886203724543,0.2805470266547996,1.3386901639898057,-0.28462501057924505,-0.10595837861408447,0.033691090744099435,0.5614373502211059,0.2783325112384628,-0.3864552440860277,-1.017832519346568,0.5015449728935073,-0.6773808512040023,-0.8562320376014975,-0.822662635734615,0.6449674749790574,1.0235906710637035,-0.4049936492816743,-0.15482200398302498,0.2933547004169578,0.1307534142042794,4
-1.0913351647399956,-3.9431555503078415,1.8105020871287583,-0.645573302735295,1.366622920594855,-0.7252351350290012,0.7159837670705835,-0.9203057177372147,1.3196038348941779,-1.307436934859001,1.14857768628116,-0.4992466494176609,0.33345261835069306,-0.995294823387741,0.0040126627565997075,-1.0546761351004934,-0.7350765931253428,-0.3730411978211886,0.1029188335348992,0.374883026856665,0.6155477034217917,-1.1707158895516956,0.15843930063544445,0.06683891806443408,0.47878463700260393,-0.11032168087724137,0.5480549307398057,-0.2984066914685125,-0.6028767299806783,-1.2191240083816552,6
-3.2404702303721664,3.7989928165469653,-2.2734365770249396,0.589201663967723,1.4613187800645027,-0.41336597612112264,2.1210435466341826,0.8810917115011812,-0.08817655266981293,-1.507620102684807,0.5360782217014596,0.512847032694421,-1.0801427882778902,1.4101614600558057,0.5738428320680369,0.21722769847399337,0.4393931268076097,-0.10650947648530316,-0.7516140159301374,0.8168868576472712,-0.10796183242629617,0.7698049419845165,-1.4415537946884616,-0.25978165386980134,-1.385033089085937,0.2968628826869114,0.44230946658821507,0.4439539374233113,0.5808906800928596,0.17915849085111207,9
-1.3006120610331144,4.643929508464676,-0.4281985675706684,0.25209822205352866,0.8091767213132423,-1.7832507033444518,-1.9068911985373256,-0.7011585220856182,-1.032338463717211,-1.709184178670068,0.5533432098536344,0.9528906833472275,2.1106127262253,-0.33306626255868893,-0.43573456225994395,0.17342468419864926,0.0023749695662735274,-0.2905183406899842,-0.35751885638825204,0.7948805575067198,-0.21206683018965883,0.12506392170242925,-0.25242697269946435,-0.4928030973905735,-1.0800375653737737,1.2637393920967173,-0.4032617001971932,-0.5350610010033258,0.47816516862230657,0.41750756941972944,7
-0.27307854799945563,1.6279694010327272,-0.6654602178270324,-1.0275811746349326,-0.2725684007614731,-1.3373330278227358,-1.078976328594504,0.12844872831269322,0.11156036668618813,0.14708062666495095,0.7604283784036262,-0.6560116307993937,-1.9498146034969543,0.02866498412079343,0.8851748190427084,-1.5383359544970718,-0.013533248341763126,0.030502458562338224,-0.061799305298767634,-0.03353131349150067,0.023311972685170334,0.04343608955878905,-0.3221002535493134,0.6729930774977629,0.9323695811221426,-0.38235409953952404,-0.8440581751635348,-1.3067920114658969,0.6527329868802325,-0.7053350283079743,8
-1.2822712848921225,-2.210017863281472,-2.633093038787957,-3.596238725474478,-2.386812738504341,1.0869691474622534,-1.7992956634565633,2.474184021854485,1.091345450980385,-0.2480323300485511,-1.0329564735000574,-0.11851030642026635,0.9757162967590233,0.8364589280569471,-0.02001686116794638,0.751127141530642,-0.20324600633300172,0.6028401095481374,0.07401205725611096,-1.1455488179785154,1.0280531510766082,-0.5687451733270488,0.8260048779553358,-0.5535435051139984,-0.9879339541750567,-0.4725704326416142,0.24293298846745207,-0.6307837589480576,0.4780260153057366,0.04647668208593634,0
-0.25203528212931836,1.0389741818126776,2.0448259950097274,-0.42646503920465734,-2.5893400529656336,-0.4154940007246098,-2.7685329742046503,-2.0823555922771035,-1.987967841195342,1.0422319118526104,-0.685659891206303,0.007605336545441566,0.7922211637129677,-1.4934170314938375,-0.5949722366923355,1.2510467653920194,-0.4433187470924478,0.5658851236961714,0.043091622078997305,-1.54730421687557,0.8017773522254696,-0.9433037656354742,1.2610414538144366,0.19655986537013567,-0.9251530412198851,-0.447175205164445,-0.08250237801782788,-0.05942695916636434,-1.7705547979532095,-0.2705480911702354,7
-1.8637873890648655,-1.314958876604169,-3.8815839815409197,-2.0251305821870407,-0.3238714628840069,0.30380272894869037,-1.6085763813445773,1.1805147625376204,0.6966673893025758,-0.4947282719525358,-1.1416826373541722,-0.04715411968269787,-0.4855028395794474,0.28302635914865243,0.3529211650314301,0.19480093749983438,0.2222770102526885,0.0466759997226227,0.39078365701355033,0.5155040289962942,-0.366724253408345,0.8031576771803124,0.3065413017600646,0.2856727343834218,-0.8761853396160508,0.14807769852680705,0.457343954816731,-0.5584116023823402,-0.2812841636728709,0.3356343474739102,0
-1.5629030097334067,-3.8379647838560134,1.3493704697846587,-0.02784249853980212,0.963977451399977,-0.6263679744105635,1.6495089563535796,-0.9295918858096557,1.045663419949043,-0.999927738050906,1.2833706202056792,-0.6380443076931929,0.7429766715611839,-0.7004787509567872,-0.28532501050027076,-1.013038044922131,-0.8081596354101197,-0.39299855736032796,-0.08404976537780874,0.021660409354150884,0.9590480036513532,-1.4902589752218278,0.24761258857079513,0.2261547818006275,-0.014417347802592299,-0.5805913360525435,0.70584034190837,0.4905469674343844,-0.02598922054355874,-1.0960111913185018,6
0.028580279854775518,0.9053759549059576,2.182903763676143,0.4044017488782276,-0.8490435469314453,-0.8241872735864155,-0.7610113621765227,0.5124135595219654,1.9528593054797576,-0.04668027208150372,0.488154435305345,-0.5905811976442273,-0.8471163203159695,0.06750052320030024,0.25414930223327487,-0.8683230081322428,0.16538084365273722,-0.10539196618430027,-0.19950030004755176,0.16534363149842318,-0.22654431552051807,0.8542865863357204,-0.42752387274798576,-0.43550317780601505,0.852761486925638,0.28157342777766037,-0.20680999098554978,-1.5150903654570973,0.5738201999491619,0.3434106620088894,8
3.21217938838472,-0.4606516829018351,1.261561095141686,-0.10316533966451381,-0.3868515105388623,-0.22781903841644166,-1.0061161674114194,-0.4536503326909714,1.6716397609840865,0.9000225564108396,0.6610607767695775,-1.1769361785012933,-0.5612376748898799,-0.4746827166433946,-0.460682840028687,0.6476031993419527,-1.1425572563708897,-0.08183914980798787,1.7024761341056889,-0.0943113897007609,-0.09071259807519148,0.48538037034033,-0.8939969170502875,0.5052985944637531,-0.10555578299566377,0.030710801927287187,0.31871580181567477,0.05689103267443951,0.6825599580508543,0.11673627925525645,2
-5.370497797846032,4.682635292348,-1.8675316440062,1.4009764009992038,4.3853984998760565,2.5198976581356103,2.713609523093278,-1.0236075352695189,0.8894109470106624,-0.9423455720328107,-0.7997150255152785,-1.2814390927700783,-1.5530806594401698,1.2343691367737561,-0.02727754693982904,0.8420167556165786,0.6579487968206565,0.2809256787504015,-0.4600008577079404,0.009186254048165837,-0.20591263299856477,0.19346975432160857,-0.5166831455327684,0.9604892320842848,-0.7965089114707411,-0.23442912566305524,0.8537850572154119,-0.03811064599226105,0.2726540944551871,-0.16531450550388108,9
0.8831319058528585,-0.9248636468648569,-1.540083869877023,2.0449544948351943,1.2330923018929687,-1.0905654490057737,0.6235994953778714,1.3961215782041374,0.9231652656528722,-1.0875635685001313,2.70246366497363,-2.7073773402481773,1.324545141169151,0.45240296890436293,-1.3595453221482146,-1.646491428305349,-0.6748521807791267,-0.2178369548483447,-2.1047260735322317,-0.7659174995230891,0.4468498205832435,0.17833932488767829,-0.6246240320074645,-0.3647715922643474,-0.9508594243331785,-0.45831852236921067,0.058488714034519426,-0.2150511721889592,-0.38240307353976244,0.08066415479693524,3
1.8855805277409097,-0.07776338427496,-2.807202270412746,2.1841877789101027,-0.0043400822727704515,-0.12594517786827264,1.256059132681875,-0.009193077995675512,1.1872060271567948,0.25271207869935625,-0.14067441470196174,2.0627526378741368,-0.9409119958198069,-0.200998615220712,0.8445947154891736,-0.5160697569163407,0.6834212904128257,0.18901667123231408,-0.7628157075895768,0.5267977667166346,0.374112048764773,-0.6480517381358283,-0.49995292459653523,-0.43887231994158493,1.226401015366523,-0.13719994439323013,0.3812780240751467,-0.3333277386005865,-1.229181003506664,-1.61267919230715,9
3.908236329221622,0.10839545617396534,-1.1199037678207808,1.9478321021584302,-0.8416971218345474,0.6957123080239176,0.7221810591361191,-1.7078651802303382,-0.5718614056631763,0.7768932998018243,-0.8920377298972151,1.346464142782142,0.2393656781230733,-1.971615862929176,0.22626299154555962,-0.07391423493413263,-0.15928145166484103,0.11983270109746705,0.9753916513138476,-0.024133491019593962,-0.34530298739650345,-0.21256028728806256,0.6000364560344227,1.2578492687224456,0.2434983276321291,0.24658917489440557,0.2055357020668402,-0.6075431875485642,-0.7533785942963513,-0.32363917757177796,3
0.6614723879612886,2.190405497058178,0.7940378695138972,-3.5349016881581785,1.026402687209136,-1.4506741741946532,2.615184630944762,1.0023348020682386,0.8877893001707021,-0.486805929204983,1.5473153383687308,0.4279425548613119,1.1010917318706026,-0.21528086050193318,0.2025944258609418,0.19366920054101677,-1.1438960065463852,-0.37259493694447643,1.0712351576637693,-0.3070626630238752,0.07381084982464288,-0.10299714460386297,-0.07291634884919435,1.1688779038380799,-0.9009320953576345,0.38457780357170246,-0.028871666646121605,-1.1843129388250608,0.8173097394959943,0.261195554137973,5
-3.0504874487141462,1.204573121697492,1.2891150233457238,-0.7353733176138523,-0.8725557792061472,-1.358165931025239,-1.334508022461429,-0.6992736986032673,0.7937658318291542,-0.5764538420989923,0.9139090988522491,-0.8162233835496189,-1.273104921669542,0.5359725772433275,1.2294359860943773,-1.3881444010217503,-0.00846687977828307,0.0803676554653742,-0.24056700202437326,0.21739946925268855,0.443157923685896,-0.32775905329935284,-0.6165886311422013,-0.8840493381870312,1.0181511355548216,0.30592223054473744,0.22902184125713465,0.8123975233537087,-0.0558874082970456,0.34636832884729296,8
-2.6113580330778783,5.135356892461803,-0.7036166907089809,0.7037398558227619,0.3287910020926564,-1.2724156149594288,-1.2558508956641432,-0.45189506337102475,-1.1052541383545713,-0.9595920172180363,0.16041882831704343,0.6733794685337883,0.2516441973756533,-0.16577547672543846,1.2136399563804159,-1.1995745767514583,-0.05062706729149375,-0.11464030927649883,-0.002373996973107679,1.0355574555422458,-0.08022998035233474,-0.4110201932888087,-0.3738782974927102,0.8594367542846532,-0.5104444706449268,0.8437018947318335,0.1883785519983752,0.3907502499742,0.8103911375489598,0.6212919215915271,7
5.058102563110253,0.565230142591408,0.7495321866559,0.06291552334152097,0.72828292542064,-0.5288428447952828,-1.669988871606417,1.0230153141164542,-0.5590748260700948,0.4066494331979389,0.8838763466262473,-1.4611922250279603,0.8823003705925306,-0.4748607684502088,-0.21102288438493352,-1.2162223189020238,-0.8722965331928152,0.13174694030428924,-0.3627743509178068,-1.1486479250810024,-0.5313673953755104,0.5675713639047331,-0.22285007414753263,0.4324538086094908,0.2731494280114702,0.14395569438557881,-0.8403095109349793,-0.011862170874602836,-1.234785913122294,0.05114468550339909,2
-3.493477209176231,2.646646576024841,-1.9305857011455252,3.132042540066595,-0.3685872177341346,0.5826946023142444,2.5754928726683866,-0.24823825334377864,-0.5062886743303694,-1.6553333678278976,-0.3104010605577242,-0.6690537043567722,-2.03248937905044,2.3439431902863985,0.3127950765228322,1.2228613498334238,0.05694082981628908,-0.39704024316431064,-0.3876816910156571,1.0967202533393576,-0.6340362259942174,0.2771759226842526,1.2518635223636612,0.8381597545540848,-0.7606230883346821,0.39739909586794425,0.36242346762909367,0.5154721114101504,0.1838260573208433,0.277406950136733,9
-0.1874035157322095,0.4408385791565473,0.17848811694480834,-1.580753805121842,-1.0571049718558003,-0.9409896421145475,0.41265830889066196,0.4584193588465185,1.8374951487914826,0.06890125410120937,1.4193281186265407,-1.140824309540426,-1.7856529664719285,-0.058442605628209396,1.4463059376399925,-1.088418439075074,-0.36616026856555023,0.7971337410601508,-0.31638445945432264,-1.284671229428598,0.363424987281299,0.24073886548144507,-0.3835356029937202,0.5830673278140382,1.0728566743280514,0.8952572914003968,0.46326375834507616,-0.7738599671986705,-0.09591188751537387,0.9852388188775771,8
4.096679778229014,-2.1156201605690588,-3.533920798500177,1.0803185261931558,0.44398959836754065,0.21577334892714609,1.3128476353158165,-0.6015816355509304,-1.0822750318747445,1.8164468717328992,0.5747872624739747,-0.7464991115234754,-1.1589043862311041,1.799480590073935,-0.31422318802032995,1.2048612508707908,-0.03126449004699152,0.328287233154544,-0.8169300042405804,-0.9139868203915247,0.09843323224289106,-0.8305801008917417,-1.2575566405661047,-0.1047500372224197,0.9128739328800061,0.6131904890454634,-0.9669562022189214,-0.13708710386413783,-0.5912557151828098,-0.4744884832290962,9
2.4163174499019577,-0.9400196823328727,3.3077229310884477,1.9182064575531925,1.6769194513173797,0.10112302354128239,-2.6327933684991724,2.5857085590897717,-0.05659055031546768,-1.0519036037278104,0.5098786918865955,-1.435238105893786,0.07377064884318109,0.6011701531651256,-0.5298140773895457,-0.5965031965358398,-0.9276945157360352,0.16189899339784009,-0.037124490088901146,-0.9137942910420144,0.8152537752158486,-0.40173002849435224,0.5488122061657892,-0.7375551419458953,-0.9254509520585704,-0.8957176365347995,0.42826422978440426,-0.6161820177017193,0.0865152053387222,-0.7661910860409152,2
4.727105034345203,-0.5657620237104065,1.814768397222586,-0.9879004558757435,0.9247771596657536,0.49705096912380675,-0.9315855063984397,1.0405815737183466,-0.054836888903216516,1.3333086173596642,-0.40931266921691994,-1.3711717077997374,0.28717343408273627,-0.651173305397048,-1.650605908042738,0.531817257057783,0.05027088361255627,-0.31102717570508726,-0.30670571877795416,-0.1599516330413277,-1.0067075511378616,1.380201898890753,-0.9393934540801995,0.7109546379192468,-0.7852423685267178,0.2890665320384563,-0.32646582791655937,0.0952244398405954,0.20012395328189833,-0.7531343422819698,2
2.654714035765933,2.490983282344754,1.196734504038229,-0.4096248365413939,-0.8463960175519312,-0.08544709887114539,-0.21400127311962072,-0.1662822251934585,0.5583483165911707,0.8004749157441193,-0.6859532440002685,0.8427608229577507,-2.404423418815603,-0.354167449945228,0.3509914568177766,1.5671909801472639,0.3637530823068049,0.37965777881133633,0.36733092182367055,-0.6815469617420477,-0.7162777686691388,1.075074883529332,1.0860893074217108,1.0332838675746583,-0.28118872984781396,0.46463772126382075,-0.8162273349884178,-1.3483045761403063,-0.8150355699192238,-0.34497157676132245,8
-7.382980258908242,1.3270060161944206,-1.6476308904364212,-0.19176996534677956,3.581671417784786,3.6017411887768667,1.4329032635174144,-0.41369222396984817,-0.23714620080507207,5.004342966137711,-2.439377336229648,-0.4754235747983665,-0.8826616134119145,-1.2403745553553431,1.4713344280846634,-4.140183659560493,0.9864896988566585,-0.046601966298583736,1.1549196295278328,-0.35287348164143234,1.2927254837384081,0.13426877135319035,-1.7619073658296749,-0.07811581916655913,-2.9904569618742105,-0.12450955174909396,1.3257375690941757,0.1402187150574114,-2.171483705322169,-0.5202288192131448,4
-3.486144614462791,2.6142781380914277,-2.772707456031897,4.466943767691008,-0.47639516733504617,1.1702043474685435,2.721438261197898,1.105367704539189,-1.0891586308457901,-1.592942918113647,-0.68138842371184,-1.3501202417951665,-1.439255281573373,1.8359616871554052,-0.27324884886379175,0.7536359413157586,-0.14458759335777926,-0.3556582120563034,-0.7343883324144947,0.639101306710288,-1.084826936223867,0.8934702867980897,0.9708653691223417,1.4107416061095872,-0.7940168797285664,0.2183213553024768,0.035508287665127446,1.2155304734932753,-0.12637466807145084,-0.9382298613452053,1
1.3305646799029651,-0.4726728108142924,-2.232821722585305,-0.24703223990717038,-0.2154764966908265,0.19698161230766414,2.2137985894433987,1.191686146806264,1.0710358007321548,0.1443337582467109,0.14230175904563816,1.0100592269349202,1.0087270056434083,0.5489556385070674,-0.6553591904319546,1.287418779169671,-0.018475891993237292,-0.24511678459724984,0.09377147551402834,0.0382499403630632,0.09096946336852986,0.2406853669018965,-0.3551091360930794,-0.7615368791685555,-1.1219014004099508,-1.2758575452009453,-0.8001902711255291,-0.16046804194441275,0.20971832794963907,0.24151814580149816,5
-0.6997722116897828,-2.6504681217320294,-3.90321122829216,-1.3499602117811014,0.37472276697960744,-0.7879073564080445,-1.2931648757339798,-0.11630238649141285,0.6114336369277138,-0.49347395117283416,0.507324671572037,-1.2061566449626013,-1.4040539885475327,0.27143573696286516,0.29034776900275483,-0.16077230010979987,-0.8003508255702514,-0.1322766070523698,1.600840380408225,0.47475003247605657,-0.35381850098147477,0.631467992116458,-0.19115238796196932,-0.03259817883543057,0.6097193133354581,0.7138961363499505,0.6591263665818733,-0.03709420642311642,-0.26255838220439914,-0.26339615679587786,0
-1.873793430567238,-3.9633677280717277,-1.1059699816561122,0.23722497053069586,-0.5523976760427091,0.31648655171023227,-0.41103010818895,0.249428102261604,1.607938456912482,0.283905119010924,-1.1267874854475617,-0.37947302183147963,-0.14309885902460326,1.5905537428112049,-0.493996788922143,1.0020978197481591,0.3809706593513068,-0.48075108733957717,-0.8156353588113358,0.818451552265801,-0.3054500038996082,-0.3740064827434343,0.8214176720595805,-0.031245455797109165,0.40713234968425493,0.07021507705694893,-0.1955748646793587,0.19747936946166897,-0.3162345160597639,-0.12544809416204306,0
-2.048806787772163,-1.5298881539020441,-2.3311291982386164,-1.4015470689068368,-0.5744953517000266,-0.5774912149937375,-0.4259092443727159,0.7196112183554697,0.7860574590181223,-0.9558909769062625,-0.40205701102094604,0.33268565833134656,-1.1909864899257285,-0.4454775391095267,0.6003210394040567,0.13013098483290025,-0.09263726147028394,-0.17456531934798086,1.0274770581847466,0.6334181844957593,-0.27865776650604696,0.35216377972818713,1.0598241442808254,-0.7146950927689738,0.9509139589316309,-0.8888898133336128,0.2390892919990705,-0.0001846773806340413,-0.15105494940022576,0.32647082440223024,0
-3.108029420626109,-0.13846103445482533,2.014760726461687,-0.3755770348185021,0.6977262130450727,-1.172829300553507,2.4667219722871137,0.9367480888824513,-1.2506497560226189,1.0184086794760168,0.43487904179887654,0.1063766065546732,-0.5167908515882405,0.30180446375443326,-1.11424872496493,-0.4506752907733093,0.9596724767742004,-0.39506888627520365,-0.00833927018566486,0.16700931968942065,-0.4503518816577685,0.9003506762936947,-0.6507856128413189,-0.32127865548675844,0.6661962105485835,-0.4661052836135026,1.0301557980524778,-0.8932019367650773,1.9862018127418162,-0.1781387904628263,4
2.3378964733137533,-0.14742694492882122,-3.159258196629295,0.8240784065647079,-0.5851242670860812,-0.5454656890822045,1.8112877907791078,-0.04560188194403858,-0.178567814126273,0.5964633727581976,1.3118975179843304,-0.5717143760327844,-1.5172389371808879,-0.12426906480195127,0.03195829216101401,0.49894208385110594,-0.418494676244735,0.26990014670254203,0.4773367948443134,-0.7587584606680962,-0.23198229204658075,0.37785564876371497,-0.2525548396828677,0.14788750842590062,0.7500442051254604,-0.8929790006495879,0.05571477302001185,0.681565240986469,0.26096774410828505,0.9303846234623441,9
1.6031260096631057,0.07527313408160997,-4.2242616005017055,1.857323344104948,-0.8330633094134743,0.3109423482132989,-1.1563546281972417,0.6966689602129255,1.141981035764229,1.0096471568067755,-0.9344694851968656,0.5854247367432823,0.5714418521124139,1.350270825380388,0.4891290571279665,0.18197054747130453,-0.5064589870844128,-0.41596415653729735,0.5022172577312823,1.0600510478414924,-0.05998909683814954,-0.5898213596581936,-1.1258760708818223,-0.16133392488787765,0.1697426919617256,0.5388099077391868,-1.0311034538937105,0.1490359895640748,-1.139728219831996,-1.0272112599890533,9
-1.4637151550019147,1.9525362642593043,0.4108721811524639,0.4377085635977048,-1.2579245114037034,-1.848690847326875,-0.9598526423124534,-0.27671209122045803,-0.9603835901338781,1.2929100785134562,0.6809260736088569,-0.19489964335160045,1.8481067774764746,0.23190407658111284,-0.5328017762639885,-0.6313331408941841,0.121246440576862,-0.29867349497357315,-0.38576678999769326,-0.5525161235986821,0.28662605023895754,-0.2316322384323342,0.09216114116163407,-0.1352743933970677,-0.4484299232853781,0.5411947007936992,-0.6766854967180681,-1.9382270211348598,0.6638778911054579,1.9398827958548315,7
-3.884156876575259,-0.6082895491355903,-0.6782679238715598,0.21635417282238617,-1.296554421805546,-0.32077718422837004,-0.3664647969870671,2.1270063414272316,0.9090885418837841,-0.057256985174666736,-1.027291922608126,-0.3940424502471304,1.6401456389359854,1.1010201714632397,-0.07366467950473209,-0.6341107325976733,-0.397498039744784,-1.137848090153926,0.10921144290052064,1.3139419639625785,-0.37561650603144764,-0.2904512847262384,0.36219486876065743,-0.36575144409061905,0.8532262471319385,-0.7925258499338705,-1.2650566550919746,0.09813162403692151,-0.5515615235263297,-0.2082694630513733,0
1.9927318400711005,-0.524114220176805,-3.391741719875054,1.491451491266788,-0.46498148509998943,-0.49447033035789784,0.5930340728637031,0.13171617282650683,0.35312450755045804,0.5323174944427689,0.02390186388756102,0.81537153833747,-2.0060473258463,0.12134238991439211,-0.008406270745195447,0.788234030283941,0.5204658193464902,-0.041222927354300984,0.027976245830467792,0.25211084296941905,-0.6257233133171024,0.5677745966147029,0.5797627257440754,0.05442755812349728,1.3877554885987895,-0.6181284568288109,0.09744766217401366,-0.36075705797332636,-0.19177523084372122,0.46208965973311455,9
5.539508380635225,-1.2024444426819099,2.3581727913414676,-3.2282481721812095,0.45994004954544015,3.7068632442120624,0.4504311961387274,-0.7730758509340028,-0.7868077096793461,-1.099206035044594,-2.693293917230433,-1.0545230241001124,-0.11362361735743758,1.0128944525177948,-0.9669938543542869,-0.850997414021708,0.9314815329049488,-0.7329738725148001,-0.9607223068298261,2.070078657535295,-0.8977834313785769,1.6088156983585866,-0.4033687758152723,-0.7841623920936707,0.4496740900393196,0.6290662970859497,0.07882607067326823,0.6603917984590325,0.27028215236006337,0.15915498040697004,2
-0.1321013917400862,-0.6706042021427536,2.6152137494653416,3.3190002645714043,-0.31979762011709484,0.025170863136718697,-0.266541282767572,-0.9421781844272221,1.1340406050917982,-1.6024038991634206,1.0374924945512822,-1.447885831754604,-0.9664135736428032,-0.39672082606891734,0.3522073676723152,-0.8427103403744848,-0.7223578482517178,-0.037911922011785476,-0.1447376123942637,0.27780730820608335,0.5425167791278087,-0.38813059898311686,0.09541388093008084,-0.5497071691753687,0.21089079834864508,0.22439112787431154,0.5292443776324196,0.15857647744188988,-0.5150011182446728,-0.08769084495483306,8
-0.03305787847895727,-6.140936134683842,2.8897373632746404,2.629093942392283,6.4390940481562415,-1.184720577327148,-3.7069045339596713,-4.13552133717023,-2.999415581181191,-0.07693606827119254,0.1979578804153552,4.416613932174398,5.558784239336861,10.338553588815081,9.49817674084297,-1.5524814610300934,-0.9728883696054234,4.454209758444455,0.9656789826601738,-5.809773257123881,-1.0154248043368865,8.360149752934786,0.8699611493177127,1.1281191817874157,0.967490684498364,-1.758866487922268,-0.10246831923091464,-0.3643269093010367,1.8464046023942933,-2.5982832635202047,6
-6.026355482317731,-1.7503365688094747,0.7953309570856874,-1.8051663301194256,-0.5901181749825062,0.5145976624929174,-0.37407566632336936,1.336140923512756,-1.2879716334499844,0.5733113231833832,-1.8285498101727802,-0.4427563629909873,0.12555943134083866,-0.4797775565664605,0.35800047052189976,-0.5444538160330893,0.47583370858180635,-0.03388246995193869,-0.2369365602031685,0.2795761743244144,-0.35680771874416783,-0.04238787523801227,-1.5111408890723075,0.3959169399893406,0.2543140390362381,-0.004322349265259906,-0.5170025192754015,1.0912728721730791,-0.14203581282216804,-0.8929262100167433,4
0.5649732293447935,1.7757433387428327,4.618095868964333,0.9238545735318585,-0.8885560690990638,-0.35638268911934323,-0.9633522437771738,0.023497094404809193,1.3286307464831872,1.7612524870585984,-0.5882660074284766,0.8206999428694997,0.4743965383204639,-0.1640676022889485,-0.2549028265899528,0.5954677679594625,0.2702676925019173,-0.16416344604630553,0.8572408086137009,0.6061912460601571,-0.4008393773870611,0.6452530873888644,-1.2220276416329234,-0.5609911924314928,0.3803305723746602,0.469442050812097,0.5349102773714726,0.6051682565943317,0.17266535036767405,0.35391481797888696,1
1.1925292507525382,-0.6494227720255115,-1.140525708222307,1.653886515294532,-2.4704076801881225,2.060549188556296,-0.8872575530164217,0.11560059232003495,1.6844196315765527,-1.3734047891811492,0.19493684194686534,0.9205774384679254,0.5672461746446161,-0.7350625342737861,-0.38102000916644785,0.5298018197276145,0.8080761938078735,1.3425163629038281,-0.9052485678243244,-1.537948544119721,1.5474663520095875,-0.11017322516238734,-0.21200972430190204,-1.5782910841587767,-1.8924899134177626,-1.652441430583373,1.1243280522756316,-1.0422731241776229,1.3024672756901932,1.1322449355688082,3
-1.2285405873820199,-4.148488709236201,-0.15758576779427538,-1.6221288140478731,1.116727146119835,-0.9710878528180228,-0.045071309414957725,-1.4564407834912545,-1.2190675356770506,-1.1100321256764727,1.1893790074357562,-1.0734103967565873,-0.7154205407409425,-1.8488007096733938,-1.0641013782864999,0.226178195764589,-0.12513438530199109,0.18376691208122553,0.19162270171039092,-0.725394039824829,-0.2594646311298119,0.7100258197613797,0.020189089122707764,-0.3808834289220552,0.320921839125583,-0.09821656624504099,0.12631410052090628,0.29591327804583695,-0.5385537095828711,-0.24543071513561188,6
5.822390427267752,-0.501100162502443,-4.2696051347788275,2.340790873179681,0.4048058395852307,-0.8943589122786754,1.357885166756166,1.4750356515997909,-3.039421905357794,4.24201055420836,5.910491162869727,-11.089857285572212,7.926185336621012,-6.066703618871525,12.325698351653518,9.18758204528381,11.265587261475652,-1.405764532846319,-0.9542938448093585,7.951870689228395,9.939505318268012,3.74011863529899,2.418382635022054,1.3816511724440586,0.8654462604553225,-0.36828900344048054,-0.41848025762986957,0.26959781562112617,-0.6390850443013995,-0.7773017550656829,3
1.4281103613149944,-1.130071416993766,-2.6801199804963467,2.153696556210027,-0.07916587608319517,0.17916383310324574,0.21261234302826154,-0.389350497295575,0.13292475627459618,0.29844552553778114,-0.14512962167962765,0.8509185266613791,-0.4214098829634544,1.3227876014547615,-0.46602199247673703,0.6625573583713339,0.427100669722712,-0.22736090072994947,0.13421493343449706,0.7813939573212408,0.18265026236041157,0.06034536850776474,-0.8388305138957904,-1.5534276535375582,0.6176880489242531,-0.18907712625894127,0.12035199950216637,-0.47712038142852686,-0.01557008255592563,-0.08016841835578228,9
-4.191421745773069,-3.1020304515470434,0.1457854769663653,-0.6113663334102949,-2.1545787790611013,3.12867979167136,-0.4246684599853231,0.5513365262964756,-0.10025202492980602,-1.7772313507273463,-1.5913076993974258,-0.7675607069271085,0.21710580508133023,0.659765862820651,0.24470843258226202,1.2504627004009685,-0.37032663760106294,0.1512049687062054,1.27699120330628,0.40889883022601053,0.5961958072172947,-0.17021127697677463,-0.9837996018978316,-1.1141400176945195,-1.6847734699435324,-1.6805829153889391,-1.4485740386663004,0.26649077137986105,1.6016230252514934,1.0147910927641002,4
0.29715690474006956,0.3630283529095214,5.00561780987238,0.745698440525946,-0.18417050654477032,-0.05025778836526743,0.26758079846123756,0.25959744447182553,1.7674448373099514,1.426284925919539,-0.5370361332907754,0.7602940381110396,0.10138213719101852,-0.24095899796661616,-0.5001294115522148,0.7239384326214163,0.4550582115121378,-0.36051964412609816,0.5018193624722072,0.6396960840466702,-0.6349945257354511,1.0231287927596304,-1.0545188331010868,0.031498791595427754,0.11838023496154455,0.5370735845132849,0.3410655954678395,0.4811591852294668,0.39684563259479727,0.30083359414905253,1
-4.852750405749652,-1.0349950552882898,1.2939472479459635,-1.1954203335351896,-0.047787065432166945,-0.2833955734728456,0.5217770409604272,0.9677404438972925,-1.8495571563319864,0.23011000519359115,-1.0453957796678945,-0.25730443478344633,-0.24502293182097326,-0.21096578045371395,-0.5146931952332718,0.08151431814268593,0.6462736447006744,-0.44403516197773923,0.478977323756943,0.6403228459622787,-0.7259798346494135,0.7885549772646179,-0.7685683213845377,-0.5862667993691534,0.7435124241203657,-0.37577212257290515,-0.7198966165834764,-0.2628430058882868,0.7736165005317743,-0.2982074649909728,4
-2.8235456348792165,-0.7077400086135992,4.026500624719275,1.8831229878281817,-3.3783800547800458,2.236404914451217,0.5487954821553624,-1.1828511582981736,-0.19616714535187665,-0.5948432724162849,-0.6782982932628804,-0.794463124348038,0.35492806637927243,-0.7169844573213352,0.15103642502589096,1.031269725966407,-0.12444358614312273,0.9414350211659601,0.006945822582810047,-1.5425527035598692,0.6147776134911555,-0.054750372250303075,-0.1500153337236606,-0.2494653485825622,-0.7126986824849155,-0.3351161830887021,-0.9075531499825841,0.05804132799106476,-0.14113893924768298,1.4486012308247829,4
-5.258561949956976,-2.7774115630623295,2.780289563506285,-2.800337376467338,-2.838452015662577,4.211593549221785,-0.655653562853423,1.5935252826238842,-2.220972158593566,-1.2707145720293846,2.6139928933942524,1.77567725378181,1.168970897006283,-2.8857104683216126,0.34437524599408825,3.2407009633740276,-2.818010612197182,0.8906835697299231,-2.2546851126607788,-0.536966729571222,-0.5952236486350032,0.5782449410095015,-2.7509508454179983,0.4968664073514315,1.7419314793546332,-1.818296132239492,2.4918603184968258,-1.2693000761907107,-2.9266224417437092,-0.5746692218263371,4
-1.2552908401704617,-1.935337378912346,-2.46332553254859,-1.3821000546064777,-0.3791543782137711,-0.021802670361336412,0.09124808876864225,0.9643419946243801,1.8701211445626145,-0.2943515918295056,-0.9620735173155008,0.45970808232447374,-0.23447935846972803,0.6892210209560136,0.5211859102638574,0.30937757580129666,-0.22289054382599288,-0.5617629133976066,1.2602156843494363,1.14362135193494,-0.4147970472348667,0.33054779106553245,0.7559186861014063,0.08808586753749122,-0.0019745831887421047,0.19023595162090917,-0.05143182760718886,-0.9832849895670875,-0.008804617259624928,0.0903494018386321,0
0.9371400241025312,0.17002304190426773,0.12162215945542015,1.1746870045982627,-1.089384829944322,-0.7754202974578276,-0.25570323755128915,-0.8004214511505774,1.1992629953458853,0.67577081419096,0.2824415080597306,0.47974657343140087,-1.1270367571891917,-0.31907104646721834,-0.330528127406719,-0.27965445899764807,0.665043702227229,0.02434178844924698,-1.1941857923182453,-0.3729457862253921,0.04751370091629623,0.07785458313142916,1.3984284969912069,0.7878597724973304,-0.115159097720693,-1.6347427674130526,0.21667572616002087,-0.3779734367765909,0.1305166785016069,0.46368152149417813,8
-0.9178996880006262,-4.576532136400302,0.7390178067653432,-2.4375711068446133,1.4947160087475968,-0.6723012638171422,-0.39821912618543187,-0.9049409675511279,-0.3343579104637388,-1.1580872065841763,0.43380008124507985,-0.022263853907950933,-0.5882503032521383,-1.6675897853385646,-1.1733124939461983,0.23959478742946116,0.7357722719236731,0.08310726349003023,-0.9464648362656233,-0.4112214334210432,-0.6324309609760405,1.0788785147023385,0.735320122483178,0.015709440863999745,-0.25738305699438924,0.02093670147995888,-0.34772204222975295,0.5838612443400447,-0.5307595593633209,-0.3859792058827697,6
2.104625003333086,1.8170714671474721,1.2059867411494818,1.0404854926810976,-1.3409135863008343,0.27055621970957683,1.0077174641722548,0.0514333487526071,0.7099273851611523,-0.07837168488178202,-0.6313415138271463,0.7805839684450405,0.842714812526734,-1.5283628240976084,0.7868260788129451,-0.8156941061932911,-0.9976446497108576,-0.35002476570510616,1.610416209456409,0.4647347187515292,-0.35567531341180875,0.07703579554969077,0.5312112741724218,1.2379965132671806,0.8153899317151699,0.6654842443319563,-0.19837290446946357,-0.9951467393693084,-0.487234354305858,-0.1692631191940737,3
4.976458510129674,0.6201397045882245,0.9218219169846984,-1.7076125476727653,-1.2853193848521742,1.4855551159736813,-1.2627548960640702,0.12365879434433413,-0.017346874938642884,0.5887227943436086,-0.6421044634384098,-1.7849232708555098,1.5263663286608928,0.1397113955426694,-1.1949073186944843,-0.8769855359065782,-0.13219532865332267,-0.12628492187030022,-0.7471723901660943,-0.48066408759233387,-0.41018848721992823,0.9673944759898268,0.15050132255620385,0.3147032839085198,-0.5061320922738433,-0.8062030458213751,-0.42860603694806737,0.3800535763458294,0.1333306789157293,0.8724652709736411,2
-2.6633595344311356,1.2772701069174595,1.6827492529836852,2.6377175726935467,-1.709523253728572,-0.23967642280729787,3.9942118042139594,1.9305115151009526,-0.225373183782577,0.19921577757917372,0.7069001465540727,-1.3155047719235184,-0.5610099098180765,1.0733770288284186,-0.7587322736776149,0.12905705747467958,-0.43487701717438315,-0.11559038381262862,0.3912380552321256,-1.1808841488858168,-0.060650876106360496,0.8084182308104871,0.5690201282195886,-0.5718250113372688,0.8241903565336427,0.6584784010048903,1.011419308566141,-0.01628461220126636,0.22112541876764136,-1.0835004137649271,1
-0.35908893822441745,-4.987457460761494,-0.0410295041431741,-0.7274705529273681,2.0984099212921885,-0.737001239040888,-0.3034870560377865,-1.8954892748663839,0.0905555744693318,-0.7312572396290833,0.4203923291641557,0.3384245164051333,-0.5352292242626179,-0.7468778961738551,-0.9026772974902343,0.3182447670480066,0.8389930431079317,-0.05774606487806877,-0.6005615237755353,0.28370271484807824,-0.0952725549690021,0.1254458050538565,0.4432244365705213,-0.4616142445692148,-0.1466789957338106,0.78486738920157,0.49949001795437714,-0.4223748625537893,-0.0747450483206377,-0.5254472140358747,6
-0.14708587341204477,2.6057959377664086,0.2294698206096761,-1.4877402986217456,0.8511708914270798,-0.4468402267312667,2.115117615373281,0.44467392561581576,1.7505438333547658,-1.9040753668576695,0.3181422039923102,1.907331311944754,0.48033079932034906,0.1939875355613475,0.20539857941048725,1.6368514195099086,-0.09296345063759671,0.05198287789689205,-0.3682008295671783,-0.21629361018449103,0.3929356379972753,-0.22382444871583365,0.8598467080162184,-0.024331804382922904,-1.9306055275524587,0.6712743925872596,0.17511071435780556,-0.20361226039257602,0.453609842659416,-0.8684699164460563,5
3.65175823382822,2.4817115232496607,1.9103135609319515,-1.4994096266018724,-1.8757481804102292,1.4988513207243301,-0.2116051936532046,-1.849095231124064,-0.4446779580336764,1.0842660340252404,-1.385469166255314,-1.4166065014080464,-1.7225858371213718,2.3467117121290606,0.2012724575702018,0.09999199516606709,-0.145866029409166,-0.48482459503540126,-0.41479150136048787,0.6942086568818604,-0.14542805661907104,-0.1578101642678355,0.791968149033421,0.02519165357621773,0.6081822490080763,-0.6332536666450018,0.0024295694010319706,-0.11445668705398533,-1.9860349763051695,-0.506295530643697,7
4.133343831978259,-2.845872392057518,2.7507269091334994,-1.8845113084577527,0.2916834638736875,2.494529057580649,-0.5463475679333172,0.16756495840673397,0.7432151239555863,-0.23316155432888178,-0.13904597467383173,-1.8490032906448302,-1.198841682102459,0.34840683741516953,-0.533578122423683,0.5771947123572634,0.25492215380106104,0.8748068306602915,-1.4584588038296185,-1.1186173492844695,0.5145389392864557,0.14357822083465008,-1.2364793077057725,0.5321821593384716,-1.3006533765873036,0.5547473413605241,-0.03138448182739955,0.29273656519921765,1.0087456019885561,-0.06694633008970921,2
-0.21179494603939147,1.4699565766613065,5.043501005826866,2.1136466399351628,-0.5555706897003263,0.27174699272584507,0.3974174067702241,0.22078227879063705,0.09169740745564184,1.4206471151297235,-0.7040219680374808,0.12823385733636472,-0.07404315044364669,-0.16965649091795032,-1.1217864012552652,1.171435959009666,0.37361764663166286,-0.4274604515507903,1.1664794754531969,0.6476653219519247,-0.9885520687614533,1.7849160396678756,-1.1945592327749526,-0.41781165556864663,-0.18353780130547864,0.1531230038710114,0.4249856370321708,0.6347788142943256,0.5653576166703591,0.6031010584300642,1
-1.7628131230090336,-4.419678709493131,0.9043419462242168,0.1505453491248328,1.329115699710837,-0.5696657534310741,0.6212881801443154,-2.832284841462978,-0.15458370193767293,-0.7975226008888711,0.553339679616974,0.005979341305472745,-0.23550617696322543,-0.6964304024974308,-0.5878583439193983,-0.30487206748689244,0.4003314715616609,-0.360158243481761,0.07304523080567507,0.6202089609985911,-0.0547423350588339,-0.26994686681702657,0.49864147682453736,0.07082531386235677,-0.17509295834740107,0.32035986569914093,0.37962258206122507,0.13062747321029852,0.4782318097589652,0.027516530964790994,6
-1.552537477383265,-1.8766899939257826,-4.347178444072765,-1.241563661835315,-0.5979593071646626,-0.6780821453062716,-1.559171928715002,0.9886033566441814,0.4538809220727823,0.09849515918529059,-0.30845863812973073,-0.7172805688756577,-0.29088434234574884,0.1453828659711794,0.22595228801894524,-0.5881937135468843,-0.36882481135643214,-0.14756055825236947,0.4138660309530831,0.2816645708246456,-0.16972451500500488,0.05268783115078562,0.18124555284595614,0.2948595214056735,0.5273718372324822,-0.44700093636347027,0.03264331194448317,0.236821172627786,-0.043769638896340515,0.03308338444973456,0
-0.623881300568055,-1.0125410827038195,-4.014973406042789,-0.23080845875337969,-1.2080180351589946,-0.7501019571693078,-1.206787352221117,0.840100214863053,-0.3588812009620154,0.5979522721404431,-0.41611658098120186,-0.5142461924506829,-0.5800833743833025,0.058135062445667,-0.31032945246927146,0.3399667549077585,-0.32034981568500764,0.009311396908152688,1.4583806873004201,-0.024349282811943877,-0.5235255546569185,0.643530032362644,0.5322181605309688,-0.231484731363953,0.9508645159888994,-0.24452444871239112,0.2336427856192165,-0.25196515203064807,0.7836158074143775,0.427762262568651,0
-1.1477985695916797,1.4515613685578324,2.471295532851645,0.6198783472298816,-0.7719038958499598,-0.947293959397751,3.8398726703160597,2.4890038439506794,0.9229919028382295,0.8907664616379936,1.667438313137473,-1.2476366392155627,0.34652135546166085,1.0778435026583144,-1.2176659931818994,0.4940043446840072,-0.7592915473113856,-0.14946374879562443,0.813966474158538,-1.2436248300791617,-0.02923264166118853,1.4434327864260563,-0.7180030785829805,-0.9315027415905491,0.10894902718198243,0.6276442679650105,1.365685997523371,-0.03942349344257341,0.16660644370409977,-0.26225378520124754,1
-0.569270367616644,1.3336902239296757,-2.0929680276480136,-0.6279993779364647,0.6050624951522485,-0.5721662191847814,2.83392800956773,-0.10067996525935753,-0.02460416295669683,-0.567859650670445,0.06723687550804909,2.5036239620122362,0.4604367530685344,0.9055664993619114,0.1490369686675431,2.195035792028876,0.1457649157373298,-0.19942635651699883,0.32192992735632103,0.3081475911577889,0.43861905259454126,-0.7326332081698362,-0.027967838207034107,-0.9386928940624042,-0.7794834330301776,0.1501911777664828,-0.5258665047250144,0.008699707051178325,0.3940870336932007,0.06918097469522093,5
2.346763221928138,-0.5982874561278518,-4.242808918869765,0.48920618754641326,-0.5388261956083097,0.3085507684699861,-0.09853747570559485,0.8050927623724621,0.5640042849932181,1.6102942895279106,-0.36758641905981826,-0.6527019704570001,-0.45287680832484367,1.419840345542879,-0.037296038483723676,0.49216937615678596,-0.03701515182803119,-0.3109388143185356,-0.17143182918999678,0.21062449944555992,-0.7089415192404662,0.4221586183302102,-0.6122161041208284,1.0690732655566435,-0.6792911496976881,0.20499303121838414,-0.6186296308168414,-0.4196583248815421,-0.3991860644855575,0.8596069479863278,9
1.937843033043512,-1.5065961055282655,-2.495993560578873,-2.376507589477513,1.0312893936224778,-1.2156696013414872,3.288309426733464,-1.3637100646866962,-1.444890475177501,0.8086409552858551,1.3060365807312089,1.2560726252527887,1.9391071409513765,-1.147899951527992,-0.19115967709278428,-0.9859889839122538,-0.42418669623882904,-0.09284613381488993,0.28374061876990014,-0.9651759223965384,0.3509028075713141,-0.8783054830403245,0.09655721199581274,1.222392382159039,-0.489945742907306,0.3893084866823732,-0.577726931214342,0.17403524789819513,0.34921552874033324,0.18356022670547667,5
-2.084332559995471,2.2336710222818206,0.270469041016838,-1.3199122445949927,-0.07307477203449712,-2.621111353584006,-0.9204976609617723,-0.03526068702965798,-1.0563129729759266,1.800973621251777,0.9949237110538588,0.12161897866405966,-1.7350136341025515,1.8087365282503751,-0.2158999887251885,-0.2624070713579358,0.6098494384439058,-0.4784611834474345,-0.557228345589212,0.2486078325071444,0.16845734857015993,-0.4872846538081064,0.7123027261736616,0.11716105627792595,0.17712686261130947,-0.38976606500645605,1.4260219759921806,0.00964132899384451,0.15153256143136634,0.10954446081964611,4
-4.44799557436395,-0.8766581703365536,0.8217463613854239,2.1947775363927855,-1.4159333435522383,0.7522760577453507,2.0284726765173993,-0.3037939290886,-1.939498337331884,0.35411905556755047,-1.4645148494412135,-0.3617844366725753,0.29223141563234123,0.8222025107965992,-0.43362733995628416,0.5866601137115063,0.058529281201481285,-0.8291488018803292,0.8911219756721881,0.9564942958645827,-0.618473050076704,-0.13006267032297592,0.15590235131990246,0.28995809169813086,0.6337663034070706,-1.062498090788426,-1.7654204127978317,-1.0727519346443157,0.8018804344291409,0.07792335586569815,4
0.38155205164262046,0.06590868533936121,5.115165493705773,-0.65449776027072,-0.7561643420780553,0.17052796106511459,-0.017411349307801603,-0.1377246717184251,2.238251010843741,1.0994158013500637,-0.47149788368407397,0.43630208049672004,-0.6317900500750571,0.3625708460709641,-0.012775251126656837,0.7676751027296733,0.37711690394012426,-0.01129206970500006,-0.12464691247709889,-0.074172584994742,0.14668488479936814,0.10566968744386186,-0.20052262970871007,0.142770686444822,-0.28609157768702653,0.18487256856852305,-0.24316432904409127,-0.3629669524501717,0.4507070927844862,-0.4943291946648174,1
-7.347751131237304,2.2725857815835875,-2.557423144105243,2.5519980485013805,5.114445849180708,6.337999812652219,2.27288436463959,-3.0069075878169764,0.3566381240885914,5.272344731543769,-2.9712523501382737,-2.576636871119827,-0.780538316163165,-1.288255385534862,0.5351375393159528,-2.6785883934290426,0.1043121215472196,0.25619776614829504,3.0001994805357786,-1.4547873506440052,1.4811983908611928,-0.316438772040848,-1.1306259598077673,0.37952734330449633,-2.7424267501633115,-1.4595667567955224,1.0560686889531938,-0.33251395968989345,-2.6859601066735395,-0.30483162754092535,4
-0.204549495205134,3.6056032145610213,0.4066540342494589,-0.17360916344132127,-0.9361204516584544,-1.868826200430924,-0.8777850712593219,-1.0523516340749344,-1.0177924016951472,0.8753009748790497,1.431912694906486,-0.3414862652195666,-1.9102892700596865,1.5607001383110168,0.2929989137395792,0.3125715409102551,-0.8900579594107703,-0.31627091486511105,1.0859007039085877,0.1601708329341221,0.451450400203009,-0.7097854949025951,0.20890648464945108,-0.2794753716952975,0.2374887620906377,-0.9995798332153711,1.2143363000868392,2.04028588474904,-0.4091122754183667,-0.5147945483419153,7
1.9027154201726755,1.2296168693989091,-2.338650899694636,2.014246077682879,-1.4055444639679995,0.5421305944619711,-0.7275394601494627,-0.7107167049698044,0.5762094912213396,-0.8603664388051124,-0.6572243015886242,1.2625741148098983,0.546407481057612,-0.5503893885306347,0.21787807828242517,-0.03259093338720765,0.11373950419114305,0.3486214732146541,-0.032704689134758054,0.16342035750318296,0.3152182429425105,-0.22944397847631068,0.7404900649282199,-0.3152960986258305,-0.6422576632662914,-0.25347438582774334,0.18851107355693406,0.914721342070475,0.9782264593459141,0.2875797465716916,3
3.290156073292054,2.7889168301873135,1.53087625892455,-4.538231856711857,0.27983582392613543,-0.11289548763747856,1.6459292246223882,-0.050211645295583765,-0.4289621988389334,-0.6190318186141244,0.20910583533918334,0.717056779465262,0.3044041815130997,1.1637744735427071,0.07486466284092685,-0.41982696511780326,-0.5652161943836335,-0.796506674095466,0.38202143886655915,0.7261156419380613,0.5477425293634597,-0.1424454012561639,0.19891105865358746,-1.0022226324306218,0.08724626362116696,-0.866172972573263,-0.16644881061072636,-0.48396720713284336,-0.7892111999786342,-0.5523536262924806,5
3.4123077933508363,2.436801163621084,-0.8341537034364871,1.4055567252508347,-1.4550878592199041,0.44710019682726787,0.7346412319772173,1.4106000175304232,0.8084883279724311,0.5038887498781812,-0.8820555629909264,1.0545464173724581,1.7400893440680323,-1.5323828838792652,0.20081538290156395,-0.45499688765344976,-0.3070654789521415,0.044308749906494464,0.22630503120657125,-0.38646361189906997,-0.23940424550614,0.3205209783740147,0.17832608938101768,0.22810027958442422,0.21171199071794033,0.5014117995502082,-0.1782518602807538,-0.1421555691508319,-0.6944439527367376,-0.4785228115982961,3
-3.567634922114842,2.5573152342128767,-2.213927832481595,2.0687600318332406,1.7041319732596572,0.5999026222787331,3.1660597894550366,0.1455080814790043,0.06156717346460988,-2.548348738182787,0.16689919774163628,-0.34076275370915887,-1.8084671062138271,2.4566833518508298,-0.14474971835427028,1.4325038746187189,0.4665487779155949,-0.3983806683116584,-1.5092824906145124,1.3881092734291691,-0.46355647584204424,0.628257110894926,-0.275408382944525,0.4607040929740644,-1.8133126093962373,0.3194555014795033,0.6014250960939512,0.8396378417936469,0.5610834460806965,-0.3388770321546604,9
4.986619911936747,-0.4473830083091597,1.1831252470636484,-0.9618935580697987,-0.1799172000139523,0.006288179460556289,-0.8901234610925819,0.6183615919362062,1.4807043830083115,1.0764176709632796,0.8622762901406432,-2.267949631975526,0.5450061737351658,-0.26923850799707194,-0.6121341065413849,-0.8065403003299733,-0.9698506271941607,0.17075407365558318,-0.3089775224882756,-1.1991534715141192,0.2116745548980584,-0.0018635495690024794,-0.6974064226243782,1.1616164272669063,-0.40401442087104417,0.6722566186998142,-0.14802570564650652,0.031189653603093257,0.45274704003636573,-0.6296150236016709,2
1.1433621333210455,2.3419080238552166,0.5704228006270337,-3.8725675850220562,0.7449571289569156,-0.7558836189998358,1.6034988171336664,0.4800202699732955,0.5436203541761445,-1.1169141186488394,0.9744915894491155,1.279912493641566,-0.21038801045723457,-0.3375654181621704,0.8764063727960592,0.8309327439343203,-0.79507520830889,0.18177208503031103,1.340468174924909,-0.5589865629338476,0.4117320380779249,-0.31583162092478634,-0.0684912607430222,0.31721809984217036,-0.8843133154982661,0.4898857543463195,-0.01937612598739296,-0.6631226898983523,0.9312971593104257,-0.48498078767017594,5
2.7266639273788917,-0.043092639799865065,-4.839973408903426,0.7894553942576601,-0.2887035797908558,0.36324533372682777,0.0827492654722585,-0.6435462197135415,-0.2744906080502306,0.02529848447202461,0.4023666195536289,0.4168069362865738,-1.6695930256448859,1.3061363608043381,1.0214864885539934,0.15014151529924907,0.2925627158307392,0.4330523012552468,-0.42484347378445825,-0.04782245799448001,0.22921919412977762,-0.24851340008235048,-1.3604338341639806,-0.9132679311795611,0.6811704159068692,0.18247852597320968,-1.252511787428471,-0.013221166839871437,-0.7435028348650182,0.22618161536307752,9
3.5722033034573064,1.4908546530453461,-1.7539731991691978,1.3808052136363016,-1.448972581971405,0.936959044523901,0.38872655201248824,-0.3084446998375822,-1.7494886953164195,0.5903898010349043,-1.754389018426491,1.2389242174102593,1.1819739045346473,-1.7642773836321537,-0.7053575002314394,-0.03293604506980999,0.06170793991901534,-0.06559979714866132,0.9494956360038879,0.0557398611632987,-0.47948720975452497,0.6857015772931019,1.31598177517026,0.008775335083327564,0.5553688405949394,-0.38060631223920033,0.37538824269343724,0.481852623899881,-0.3913281185018241,-0.2384835891180441,3
3.8573288070709015,-0.17812467141715393,-2.991609163385169,2.0131499290518717,-1.5784194665236468,1.2462413485970065,-0.9369647936242396,-1.4336850092455395,-0.41427439660257326,-0.37016206304991117,-0.46881157497929576,1.0842638306855306,0.18504394307988603,-0.9985092818586214,0.2534899812658171,0.36785040849703105,-0.1782257671768685,0.8459182315025896,0.842302931138412,-0.5799915096074861,0.6354087789558641,-0.4229265910195268,-0.1222969107413983,-0.7621020451367232,-0.012029923714987257,0.05516017266420709,-0.00802625129192505,0.25300379564258674,0.44328627155045297,-0.31359946938202343,3
-2.2028433999673194,1.0341294451618315,1.199226792162878,2.377073297170338,-1.2808594054238123,-0.26109313921793165,4.170769235630779,2.382038877323335,-0.3188447758094282,0.6288044177115375,0.7224779904624274,-1.0623905901807214,-0.12750445330748914,0.911227222412443,-1.1841873195795154,0.4805450322477836,-0.3943589737537004,-0.04775431056735621,0.863999326696878,-1.1676266753451263,-0.13476214511476248,1.1963076373524515,-0.09036662216655565,-1.097392223735174,0.9104591122672933,0.25487094899917,1.3461771274425782,-0.03957704103185447,0.6190721665011751,-1.0612294004416984,1
3.356312543437282,-1.7119295767407297,-2.8175859498463667,-0.5889399380750047,0.7313771078057234,0.9503677418651337,2.2030765003445665,-1.6279439643551097,-2.2266393185083415,0.030617081285027953,-0.33888047458996706,0.4020499233414659,-0.9000343310224773,1.1331779057447513,-0.571599931107798,0.3549547702304345,0.07643580044885626,-0.08300732259289857,0.5354930792003866,0.5325056273501255,0.27317895327124747,0.09009535531414561,-1.0650229272830924,-1.7269473439823275,1.593105477574259,0.4544542207600665,0.43799373029844874,0.49825490511979276,0.131875472184686,-0.8467437418027464,5
-1.7786254585874706,-3.114349489024824,2.873480069357536,1.3323688329721017,0.7115060251226326,0.3593984507962374,-0.13455031519674865,-2.2535838449417174,-0.5006550077315439,-1.8554390841571324,0.7868206819098398,-1.4094097203467804,0.2674152155741382,-0.44986013741940856,-0.6339618108215787,0.04719736278510488,-0.8068904302360023,-0.5742151915954933,0.7600266368680689,1.0136188081971722,0.1950682659304585,-0.4180980147852196,-0.6547258013719804,-0.8341763562673645,-0.09906149858591684,-0.7118565017541401,-0.8028107254122262,-0.39564444373354996,-0.3730320958804139,-0.09331652154756782,6
-0.05130568566610534,2.288288960824428,0.05818508745859661,0.05679261965985322,0.30631695207182685,-1.746188965846905,0.7851296287332917,0.3949203341930146,1.6891938716589954,-0.7775888727731998,1.8156106832744483,0.5300790671950153,0.38976803822815986,-0.6385815498159322,0.011555621043181271,-0.911129030145005,-0.09561043638076554,-0.23662869418847254,-0.7725842902565365,-0.03346731140845562,-0.025933970870971067,0.660159820116779,-0.053185855295434424,0.08908802242912832,-0.2675192867956199,-0.40684690246281763,0.6073646587844479,1.1319181313391098,-0.31680022175809625,0.9966692199974967,8
0.5043857411715015,2.4123149367214607,0.38419459475743595,-2.483356209938317,0.5824495949770516,-0.4885610650067059,2.0501562369940216,0.7600826658571839,1.4084975912526012,-1.1108105498412577,0.3163006448471443,1.2783951832720222,0.2900365882857447,0.19875707125199474,0.2520085913073352,0.7724950899901518,-0.17671093112527209,0.07992774649227972,-0.4736948207902641,-0.5590489726906636,0.40943292915745444,-0.0726486740842349,1.029092177578062,0.4641380659025196,-1.7347860430991267,0.8786382091683419,0.8179215283331809,0.00582953978097178,0.27327945120000174,-0.7433005611694941,5
1.9480482757283615,0.4310154163980712,-3.341530964324552,2.137458648960846,-1.1677302619240895,-0.23420026123322915,-0.3747879613136108,0.15208990374189718,0.6475177521543339,0.39937439465405317,-0.6237346591349133,1.9435881532512682,1.4448011174168076,-0.6824129204986644,-0.1396739119863974,0.48992078294053504,0.006672592160419344,0.18381444708158523,0.5485543873087189,-0.10940435284072114,0.3333921527692282,-0.17114525842076994,0.048339415776203314,-0.916998406073935,-0.19344676702552066,0.4841382404578022,-0.16565480991994602,-0.11849544496398089,-0.030189696802080286,-0.4277926410318753,3
-0.2435367572458591,2.0788222213009546,2.054048447741117,-0.9930767028479556,-1.7238878216641318,-1.2361077370474574,-3.4733022712416974,-0.7692364966892504,-0.2957936217145155,2.159057279604407,-0.47684270056592454,-0.167137251727065,-0.24680561039412816,0.6364408873680046,-0.18539684548032112,0.02846390096196175,0.26045707136700524,-0.0216919523548253,-0.7604026566065365,-0.2382415884899114,0.5890122478252318,-1.0896577334176873,0.4791385181429491,0.4174781716090241,-0.5491364612334048,-0.5974541792964431,0.31688085049472564,-0.40144795335541333,-0.200966996587629,-0.2806949486992983,7
-2.03676493574449,1.2801236519887618,3.8159474250365126,2.3911264141128536,-2.8586877181781416,0.6292780314210628,0.2557330738138703,-0.11603074950131818,1.1241559791334785,-0.9759901074269461,0.2313158507104753,-1.587382114275003,-0.17639405311491732,0.21931183090046047,0.5580247382769593,-0.3811850692262809,-0.7282723069786015,0.23167110795766907,-0.16770046701517233,-0.7556250828751419,0.40258687390074277,-0.19832245685175623,0.6652892294318205,0.05872085293797633,0.29709265290389014,0.35436910351067674,-0.7182933108136983,0.4513058325045205,0.11273690871288901,0.3978067591704992,1
1.1099320610641579,0.6479493964234734,-3.6628954999357055,1.786108975043141,-1.3689671299443775,0.7968305800496419,0.9863805196082549,0.46870642489368985,1.7117902919658687,-1.9023511693761128,1.3524259195146657,-0.37619901870840733,-1.1214710103052357,0.8609013731509624,0.4027419262712833,0.7566151899215791,-0.2808691320679519,0.9005767486818718,-1.06255881220753,-0.9756253927973827,0.897405609404408,-0.4026858117163088,-0.2560981000462896,-0.8177164212111938,-0.27651056873772817,-1.267924817715361,0.1401392208685028,1.2736118570429154,0.950608935038955,0.5082922776308463,9
0.382982022984802,-2.3141125203803767,-1.8401837254704816,3.7920042709785817,0.9712155213062243,-0.30723111117717966,-0.9150099507186704,-0.8838458933868871,-0.2777557017217702,0.842709116429658,0.13521606723898325,0.12431039936845084,0.6867084976831072,1.9501733013538607,-0.9310134564230754,0.7082922702649969,0.24967449363871003,-0.5597714326022762,0.2034118739826369,1.3552170900725327,0.08034800504761849,-0.2130860345248797,-2.034784982551144,-2.021515094988568,0.35816263556904676,1.2913485045553097,0.3640410606538522,-0.529497323374446,-0.4443641261051744,0.04182389636998524,9
0.30306228754772074,1.128883203244582,2.376424164730756,0.4984692911665833,-1.0184820162389299,-0.7908570587362936,-0.6356252024075802,0.6746772524814278,2.4124442689626884,0.7209248874207034,-0.15715110684330758,0.9698362671251833,-0.2720332103204725,-0.24382694002413036,0.6618793074681524,-0.7058569564168611,0.5890163690455584,0.025055526992246863,-0.4118761398499198,0.30865466642569583,-0.20140483800643547,0.4138217887685616,-0.4563095382170481,-0.4798132387682687,1.2951050086464682,0.25674337392550056,-0.1530495830302265,-0.6219543908169898,-0.08602991923886279,0.37240333885176286,8
3.010276220153328,-0.6442035632281068,2.316274463060714,2.2986225686400457,2.3884775912351937,0.23179882311529515,-1.930928457014912,4.56004729028588,-1.1083432296798934,0.20035825147487354,-1.1893393788345843,0.36428922982970446,-0.2893733010872455,-0.9216374702808772,-1.2326178470668838,0.4651503021842856,0.046720032790275666,-0.2269921795870296,-0.1278904217190742,0.1508073394090516,0.6397606009539378,-1.2307234179121795,0.14103174544061442,-0.4287890807220096,-0.018136855417619484,0.22086390778915443,-0.11826537493562739,-0.20582433014005944,0.9788804453565476,-1.852607797004057,2
-1.9571837029349002,4.572323366219522,-0.8439463205948855,0.20930767041038262,1.0427901687214007,-1.789034149215352,-1.7479142991839398,-0.5462616993206432,-1.4092331672146339,-1.964264864076536,0.6192275505476041,0.6257079737300805,1.6421874159442775,-0.6035528272205409,-0.41931151190344085,-0.3341307731305977,0.07974908941811898,-0.34371098365461233,-0.32898615695585587,0.9042416926813588,-0.38356515425490034,0.5500097923463941,-0.3604545741141343,-0.23292396727601358,-1.1323247901554396,0.7129676669696817,-0.3316878887371618,-1.224848169666742,0.7006420774356845,0.6352409003638001,7
-1.2757335533752692,-2.7172164200611855,-3.395650968390093,-2.2874119958407233,-0.2536418541336279,-0.3530016080770208,-1.372444151850549,0.6282879380969192,1.277922929113924,-0.60285680232444,-0.220759550333085,-0.9588699094416032,-0.14384606452667406,0.07406251371325466,0.3506723294261191,0.04053367524373275,-0.8097131008642268,-0.030681013186180953,0.9600406638744257,0.12591514140001325,0.026021429052677025,0.17802141413146588,0.28095589687090944,0.2937084126814422,-0.3391993093788318,0.9658752227276032,0.6796125681706249,-0.19622685643529977,-0.5829856088996138,-0.26769982799123826,0
-0.546083695695752,-3.9633924588042726,-4.4227402064759405,-1.9808998690400728,-0.5186781699468599,-0.16426817383590822,-2.2108244705194764,0.6988868230527678,0.48204859230164665,0.9714290139558589,-0.6917082990880093,-1.2512602093031278,0.4354233134384361,1.0420992446211939,-0.17864353163227054,-0.022715248375925926,-0.4216258335852841,0.04174103104166962,0.05568459677703765,-0.2883276109727908,0.06454141989028171,-0.5064685317596511,0.11055659311782932,0.9252646208245981,-0.11097565489411411,1.5510717044553561,0.633088856395249,-0.13479228190463857,-0.19265297937825288,-0.5448334832928757,0
5.896452761783438,-0.4670026370609896,2.490909214084449,-2.050542357617421,1.040228368510069,1.8552173797140004,0.14273689534775874,-0.1760013383070874,-1.4534290277415822,0.6174042503118822,-1.1967704903144343,-1.6466386040940815,0.06334050524660831,0.3338268191673988,-1.5694632728762055,-0.15586755656840703,0.5520670963149252,-0.5833722791331026,-1.3887040952650398,0.3547811106526943,-1.1266628883440728,1.4245868172701825,-0.10025361797085898,0.7095459412804886,-0.7984703818644299,0.31333694121168165,-0.9147864105173571,0.8595232140649778,-0.40310218468139963,0.11164694596102984,2
-4.996341111766055,-0.15320631143008337,1.3232227790103375,-0.6664301917893932,-0.46366741196067296,-0.3991947079793128,1.4766861383341572,0.928517432484834,-0.9386865888743333,1.6079922632749568,-0.9352077802545778,0.29851628455928375,0.8010907575833092,0.5390456670951362,-0.023215300343059426,-0.8704774951725475,0.36553461804635,-0.626562294502212,0.5493551675922376,0.7478618920346991,-0.06700374406690021,-0.5790701216880997,-1.1806961166818215,0.4501831798190425,0.36256033842382485,-0.3297056069662665,0.21575851642579122,-0.682021721501871,1.1241019596363877,-0.5192992804916186,4
6.433570231101702,-0.5167954764155811,2.5012471588028844,-1.8991395952119774,0.653685949182746,2.435146452886472,0.24642824574532166,1.3662150775038526,-1.1782895533995699,0.23377752712832925,-0.8351880612264527,-2.0166650231727945,0.6918907510026552,0.9404744368313315,-1.1453875814625045,-1.0618759343135085,-0.11145291779363493,-0.013932185150091267,-1.7215216897006136,-0.8354969873294184,0.1629884969202715,0.25225233851154544,0.0752717619502475,0.5735873211891064,-0.5373225593057317,-0.36953310988892984,-0.21602899384675844,0.4007407620088452,0.10480347171185429,-0.17943719617060647,2
-0.6440997259702839,3.210318608866537,-0.13444571413027767,0.25146310396550414,-0.09747849153209835,-2.0509657545885562,-1.91102158956895,0.026060339042016694,-0.8509654692807355,-0.8478209331487087,0.7692820729348124,0.8792916899015524,1.061332790642018,-1.1069897772592985,-0.4467643261353817,-0.8691974800383387,0.14272152302457244,-0.42574379095476295,-0.152010309133042,0.5961493078916354,-0.1853927837857963,0.5835317408873906,0.2096862436463643,-1.246222117469277,0.2098404677812006,-0.9015013478973118,-0.6314580396785819,-0.6068797634656313,-0.7410672560637033,0.2696281251575714,7
-1.8020661900278971,2.3678959690633397,0.015957982379141398,0.6439902670973636,-1.3043358241868488,-1.7123485961051115,-1.988932906701245,-0.2531145720836893,-2.138163231027484,0.5467146500267264,-0.015206527069699579,0.1644167501081029,0.27066940625354047,-1.01773093398134,-0.02573269553258455,-0.8544988960574417,0.16125196173498324,0.048274126115396485,0.6514796966048932,-0.2067214276251195,-0.017288937090528943,0.08576196579233743,0.5974482227792701,-0.22571090990062903,0.8262283475176093,0.34465373134390065,0.08699526306624605,-1.6897238518784945,0.805018596288692,0.995791807678797,7
-2.868633106665249,1.9350691382925573,0.10589224178101046,2.7735182410222907,-0.8380059226475491,-0.2551523784596885,2.8640779466619466,-0.11787470780543353,-0.4539370464003123,-0.9492552120462465,0.39272911439309627,-0.42428040445280124,-1.9418350405417348,1.8026465431310716,0.09316236133514472,0.5158055863815292,0.2428492636483145,-0.34481972216943374,-0.27823477217852755,0.34084797581270065,-0.10564506024818707,0.2331952208537773,1.4378537145669412,-0.06622248469803446,0.15444099711267817,0.1550816833459601,0.5316783091478928,-0.6278513008040586,0.6969663891045693,0.479065205059013,9
2.6341998643696547,2.2586906234177726,1.6071645906365677,-5.262297367081532,0.25951538918122513,0.6723572164128546,1.1426876050231078,-1.4239237520889976,-1.6441038940297177,-1.478643735485924,-0.2764216786446777,-0.8797313618403808,-0.24674426795802248,2.037856090212896,-0.6371278463058304,-1.131035679658551,-0.30070938328082986,-1.2560642499251689,-0.035317190825752784,1.628369423496601,0.25085227243033303,0.19455327124163824,1.5239809752799203,-0.6636007611007919,0.3527133665318661,-1.2906266359084988,1.1972148262602227,-0.6002138366464687,-0.49870684484089056,0.09847451206430527,5
0.9434657105324011,-0.6644086661819578,-3.6155022232254077,-1.4750194131722028,-0.5123818220089651,0.36378330259558295,1.072520831967611,-1.0330499333520027,-0.3539127878861107,-0.5780304266023956,0.11365207524776241,1.0787640011879776,-0.7883151131422419,0.5259977195518878,0.7493290579860337,0.6727251870984017,-0.0665873518934302,0.7636835949076715,0.45558970927052767,-0.771772422336594,0.8461273837974307,-0.8344224319472762,0.24137898859467274,0.07593290537086578,-0.3967057705632105,0.44355337682350243,-0.2272030752471431,0.7811707816132671,1.6018889100633251,-0.06786254517652264,5
-1.774159260159246,-4.224114575442971,1.6768042929804674,0.7583028676453977,1.6319729548192716,-0.6301766561695504,0.33306349898725307,-2.2629828954189435,-0.4606877466254494,-0.9893690483882278,1.1662516318284404,-1.110576311251569,0.4282263740969937,-0.14361437623315054,-0.8804619600277207,-0.6164100483244115,-0.40653111669996433,-0.5799162306119094,0.23055436004205027,0.5006661606860474,0.6785470541204207,-1.0780816751900322,-0.12614859457456337,-0.5335726997277718,-0.20932543320261157,0.21456101541448333,0.35542946855071567,-0.8393123564481088,0.18100054745132388,-0.841913903466536,6
-1.3313554188497503,-2.8247530113356394,-2.7554856941532484,-1.1167820419183716,-0.4875022744847021,0.09181394439002707,-1.2452130890732804,0.5426759394140152,1.0123997660146207,-0.07493311436818599,-1.1108575107729062,0.27017968072763715,-0.27671364438137513,0.8601182623634386,-0.18822705542666382,0.5702826093290855,0.3697759330228416,-0.40167374305404063,0.9530505381444819,0.9730418574506593,-0.45991413344847765,0.5012160640141244,0.7193011539756128,-0.34207595286290987,0.12698027335904116,0.01164466046175448,0.24981698607955197,-1.064627576277285,0.8844408576213931,0.5053379587572969,0
-1.778400753891346,-2.7150705425346686,-2.532931362745095,-1.177416978240671,-0.4593738155422544,0.11989335690087034,-0.7751119342644708,1.2384453952735568,1.9197383784123732,0.07082049609394844,-1.3689894665910731,-0.007338701550103098,0.06751859053419988,0.8821069268552062,0.2513866300443895,0.3099138007309893,0.007061282388142397,-0.616387168365023,0.8377841613513134,1.1482389741454009,-0.719776504414712,0.5644833338017202,0.7826709976044509,0.31292191269529535,-0.007121658973202894,0.6728857113965474,-0.1321200880975251,-0.5037863780943047,-0.2089200627109404,0.3479892591785234,0
-5.608773092383076,-1.2373965649711602,1.756839706527329,-0.647583653154999,-1.9628245963258175,0.558895250096333,1.0770494987120347,0.9096113637712029,-1.6165070398843118,-0.6040588357249376,-0.951399831805032,-0.5866715646248982,0.848893192989348,-0.5488839941807369,-0.3615024199458254,0.5683013625491867,0.07714929899824727,0.31993456218246,-0.20736081941143722,-0.9698420706769291,0.29660871881530043,-0.12343776410639049,-0.30400779997511407,-1.0710745690429053,0.4018348166110409,-0.443588256620203,-0.729051619286616,-0.1024579356298078,-0.07495123862140181,-0.3615534520898152,4
-0.706283679255772,-3.3194462851070616,-3.0656889703994765,-2.438118333392864,-0.846249353224193,-0.21547895020382857,-1.516342147463494,1.6547139986060382,0.9295124763310222,0.6312780985423153,-0.260176403842275,-1.3434318692385139,1.0366986777773484,0.4427786353876503,-0.5932293426061968,0.0983951864808546,-0.46882569250673545,0.06034790013227354,0.16867831501972327,-0.6983555129228844,-0.057897472957172694,0.11465102879823859,0.34255765624351575,0.47033512901018315,-0.22111624190471932,0.5061283348644314,0.6044784918076669,0.3179273933714059,0.46916253653603196,0.5401786971143641,0
-1.4028361553777864,2.999317473683224,-1.4986344907812432,-0.7023745322381163,0.8024611185231204,-1.4864203361071497,1.454068517174012,2.738636535359095,0.02387230905857692,-1.2731179023045356,1.1898895915986432,-0.6671238900788444,0.3431290588802522,0.7419896505623245,-0.8930639425852657,-0.027061517088575484,0.07266800366896582,-0.5141788069027927,-0.728016787920746,-0.03936050491042309,-0.6862644491608544,1.5867742997932497,0.12594116315596035,-0.58371056189388,-0.32480668845565214,-0.04397296624675212,0.07735427451023455,-1.5327940294896591,0.31899837766991357,0.1998414657923025,7
-2.8817630693015888,-1.99786784200008,-2.4678697897022803,-0.016774016926701926,-1.1644670574240399,0.37469741512884197,-1.0175440171230719,0.015868961713571782,0.2762441026240951,-0.6523048213731147,-0.9667386178283272,-0.549751114326934,-1.2287721489335814,0.42110631738002885,1.1008556068875366,0.3060071327832134,-0.607185911900589,-0.17664786608268437,1.4246112498196848,0.9443703518910801,-0.4252099665403102,-0.04939291980785751,0.15975277575297142,-0.17437065127155127,1.0775366561055324,-0.04609650537401585,-0.41832361300993276,1.39459427616739,-0.6508049015453816,0.27187607966509136,0
-2.0402491387457307,-2.294954646723891,2.8966615216753775,1.6340291952241388,-0.2683732903409467,0.15077896327050175,1.2956583483235375,-2.2534877870053296,0.5866406607018245,-0.31447650969659235,0.1318978069673002,-0.37263948138360725,0.8478559487084586,-0.1522345996617878,-0.5647096978464407,-0.18205975071425254,-0.4959960234349979,-0.9007516677673891,0.7082530626063185,1.242661005441957,-0.0007973231507902715,-0.7076092868227182,0.3435622695789125,0.6102564376257577,-0.23466906172681304,-0.8806352914633999,0.16012128916411403,1.0018378114305533,0.08899802706379661,-0.029069137895334565,6
1.7275329260422745,1.7913509626744317,2.540928516194293,-1.847437589793649,-1.3233265128906477,-0.45373943967015096,-0.5158343271409713,0.22974979778705734,2.7737846655394485,0.1741988251232253,-0.2537744134325643,0.9319013271740408,-0.22962918981734973,0.32509715831295294,1.2304595100410558,0.6371485015455814,-0.7695686569387328,-0.05556112342612969,1.0961801800649553,0.11869496134327025,0.35887263083290005,-0.5189022574077377,0.24750686081018555,-0.2777803569424122,0.1984528060778282,0.7539336297153181,-1.1066716544632673,-1.3084290004072077,-0.8826225168085091,-0.8822303047010367,8
4.2951870191083055,-3.5034682481519313,3.01890118257366,-1.071928944479906,4.459318564704414,-0.14973034666016963,-0.06676418588500406,3.070630794420256,-0.3771910639708164,0.464950590134693,0.9225025789893397,-0.9955390903085664,-2.1924131025112623,1.2416881383623255,0.5901361712113097,0.8005921008610197,-0.7125820717903268,0.33253994548640015,-0.16342887711954238,-0.759626347955527,0.509248550387277,-1.716791704459218,-0.6159441236772053,1.0310806843496914,-0.731900079071509,0.7980631086002158,0.31621646552505756,0.5317909629027353,0.0010725319920206258,1.1742345142564132,2
0.12805267878039478,1.8382163822667006,4.701694365376318,0.06439300074323413,-1.1621070285235715,-0.40237084753156965,-0.3302288497562508,-0.5463362097243588,1.5547132173918552,0.7406146988164629,-0.0446447029265687,0.47173784057986995,0.5365176807551464,0.03952400415612796,0.19985651907423646,0.7122099123392371,-0.6069919716174312,-0.30996886602373314,1.502149863539952,0.4821052656062552,0.03203847306589517,-0.006881221554187609,-0.5596512617231296,-0.5799521709599882,0.08716416880833351,0.2173664357294404,0.17108443262991882,0.34519193415353056,-0.41872018453552434,-0.028534834208330487,1
-2.074309153664552,-1.9009041254714039,-3.25021521071105,-0.5249494891889077,0.3746205509426182,-0.6000247166238659,-1.0317826326765056,0.3253650683312485,0.1190026012330915,-1.0242773950540944,0.3080755082760821,-1.1559210720447166,-0.5194843378234216,0.011369071980866076,-0.043814096453331536,-0.42968450710211603,-0.6883905092413045,-0.4813070334912672,1.3604358486240307,0.9863314556089421,-0.4064686392041086,0.8594523797090956,-0.4726046148570053,-0.46667123277448963,0.11983994881105209,0.21033148476539423,0.44384214316068726,0.45496530274178093,-0.12407106964654877,0.2335304463982602,0
0.0032276463577763813,0.4183687271277321,-1.268202673397561,1.3922247831314172,0.08969760402491732,-1.6235297495737981,1.1493375122002691,0.7827359740523188,0.6413589204787936,-0.37892412344058557,1.545442684923647,0.6234192853292393,0.6332942315962327,-0.6148080867004584,-0.3929309467333309,-1.3604219955506556,0.11462990816246564,-0.5505674529549417,-0.8159192298866733,0.1879360582749567,-0.0817097428901006,0.23149799514863376,-0.020796491795878044,-0.4315322744407934,0.9165528979192213,-1.5635329055834766,-0.0747506173320175,-0.5087657229506439,-0.1883085161772441,0.656916384354136,8
1.2743894050321558,3.4112332907274787,0.2750699980241879,0.6321472280752178,-0.8258367951537267,-0.077553757470411,-0.11339251625504607,-0.1820841033571554,0.4422917134046711,-0.8060745435076323,-0.431595378080864,0.6666665900196311,-0.37200368438101183,-1.3294202743157788,1.5399706963651174,-1.2420868306883621,-0.7306792062150795,0.0779236513462813,1.0538944589496393,0.5331674855912737,-0.41332705857028573,0.4045692772903493,0.5717488133301717,1.2971799506657857,0.8629254598223951,1.0419115192387767,-0.19265818758316314,0.7394461894633317,-0.212766232500435,0.10289497612530582,3
-1.4550999777904803,1.7113884671474004,-1.6082713490196936,0.7917649904883173,1.341738126496588,-1.0561717763712626,1.8549049291048898,0.15211065414821578,0.6788594926585028,-1.6323649297357263,1.5031571595098874,0.6939132083335076,0.9053003178862499,-0.46029944131798844,-0.16156310343185476,-0.8885966503880983,-0.09244018950952697,-0.3156700589481852,-0.8540929531054566,0.4666030546671705,-0.03478835987006181,0.48475773272294276,-1.0467208583886833,0.08375452954811774,-0.7610096612435148,-0.8248335319464886,0.10868074587788999,0.9678583024860632,0.0019480266368382005,0.06131674676445167,8
-2.825582358099185,5.388923072184488,-1.1348461342345597,-0.747770566259453,4.475502478061318,0.9610781135897917,-1.6005530197867444,1.138184612970841,2.03807679540246,-0.7593810835227314,-1.2686820688106495,-0.38023114605052577,0.5092940087826358,0.4270403746576765,-0.9753704242513653,1.1874571107808363,0.7571205366186929,-0.25192036093080716,-0.5585949661893442,0.8356707562264905,-1.1006814874507282,0.9573794274843445,-0.5094549697489934,0.08153838213461896,0.5673028866006417,-1.1910355641738946,0.3882615373844902,-0.2858094994593954,-1.608846765471987,-0.6895979464068429,7
-1.0009890279378442,2.327360338150517,1.326048940694206,-0.8569114441513291,-1.9458229105441271,-1.835208438545465,-3.371419199417782,-1.2588451414456663,-1.7256922183176442,1.233463717153702,-0.007116702328688969,-0.020042138064596184,0.9549829752299216,-0.3040117625991783,-0.4074949500337906,0.08621234638862484,-0.31742413547474213,0.007919746970129895,0.08890767100266,-0.6879644754288057,0.8496318525582198,-1.2170462326145104,1.158796581545709,-0.014886171562916694,-0.3856849941435525,0.1287122938641824,0.5729871262238873,-0.42452727917148186,-0.49898567182579867,-0.07865890276561018,7
3.2143484988425954,1.345526290004906,-2.031872552007405,2.5032359273183173,-0.8512673146002405,-0.2826706540884915,0.009320481214110473,-0.7593037703249194,0.14277153470677204,-0.06641126391576317,0.07784242837231342,1.4074116351639925,1.1071491103112243,-2.042130142874436,0.1949349012058715,-0.6189210936819354,-0.29349559765973693,0.22337167455303747,0.3542107970705225,-0.33964503010198405,0.08772588707542174,-0.22929988944616356,0.4659944140934295,0.4549387174766771,-0.01654913403979562,0.24428808994852824,0.1746175690532604,0.07777382021473904,-0.5319565147440074,-0.38493062049034943,3
-4.44438588393752,5.036826956749631,-1.0528915271563117,1.8170858404079397,2.5140109473155605,1.2212282499989209,0.0017119336918514235,-0.8879043456488485,-0.039315523743936834,-2.8485104407917685,-0.8660394840115642,-1.2565900243595305,0.6802369717679239,-0.20797958320383914,-0.15778587970476782,-0.0129568989715418,0.2568216616654601,-0.00039083112480835556,-0.6515840720816157,1.2566270588503898,-1.0748097316458438,0.8362096455348516,-0.920653516165241,2.3105134439602932,-1.8677878709790172,1.2471315888347256,0.6338761570748992,-0.8216281633882435,1.4753468013262365,0.2402814944765484,7
-4.55056709491811,1.332705081088241,0.003093913340754655,-0.425446044937011,-0.691637818082699,-1.835830561689645,0.5726607262797943,1.0480541683291793,-1.722376721687157,1.6153176268821305,0.17697307786464625,-0.184665925487676,-0.08660222304755057,1.230169108018185,-0.09984394338465886,-1.1057567544691393,0.6290666102012361,-0.28404500554197504,-0.04722872936806198,-0.26561869272189625,0.1898282144161879,-0.2845457046700156,-0.007421837388150717,-0.32619304841197644,0.6060483363091835,1.162793825707238,1.1737547319034802,-1.0928677522706265,1.0552891953295156,0.09489938724415896,4
1.8408575025795033,1.1916181160605577,1.790954524594066,-1.3179202343308871,-0.5407125272476693,3.2628735027378672,0.0516160085641523,-0.32026008855022103,-0.5832500985186871,-0.7715433373913784,-2.615073414423875,0.3474723115627051,-2.8715366841524554,0.5072129787252557,0.9180593437910008,-0.899462331469015,2.371633441780294,0.8104174873627501,-1.8748085699029315,0.8889189054815061,-0.539263177740387,1.8467137492630417,-1.189781280941298,-0.4750614772031227,0.3674056812592377,1.0019906337803668,0.21199530033376526,-1.6200838940379805,0.5967878731449228,0.5122385805013494,8
3.4480164738365664,2.0953381424551276,-1.7580141443923463,1.9899708035652186,-0.757890877327912,-0.025069913249478982,0.6512317857276869,-0.7171074065161405,-1.0251981927395364,-0.6495610189400908,0.3728730064302145,0.2342754066562925,-0.4197119461012035,-2.444904741180627,0.6700817609733589,-0.3192443894996671,-0.7873415346091646,0.2646201854705496,1.5758360833090386,-0.4325057181118034,-0.7710463877516601,0.783530264797914,0.3342176132959168,0.6296733008633623,0.7144955763730266,0.5652915711810239,-0.35860554481910306,0.13658063698661935,-0.9957994631571166,0.10533497027971198,3
-1.5130399320472256,-3.292099708275925,2.7522458967353476,0.32312996253144355,0.29563440951771625,0.06149340807057147,0.5025352911579087,-2.044257080213746,1.5152785098337547,-0.7610261391388295,0.026170562915913693,0.7495353248363866,1.2496279176366467,-1.1250392686590374,0.2915407533123128,-0.48425949431729204,-0.12862200653431144,-0.43514996826969876,-0.03494415290304348,0.9819042482847178,0.06918131920497722,-0.7440581122357253,-0.40665757915462697,0.18065877779875156,0.18836188114288882,-0.25529390234452315,-0.8345099585787878,0.9858801975342276,-0.5690430161842989,0.3970896630465026,6
-1.733748905090095,-2.720252032835945,2.909765021565639,2.1321851455227105,0.1075556492267727,0.39778568741528963,0.8417942664015015,-2.605402455745743,0.2919365266400984,-0.8640437062194071,0.3321599223326804,-0.7153890049663161,0.8154556518233507,-0.3419634468684133,-0.5543896615972418,-0.21582504093880872,-0.5912376097440938,-0.7564835242584419,0.6760035236294842,1.23511973645526,0.0439684919610727,-0.49587700085627523,-0.2645784131053516,0.19297621016220343,-0.43120280392536303,-0.5958919519777278,-0.5347207540192344,0.49994960784497233,0.08061447680814283,0.24326821806103455,6
-0.9052918105634741,-4.455149958598257,-0.3511259111487945,-1.04391501661152,1.4313930499350593,-0.7677407363336792,0.43531319002113184,-2.1399592307141573,-0.2800296983413469,-0.3497351610003352,0.28440179664235776,0.7675985992644729,-1.460042122021972,-1.2256056207351755,-0.5376015131265077,0.36242238030570745,1.24973588275484,0.28644643077502063,-0.7369753890147235,-0.2653827725327582,-0.3079946091954572,0.4832729426418075,0.7723213630333985,0.27948871103812456,-0.24105717883611422,0.669076496454976,0.5284441607095596,0.4224379167027193,0.4636157477483966,0.3543684598832313,6
1.33362775940894,0.4361446887375699,-1.4158483441309029,2.3582810753794505,-0.5769777081243602,-0.9845701546145446,0.03256010819257099,-0.04059032652405241,0.7579307265207365,0.772071296742786,0.6410775635429198,0.9519937806827259,2.8194241584483373,-0.7000053316057534,-0.9162447221606747,-0.46267036259052685,-0.04704922092301759,-0.23493345460761736,-0.22257914067314213,-0.320337651127031,0.3325775010975488,-0.052012898041412764,-0.5325909144298498,-0.4667542320135684,-0.7846883225938325,0.4924664903595474,0.3051445521056614,-0.6297326953935725,0.18041069653174568,0.8574739413212478,3
-1.1205601191615422,0.9607515863909991,-2.624106135356468,-3.6463172686961975,-0.587004873764704,0.9710741914423469,-1.3566078480203432,1.5398346501503686,-1.6318081427134898,-1.4928830338760506,-0.847548750864828,0.06015186563330823,-0.8750580316632721,-0.5454540848893724,0.24597716318971338,0.6752173804318364,-0.3303083049697792,0.43578585488479327,0.8934000016216482,-0.3343192610468527,0.4885193066544549,0.5004191345928044,-0.11119678657455892,-0.7311325479471512,-1.551931043043446,-1.487757403710997,-0.20131038803744536,0.38750135619564813,-0.5679142218606738,-0.7431067194828624,0
-1.5427287216716272,-2.0425921579000197,-3.124684113303844,-2.643595580462059,0.11659064263349848,-0.6228299788899435,-0.921621357076146,1.4332226528283085,1.6127531464330327,-0.13006545982877102,-0.20967367595273906,-0.7647146471994276,0.2901725845424359,0.6085157603596886,0.049273292470955486,0.0005137927507449091,-0.8102201433765283,-0.4072923311630891,1.1628270373118161,0.5303447717650126,-0.2921632030055771,0.5599639356627907,0.2800072386947619,0.45218794996062583,-0.6037911291816765,0.6125921277530451,0.9139846395177952,0.3990985978583603,-0.35556670927018724,-0.14508160913365897,0
0.3160393451447318,3.2364044928858275,-0.13824857439887897,-0.4773817790517373,-1.4765294987826505,-1.039294958384305,-2.398892593013598,-1.4602723723243944,-0.7942730805352782,1.9608172668366364,0.19025931154593448,-0.6142641949152694,-2.707454138938473,1.9841108579371933,1.0505170462999371,-0.034444081855221714,-0.9102659848785573,-0.37665189671110016,1.394646117375015,0.7844453426545143,0.44812745170613644,-1.2963884361877933,0.08438435124209223,1.0391948772141977,-0.08270289132754524,-1.1792612048693243,0.6141963535996733,1.4125907955959522,-0.2690757741667193,-0.7189151835453287,7
-5.60681767767897,-1.0624317174744613,0.4075046366818796,-0.8586918318408603,-0.9314720342475646,-0.40676999663961977,1.4219562251901179,1.073057284858322,-1.3930368970483151,0.5013994136684585,-0.8051469335840872,-0.37928340221056595,0.9073047797695478,0.00160430291540623,-0.04022505273620204,-0.9293928795230347,0.254978847127868,-0.36482327631898637,-0.008404585244041784,0.05193879073800866,0.0030832658305656527,-0.4166480415199051,-0.6145184525905472,0.08168025970617462,0.7205888391817805,-0.08910257297694739,-0.6069189075436214,-0.8075102908948611,0.674001143205145,-0.4642110372319269,4
2.6053494901986434,1.4236942783576216,0.08344086673257924,-0.025594778678682123,-1.0124113652621358,-1.0161179727544032,-1.8304094054856104,0.9666075606828508,1.6105843200003978,0.37770220055858783,0.30286989459863145,-0.0033965176353317823,1.7389305596546647,-1.115202436106492,-0.5627409164253736,-0.9295102587051781,-0.31000692913388705,-0.2111266521886815,-0.13064647952061734,-0.3248642155469735,-0.37079783495353824,0.809626955965231,0.27557175396526895,-0.014298888963388654,0.017302676602312127,-0.19774051286953148,-0.6124045547421223,-0.22180514324008466,-0.4317949012432365,-0.04893290002121773,2
-1.9055079476669503,-3.4138199212247593,2.34391443620784,1.0037374014278406,1.3979211208731568,-0.32807586495639873,0.22842567385579327,-1.5866134347055656,-0.002636266960065275,-0.5432881203489829,-0.08633578039312313,0.5336281677102855,1.6766758135746465,-0.36772552428531596,-0.9549036166923187,-0.49674755025942874,0.5556601467476241,-0.9786609509173564,-0.643140359003706,1.4333917715880216,-0.5062074183684254,-0.09095847727243864,-0.3511645331216552,-0.024313833157932698,-0.1978808924788659,-0.18890457242825753,-1.6222377413396984,-0.34696347459987587,0.3079959371664288,0.3153843302327688,6
-8.090476309359701,4.036029650262124,-2.443482756658262,-0.3970062613064582,8.363734518143463,10.887553012259295,1.2188337173945676,-0.5245611635903409,2.5648982197448364,11.739604129748834,3.2273998448556647,0.08468021931751318,-2.300122103834117,-2.162161496147378,0.8850095175529455,-6.412230365719169,-2.1308569202937235,-1.5687853867633454,0.5151003986537094,-0.678078700537624,2.8186826487772527,2.222434978789058,5.037765052634993,-6.846718996973799,-3.008496084612814,1.6489620963150788,-2.2294724825455994,0.8847488360335548,-0.10947361914981836,-0.4759814506830309,4
-0.6677731665359162,2.9457589889355327,0.5921597541539745,-0.7910667695136268,-1.1247761101766918,-2.4828990041458576,-2.0976566587161787,-0.5478052366240218,-0.9785495044508805,1.5061898613115179,1.1738384468258518,-0.3453462363337232,0.7064917877234218,0.8259580965697753,-0.2038776736365692,-0.545525864888271,-0.18440246814584443,-0.33004279267484965,-0.4372757062292744,-0.30512280793337077,0.6543183857590344,-0.9826597271465808,0.25520516114557157,-0.13393547720691132,-0.2743969144749206,-0.17763259182255428,0.04867030427745884,-0.7396626358143116,-0.13542257480502234,0.9993865574285237,7
-0.92099695734684,1.2258940048521367,3.788061315972566,-0.8622272992662977,-1.6699913222472458,-0.7811345527804968,0.29763494645371996,0.5699152913195401,2.487462973102578,0.7883526624427742,0.05653842172015147,-0.007504443389911776,-0.29488913799053207,1.1602480379979132,0.6053636168356251,0.3304934319239367,-0.31497097658679446,-0.10061780997809028,-0.002770770097051634,-0.3377050037143973,0.324200880569154,-0.473334832168162,0.8258952377615107,-0.16244938604066902,0.549014344306576,0.6321061505028859,-0.048407306439504756,0.0685262983733927,-0.34395194921625877,-0.322756470815905,1
-6.703492373255805,2.584414557985484,-0.08188644832512718,-1.6171790899042064,5.5559613791495535,3.188418722716729,0.6863243295843607,-0.6783918652416611,0.4286928270141649,3.633354673829573,-1.8305176008762172,-0.9104058441624294,-1.7771590311332446,-2.2533574767385667,0.6365427450046347,-3.104566152991794,1.648713912396649,0.515086841325968,0.26026944217458037,-1.2474286829484804,0.6285356477113043,0.9511397611927647,-1.3268258731109854,-0.6839141823909328,-0.8880481263776488,-1.2210605334921323,0.6411960475414418,-0.13239023753875218,-2.7003259548840397,-0.4664105596553699,4
-7.251244269498769,-0.7371125918194869,-0.5214869195672281,-2.4450286321540355,1.439175651477557,1.762742755776542,0.047219231277190486,0.4268776011961005,-1.865195358174079,2.866660690850559,-1.882225836434911,-0.9284395528496586,-0.24486061451087518,-1.258499145372348,0.5328675486565293,-2.082622855481989,0.3233593583695812,-0.1632448967182841,1.4335985819203079,-0.45885308553815346,0.601748580976415,0.49186870025044777,-1.4923935304055114,-0.652211220394933,-1.7586892987451248,0.03462562477518069,-0.032739069621595666,-0.6650450312880655,-1.5756925292564334,-0.39923892384411325,4
0.784662751975183,3.4216164509780564,0.48078546999436045,0.8907711061745911,-1.1236476407694405,-1.6921293208698907,-2.5256703327227115,-0.878348882902121,-2.3181448382574046,1.0860785265960338,0.030029745610263527,0.795744551155231,0.8273940001761946,-0.4854266393669848,-0.9195534481142685,-0.018009051514303844,-0.0016842064135175099,-0.33518363893760694,0.6765137520399912,0.139165444398929,0.05016737868249314,-0.16551568735417554,0.6448762247047911,-0.5619127507025226,0.09770492837382706,-0.8405082974845873,-0.19300611392713599,-0.37613116135412583,0.24105090791204162,-0.2303573569971675,7
0.7667452858069895,0.9603258287884117,0.4097855860175499,-0.5093392839184908,-0.8220707560169132,-1.3327166057900213,0.8942784437159121,-0.2646827671912559,1.4380263317954076,-0.2393015009763265,1.9205376841902861,-1.1381563798222778,-1.1460171023789356,-0.6159941928251711,0.9250173384853321,-0.661628547471421,-0.9148818157673799,0.37027675250433656,0.6190300006316348,-1.0200566901937747,-0.00316776537309758,0.529440623055493,0.11817923981374406,0.5826095338463837,0.8063784036200495,0.530526482469673,0.04683428529465786,0.06683361351712956,0.09708220640953333,1.5297183685324751,8
-5.203722537606736,-0.7881179250581242,1.4527077121643222,-2.073249538444961,-1.1722553313135307,-1.2430302468558072,-1.2809615398805665,0.6480727350223503,-2.6480268528433726,1.1929193298184246,-0.8576266298933448,0.27050255429904885,-0.28391637905392575,-0.8521523102320964,-0.23992500311765969,0.1747267335825634,1.5964747976887006,0.8246616211251028,-1.7816528184197116,-1.7695105259336186,0.06946600473403299,0.13550130260678828,-0.19073369548594044,-0.8132756740511159,0.7731411505064308,1.9168978967644819,0.2112712059513916,0.26010869389563346,-0.39637817737347286,0.35628090897593523,4
0.71120949480554,1.245688216613075,0.8836659425122729,-5.219465525504824,0.9235851869889998,-2.15275440980701,2.097527099422118,1.2607709729749448,-0.45663029658938314,0.6686355425873131,1.8795872440192352,-0.31988990469947387,0.6056498230637463,-0.18553268732962344,-0.23268433534854532,0.028640491749481776,-1.2700264394361114,-0.5395074316607503,1.5488366315199555,-0.6050876314238636,-0.023564022939366845,0.18553959201840675,-0.04220215577246999,0.8131146587542734,-0.41205237641682685,-0.36093855120834484,-0.3124314158216627,-0.5513719731317989,0.443460832556046,0.47969821672949126,5
-0.9546093019490219,-3.6920057159074915,3.5724792187198027,0.6935473763171961,1.813390774420209,0.1868846848142458,0.5702954346620736,0.12219687486680383,1.3713178388148486,-1.7614059815227163,0.31294048763876753,-0.45943967388270107,1.0214751977191328,0.07632677611774362,0.5192107182482633,-0.971241197223554,-1.134291876913931,-0.8152932350036662,0.44701419786923824,1.052737357482052,0.003282029028048368,-0.8028387703402069,0.3350183676811396,0.33053081163850345,0.2230550568944006,-0.9816965804492909,-1.2227128193807677,-0.2635401535984683,-0.6818070107082466,-0.008588061506455075,6
1.1303177844160153,-0.4153039432420235,-3.6407377314499896,2.0410873898929722,-1.238871342466522,1.4064654504622174,-0.8559305266797219,0.1941505172689051,1.7828866461206647,-0.7929381518205889,-0.04511671772228107,0.22541874982556445,-0.7506234979727627,1.7783704260764555,0.29912569586890947,1.0014704153780052,0.018495025825240447,0.44240987992027975,0.13727998825441337,0.256627154670332,0.7995725634393731,-0.25316605564881306,-0.9525649372418533,-1.1565125954738593,-0.9607042463715896,0.15564818157663265,0.8526839757385044,-0.9212070715081678,0.15238036511462977,-0.0800029225431682,9
-4.947994378523282,-1.0638674490042008,0.7892664919499391,-3.143929693165965,0.6100781226021217,-0.9740079567556295,-0.3042454955990699,0.8829294726196919,-1.511501027326683,1.7080950272040407,-1.095981413358104,0.6393750669271809,-0.3051523553366252,-0.11374604267918444,0.22220719798140184,-0.7457863567545059,1.0536775587484901,-0.3579328750400649,-0.14352446303908425,0.6473506313413249,-0.41889464917146246,-0.07075653277258745,-1.504640266219396,0.5686436095976535,0.2756102852673122,0.1648282092492108,-0.1346062731076021,0.34856392251400226,0.7061267113096815,-0.2341661361185083,4
-6.314114240501573,-2.1264707274513728,0.1143351337178862,0.5643956616334509,-1.9018393635877289,1.4971188081549294,0.9452015123240284,1.288703695473124,-1.293057722686178,-0.5795813328931763,-1.6891928425230558,-1.8772444965203778,0.4340740543548193,-0.008477665836788259,-0.056566830538119846,-0.234276589642282,-0.4882125041428066,-0.15306763581110064,-0.22203626890169287,-0.16638645358746845,-0.013730848918529295,-0.3327848540320538,-0.42504760701335187,0.46129001306797895,0.0644265456955514,-0.6047250138575209,-0.8215716020815538,0.86459041440147,-0.6807160425377692,-1.331559200637215,4
1.5271769547453558,0.6874105537085475,-2.4778296972419063,-1.213316721895533,-0.04194925229219347,-0.44263472972371604,3.01583503524904,-0.3355570180138645,-1.0078056718159132,0.19541294131482237,0.380868827238293,1.9143863829929046,-1.1531187834794812,-0.7985242516588456,0.7662341955840494,0.9091323999070205,-0.2208672905353185,0.3393561575494993,1.1494806299917664,-0.6427773019188276,0.28791679064773235,-0.4656920189708205,0.1755796609818482,0.3262534737447255,0.0817755871490949,-0.7526987945644109,-0.658091187795215,0.7431036688879078,0.7344884993261428,-0.358642109719403,5
-2.6575915348649373,-1.1434220965583861,-2.680372854885349,-2.49419765444563,-0.2888866596786719,0.4668145209572903,-0.03308688868098616,1.7564830157215336,1.811090162640776,-0.8399481218305046,-0.8615754747727133,0.1243483781709056,0.500519589438754,0.2998494570258384,0.8730802308943767,0.1702008112267725,-0.6579233439217217,-0.0728080453684131,0.9058475666535218,0.5431800434450894,0.14510244768604602,0.052781164866646156,-0.503395396448984,-0.03982027064228433,-1.071101823780911,0.1714698984215312,0.13700674438162663,0.756488729633428,-0.535793887413415,-0.4817802872521192,0
1.5281299993712592,-1.790369603795581,3.7070489141999765,3.750592942049085,3.2386875313648193,0.9542452819374718,-0.06486227195803568,2.810859087815384,-1.5082515678240271,-0.5860856211833775,-1.2293323194941177,1.274279802854257,-0.9211255032091972,-0.7950315681012473,-0.04869107089053259,0.8769867497560457,0.30242507500416044,-0.02717017432862612,0.5932075722891527,0.645527234636308,-0.08327971955520677,-0.4438790990390412,0.2515521824939939,-0.2170687783782401,-0.6645591811218049,0.30993626302153,0.5423966201213418,1.5455595905089639,0.35255313395716725,1.0235932134127166,1
-1.354050019207759,-2.722251766138667,-2.0843900648251386,-1.562108895394357,0.0816132643964581,-0.1826723957697326,-1.1438747557993858,-0.17289743365574667,1.1225978878989629,-0.4177893251419349,-0.5328822238933068,-0.45484663464752345,-0.7168065016293513,0.6133775269248578,0.44067835279536793,0.4645626803806566,-0.5628357969871854,-0.4043020484800207,1.632068329117519,0.8916647699109752,-0.28466386851379266,0.26700758133319047,0.3623800547978038,0.19085026814998027,-0.08341969180074778,1.2423429190959523,0.7511192081930853,-1.0368800913503677,-0.5508961906036338,-0.01260119575867196,0
1.7578481047289647,-1.837535011614412,3.1443433293822745,1.8433591490083414,3.4956704115454453,0.7735828918078808,1.3142883716445013,2.4282601866108946,-1.063633998631995,-0.7693068205566419,-0.9155793343849982,1.6365947684912843,-2.3416626294958705,-0.9283977362016897,0.4273234131954343,0.8695649793293824,0.746342419200035,-0.06085913212400415,0.4877618285464278,0.8603401764136722,-0.320019120291493,0.19008729961077658,-0.8278094617036286,-0.3126531023735509,0.22233306232490363,1.2570375035238723,-0.2514623436753086,-0.5165780461577432,0.2884472059201979,-0.3205726908374522,1
1.492598177556023,4.018479107713089,-0.058377534480308996,-0.8988580701222115,-1.4078017528868114,-1.2553421975923216,-1.7537743667587264,-1.47346297353605,-2.2611025324133722,1.5295653400388731,0.28696023973451523,-0.14157065662514218,-1.3199397249498979,1.2745455114876334,0.9217639750624709,-0.5587422999942343,-0.718758151447425,-0.5059571545078173,0.5909126234916036,0.39050798419793914,0.4511775189556897,-1.560959117074236,0.40698679039858043,0.5220838730761179,0.21157134002215658,-0.9513224236410974,-0.6420056466037661,0.7359541508729095,-0.5967574868235137,-0.5176142352758034,7
2.005028970915409,1.068767428977195,-0.2006913977675707,1.006873647801372,-1.0792119775376203,-0.2659443697907711,0.9965505533341218,2.5852847532630037,1.9849460693695713,1.1498104745802762,-0.2193798216749133,0.8568273221533573,1.7464699918788842,-0.9928272408686077,-0.4820028300551395,-0.24926799586587797,0.3072224958318624,-0.03117531718002667,-0.7119452178663679,-0.6455876154557492,-0.2587383309582757,0.7369364478248913,-0.11990717382138952,-0.27824343196829937,0.1160500938541465,-0.4647567059532697,-0.3249471889397686,-0.6043953334093076,-0.6855225794351155,0.17281386190929124,3
-0.8087422018486097,2.1330147729264626,2.4274712868477724,1.516918562342192,-1.3144166740600258,-0.4423977976430316,0.1953296081538556,0.44538930065338245,2.0830416923976993,0.17341423540422854,-0.42531273464615327,0.9132634366428153,1.0757198704559805,0.3079736339780088,0.4116721743822134,-0.684433130368032,0.38246181949165603,-0.24153824484830816,-1.6763664348393774,0.2985977939121913,0.1702057734903294,-0.7817265584116453,0.7660379861772483,0.5486788142115256,0.29060286694390064,0.09236702305273245,-0.67599759245622,0.36577371840222944,-0.1803941506914253,-0.3411412917294394,1
2.646265301489351,-0.48560464451253454,0.025412615811560197,-0.8902841133511546,-1.4163249027059808,2.5919898583712038,0.2222553032980771,-0.9850281685232315,0.2711597241961235,0.259949326993869,-2.1102721244691476,0.5853155748634646,-2.3928846157615298,-0.23848577526031642,0.6995490686456968,-0.48380066130228677,1.8443209788453248,1.0558520859858356,-2.004381930333936,-0.44298741510998846,0.22319299731876832,0.35971024248685285,0.5611881096524243,0.9421499053726488,0.2856897658885949,0.5946304107607417,1.8810033282586196,-0.9827057924852179,0.1919143128314693,0.37930378075501897,8
6.058502412890061,1.6497614680867871,-2.887322763387642,0.7525913027803555,-1.0114440764335444,2.5243389376181056,1.9461625338197892,-2.7948462922988657,-2.5310113052271634,-1.6993462582122183,-0.9602790495423027,-0.17605984091351498,1.0020990213628982,-0.8322553195154669,0.59627434478481,-1.8662776302026465,-0.20929785913888427,0.2433380941096365,-0.3839473993239337,0.2333367523756337,-0.09435956304154507,0.05437502933776376,0.16357871014957426,-0.6261703538766062,1.574345516969639,1.1956213597593086,0.28116439973145424,1.2563549680438122,-1.3509192062751971,0.5794330033516227,3
-3.373468582873414,-0.48046625682046434,3.2799924513163123,-0.741428821973961,-1.0988891636361815,-0.4924479995537817,-0.17480042399621668,0.04610304734055629,-1.4694035401688004,0.4244908761943709,-0.8593538203143972,0.6656557051604595,-0.21730739834253818,-1.4518595311103744,-0.7449522996037424,1.3942583928823236,1.2314822760149415,0.4416842691117552,-1.121628687432525,-1.2606541500372883,-0.26972690273958444,0.8400055962712788,0.8190388443401945,-0.9323749055932434,0.1338156480529402,0.48493867662625445,-0.02309473466663988,0.8825769184636244,-1.4392008183441871,0.5880627396398789,4
0.3433481718215002,0.9061774312471702,-1.4916029106185478,-0.5467644848591879,0.29031818188779673,-0.3681444433136161,2.51509321736028,1.179855596782875,0.8030106750655385,-0.3346536018035191,0.040264406842732,1.9220801371478538,0.043796393821962085,0.4374166294950129,-0.5409498233393563,1.7528587328744514,0.2865796143079923,-0.2826805391962279,-0.021010601712248844,0.13872719084895802,0.049655158739090606,0.3703785440697972,0.6169315179253222,-0.6740879058977874,-1.2019948503333346,-1.1320422962496137,-0.021736309395685,0.2361021072940287,0.11930709881270678,-0.20146501836375227,5
-2.171923828704602,-3.222270355127997,3.254972786749215,0.488843195806932,0.2827253114184375,0.11842760629670915,0.714291782677704,-1.9185487432836372,0.9800898720823114,-1.3071048741485125,0.5587720801548455,-0.7305433162444028,0.44186345483719813,-0.4143664260456371,-0.18332891024313513,-0.35915437481562573,-0.5963761984319463,-0.5603609678756369,0.061161998371130476,0.7135651195084801,0.34428693413031813,-0.8554336841429406,0.11213446067302615,0.04385235719040622,-0.23939309061756506,-0.7112013322990797,-0.30573809758014425,0.13062560370193915,-0.558451291718898,-0.31423534694861294,6
-2.074527056721104,-2.061883124705561,-2.2585346094089305,-0.7117406101126462,-2.477423775355609,2.0410456763778506,-1.9120010771774596,1.2249683276412728,1.639859475933603,0.2826843632192933,-2.3496973986284235,0.08819526766666541,-0.450042733243616,1.228089349692756,0.935745294188338,0.9657171939575608,0.3786261223880268,0.4957967548732303,-0.20382417583430879,0.1303689061494569,0.4491777885366294,-0.7929360293113248,0.227016100739209,0.1286501092049802,-0.38995573865154903,0.17494773646889744,0.6285831034257959,-0.23367359266328008,-0.5768517860221751,-0.1158476552018752,0
1.3280870219715177,0.8141373769080911,-1.2027199385920444,-1.4500433036317433,0.07371594276194077,-0.5824275477928433,2.6678898922219685,0.6256044096741548,0.2512111375498205,0.07559947259077204,0.627294652109636,1.4851715879796743,-0.46041234832340105,-0.489172107579442,0.08372696662220415,0.7366570654062584,-0.1642541913605414,0.1335067078110712,0.72112218258161,-0.6423002363457971,0.4087739856220499,0.18786255507161456,0.28988987968779784,0.11265430817656143,-1.0551858996563184,-0.809849464444939,0.13283142913901222,-0.19768875838815703,0.7730287277052605,-0.12055984032268283,5
-1.3911077246405665,1.6416884106874843,1.8406723864393688,0.43114973527136835,-3.275804621483006,0.33194165560178424,-3.2219896041413523,0.14218849609960976,-1.1507839498920123,-0.37501906807198504,-0.39258195077936253,-0.027651398708727827,1.6852551431281582,-2.1820239588010724,-0.37599108294939604,0.6085895029777992,-0.05544510412944677,1.2209489715953206,-0.5103253212794927,-2.0773865429465244,0.8856098637663441,-0.042009225514009735,-0.1212548724779978,-1.298381191783297,-0.3414919730404836,-0.4334289626576762,0.2620434731105842,0.2090448547300383,-0.8167988083611246,1.1447332605938023,7
-1.4243037459863928,-3.164582832563523,-2.0751188637694264,-1.0617852265759646,-0.07914665455222517,-0.7012969619490756,-0.974235843506394,1.196895988748758,1.4232890373255336,0.5730292555912245,-0.16266754391851088,-1.2729181681524542,1.5311594095789123,1.0875578230045613,-0.7592517972514519,0.008415315229426321,-0.758860699250362,-0.7472632506869401,1.157356014379583,0.8099265635528655,-0.6237642799735006,0.6655194093152471,-0.0193276528179089,-0.04455794369698883,0.30830204231311287,0.7837883139891204,0.30581366954046546,0.7394625664973916,0.10421642567697281,0.7666036628777487,0
-3.165798504632149,0.6140882065080965,0.13457330149646407,-2.973554214214564,0.303685600919191,-1.9659490423279746,-2.205336330454127,-0.038874406331374595,-1.6794088207585287,0.7208139522065588,0.1130629141233098,0.2302918771284421,-1.1515758617902667,-0.3206725189305786,-0.23027454449222878,0.10082925839338265,1.4127121690309294,0.6014331333401591,-2.1584472766717027,-1.093819885825953,-0.030422769299085183,0.4061354582074804,0.11993634277287987,-0.2917468058307606,-0.08731643646970698,1.0786332874998688,0.44688060057520473,1.591425047050555,-1.1431151459015227,-0.11264511551465017,4
-2.522341915599826,-1.038772658777212,-4.462991491831307,-3.6111286333900967,-0.4748984634546174,0.598069208190284,-0.9902780721100843,1.4638388269138198,0.40740409564049984,-1.5338010495781107,-0.621302207146565,0.1972755931305646,0.3761957292549058,-0.5161087693949754,1.4046168509629027,-0.40720842388717193,-0.4337522792680168,0.6984372500385082,0.36371447835191095,-0.4930293545177536,0.6309219976795474,-0.33855528778775046,-0.5360030523023187,0.23768468331643586,-1.2182529839399165,0.4526814847019514,-0.6046751369334,0.7588774608314823,0.23164200982052247,-0.1252523275662581,0
6.6490139949736875,-0.4430101067300189,1.8830774057485697,-2.3373468967404905,0.533741684716716,2.130128471228332,0.36443723762879227,-0.20458197928291005,-1.6170425687945833,0.7528242735405101,-1.5565544036461656,-1.7147913987032737,1.2682117064225618,0.08189594009279405,-1.8363378573719669,-0.9559670452972774,0.40615097757405794,-0.58765495335465,-1.915786896114167,0.09796430109750062,-1.0811267857232827,1.4758097765103306,0.41070300109580704,0.9445626979702394,-0.3359783085837036,0.16958765943279444,-0.8174179221181216,1.1607620065386097,-0.735661765619121,0.39987775441652007,2
0.12702283498619454,4.324891141913225,-0.48281905300684136,-1.0611356871454747,1.1534029554520038,-0.1521098159959605,0.2068148820265409,-0.24223023315453218,-1.2004439584545803,-1.868800516542443,-0.04826408413290658,0.289721441510207,-0.9020677952386513,-0.8576165114988566,0.690891007844815,-1.6425501733518544,0.5578296419592849,0.04377348085257249,0.09941071084851191,0.9848544970919826,-0.5210735978359206,1.6903908506493663,-0.5006714391625413,0.03247434222347631,-0.13439626375378003,0.8496721867157977,0.7136369389646451,-0.9682845919840107,-0.046212275929222814,0.5136694093094418,3
-0.6076255008626694,1.567346420042513,2.5602573417005745,-1.0877172996401254,-6.4163351756587055,13.43672092508234,-4.755225409591183,4.307007706664909,1.0004281067562448,-9.230217092995801,15.682471956910838,2.6048735150225544,2.218549861151137,8.968831629018952,-8.51865762530212,-6.999909411716704,24.331227890489625,-0.3617094520027048,14.66958879413485,-5.757177221840266,-1.4397914181317784,-3.924312386490231,-0.5928019791123846,4.568729123208287,0.42930764568939633,0.2297740373134927,-1.4201429935892245,1.1735972251918678,-3.954019989140013,-1.0780574557903837,2
0.29913838685589716,0.41380340354358885,-4.425740410947277,1.4746883962895636,-0.40227447127730315,0.3302832609422225,0.2632544508634697,0.356171539730802,1.4038342677069093,-0.819420896573152,0.5679858028984928,0.6917866027734424,-1.2269774019348259,0.7383929395171335,1.0671162023103242,-0.20181919296623668,0.23432221699710104,0.49594293430638076,-0.24263316499240567,0.3035799612279116,0.49830869388269167,0.15655758525478441,-1.567438704834948,-0.9583555494656656,0.01943465436677373,-0.6985706384476107,0.05570115183635929,0.421543034703125,0.31089566557924886,0.6536678026535803,9
0.12010219604528517,1.531254990247212,2.634658280709668,-1.8916400310435315,-1.160111029518585,-1.460056727965753,-0.38293240013856256,-0.8864379543970965,2.544955738784489,0.6427858620199032,0.6365081411350018,0.41053446851498177,-0.7523716275274027,1.9557923707334983,0.5403184155507585,1.2890327408107927,-0.551691340924025,-0.21775118260705664,0.21051972854880363,0.014443979777537624,0.7980873087008491,-1.330474613970026,1.3956235991291104,-0.3348708099672601,0.16544433527744387,0.5571874989378564,0.8208762669984971,0.1196602175020874,-1.1004459290202524,-0.707080296563217,1
-1.3656122880693673,-2.8307566981188033,3.6340594382805804,0.881226961203237,1.174126548640535,-0.012472733420037307,0.6692834908573373,-1.463976297110462,0.8968134664793779,-0.9905101188939953,0.2040092566593574,-0.010228220831636076,0.729176777357463,-0.549235812429284,-0.36939895696119107,-0.6043343342539155,-0.20195687690501382,-1.0222216107565683,0.09159777267910423,1.6235554033262536,-0.31510316062144206,-0.36202974137723215,0.01961221457930605,0.32945519738717005,-0.030930105163164297,-1.053706236912981,-0.8795616052016904,0.0035589302554669164,-0.3644885903815069,0.02147405785386281,6
2.7473440628440873,-1.0294412374955875,-1.3140900646657565,1.2954512319180922,-0.2206631361514862,0.03600868912091278,-0.2286650971737282,-0.38937316381152853,0.22919220049045055,1.261225620545187,-0.5869818032022165,1.3700350035180284,0.2866401525165601,-1.5790431153140954,-1.3189715585841608,0.9644180096783491,0.5820006168703713,0.2485338359265413,0.3368609921914512,-0.46257451519682596,-0.29182058307643577,0.8940810489838386,0.2422597518132736,0.49202417817091637,-0.976115211167162,-0.7285569649594971,0.31366072105134374,0.48253628063888077,1.0405448772189991,-0.027953397631532026,3
5.9981344734329225,-1.5256429955736226,2.595496107124545,0.7972035757634053,2.879000255672484,0.9742227724852536,-1.1984452601919857,3.1720785714882855,-1.4148416463183797,0.2938547606226274,-0.6158862961597019,-0.7730979528743087,0.38761073531071444,-0.1839359816483059,-0.3782145875631613,-0.5389941589718443,-0.7492582767743853,0.13785991424162214,-0.2219770898096191,-1.0411552862966453,0.2307545469281531,-0.7098286078252938,0.10003253905961093,0.7488684091615501,-0.35780858849707187,0.38597961377693485,-0.12128616822640992,0.1269298229792046,-0.3449077953793102,-0.772929214312939,2
-4.061215721569257,-0.7248064850817206,3.7405504968242873,0.49367803261452453,-2.142305658506895,-0.007176811137584579,1.1115038145074922,-1.1909619325283587,-0.796521639824552,1.5003116851345941,-0.6792589639646355,0.12955041453490437,1.3949515677543793,0.07748910227200206,-0.22411612144715168,1.0913104991032616,0.1283623170210189,0.21496817781773897,0.03522353341784718,-1.1810703460898786,0.7121464599390822,-0.9614963382574689,-0.450710511939481,-0.4948610686418582,-0.05729105084677161,1.4060146285579478,0.015073379079977602,0.02431512722137889,-0.6876923247084215,0.40729366200251044,4
-1.5664686192612836,0.607240206080613,3.747026892689775,0.07500476085545434,-1.750194036113633,-0.6330347895057252,0.10458771168155574,-0.29154200314297846,2.288340494018159,0.2468688886616749,0.426350371257191,-1.1367875913168284,-0.6805016460918484,1.6528043986335572,0.3590690934033382,0.5843632396106982,-0.7243339999746146,-0.3703053260360612,0.5129515722448331,0.10449449713895712,0.27945834075438064,-0.4018807496645813,0.8056981971844368,-0.3490489795184368,0.5716672901705522,0.740565111646901,0.4220581395894521,0.18579217794926126,-0.5299049357289408,0.06139946776562135,1
0.20129314493722317,-0.9539574827768081,-3.3216455192440586,0.8574739567971089,0.1168251298025678,-1.1897705185190672,-0.3629826368344392,-0.763392511680396,-0.027104839693379332,1.6065610589387502,-0.22716746799746734,1.5949502065524146,0.4216432374520871,0.2475319724345994,-0.04215947781985325,-1.1262803200620337,1.064343731669489,-0.40366291692631806,-0.7553293001915782,0.6662443355125948,-0.100918107754227,-0.6518445262248016,0.14824718714345145,0.913919271377883,0.3896604577185691,0.15118783242583805,0.42625171257424044,-1.76913753428499,0.381923465348377,0.36645064144795436,9
-0.5529062782596793,4.250323770455292,0.4586185403021571,0.349505398841872,-0.8064918143673451,-1.6320280221704004,-1.65534642941017,-0.9272211430815407,-1.3145496565568198,0.8935068860206465,0.4598038279123381,0.6372078322404302,-1.0531042964861659,1.297854274072133,0.7969086195998822,-0.24389438684811024,-0.35322701587100214,-0.4961776470734232,0.7354600796843304,0.8844681552569637,0.4159749917563811,-1.155979830549227,0.23409471223060904,0.1995264463045425,-0.12090236494523308,-0.548628210717157,0.32195310859467274,0.5785547675361916,0.3681465078630901,0.0817007044768615,7
-1.1776409140357087,1.799331832296086,1.514341805613214,-2.9650947660850506,0.29973572602099846,-1.3745805981672774,1.5181430212888605,-0.12013513213131581,-1.1026917106716299,-0.4110231334758775,0.4410393035960085,2.3478660813428744,-0.24159309146184435,-0.854768933246897,0.5786960827683676,1.4783808049673879,-0.31052753148285256,0.1886190025375192,1.087880135061768,-0.8038742797429763,0.9362935774826201,-0.8182435683075174,0.21292996238267456,-1.0482727319916139,-0.17319101351204472,0.3759591539534364,0.27814057288388105,0.6072623286395137,-0.9575031397295781,-1.1715444266395785,5
1.5067110365691638,0.9645609354441025,1.780426141588402,-4.486364794428641,0.21809227553235092,-0.618477230714666,0.34253466945987954,0.6054962292210893,1.1590891406379842,-0.024839384762104785,0.09977621327967019,0.5461264549080486,-0.1605325585552174,0.3912773650306613,0.5310640249168965,0.05192908793073503,-0.506526562741507,-0.5910245583229893,1.0872716303394205,0.6210433431552744,-0.11893797479674978,0.013889077648598583,0.27840670002189455,0.4529034815151212,0.09822765092161419,-0.22279896015378112,-0.9180469647643806,-1.406925526396819,0.18093703668318284,-0.24251212605969527,5
-0.5086395956559371,-1.9129973150329431,-3.6287220791963914,-1.1997383586663377,-0.6148779265164975,-0.4082333547677428,-1.9399648484595777,0.49981801352742117,0.23617797645027744,-0.24975043556809393,-0.28904269940588573,-0.6263139456901122,-0.24213240190126725,-0.41671593416382513,0.2047834304382382,0.1438536654649089,-0.9945143484363538,-0.07660039594366026,2.1958789279097783,0.31485505671601743,-0.37356525026394133,0.6777167179225893,-0.2745001413203042,-0.3139791897166036,0.40393352177755376,0.47652740975173424,0.2075437485724268,0.3643409329084422,-0.13093605665707336,0.0870643434034882,0
0.13277985378189608,-0.5458139968684979,-2.9513595347019224,2.2933388494085034,-1.2949939722146844,1.7064465911298636,-0.8293338771379254,1.0481181323551403,2.4070398691269492,-1.5231309282360723,0.2627714497753649,0.3806986921704204,-0.25851038251178343,1.431904979111169,0.26335012726515544,0.0516514876423016,0.4839732963676988,0.5571507028755468,-1.195404866197483,0.12315322645801145,1.2310403198188302,-0.48234677523534836,-1.1701479795635414,-1.888200505441923,-0.9421549976474887,-1.7578820542911069,0.4063206636959345,0.6148318482229603,1.0335851298053005,0.40433586117747755,9
1.9336038281083985,0.5362532125160899,0.05857024966837702,-4.391754365274978,0.3238240195979598,-0.952305801751468,2.2393675361171232,1.6218131328785343,0.39860782784421145,0.46540247336186186,0.8031096403607,-0.4684103593594998,1.2776049653885586,-0.9195013758488997,0.11255136521022163,-1.0026143048347085,-1.3118473527348817,-0.39574133662024075,1.3683174562914255,-0.4828895188462415,-0.31824057170663683,0.2524088389345181,0.151158698673903,1.6007867398505407,0.19872526734105833,0.28447030983859173,0.005132902643507728,-0.9298994200377976,0.6068954865755462,-0.12140318308569989,5
-0.45903301753241404,2.5902875724238132,0.5633457139503949,-0.29733346043926073,-0.5045812195667645,-2.485867262269344,-1.3411596989157488,-0.3572276590038489,-0.18860283565977157,-0.19676976403670587,1.484787732705903,0.2316301914067685,1.5369746149070815,-0.8777120216317497,-0.5960887754573209,-0.8916473733383824,-0.07968605586910919,-0.28353783209919864,-0.6062077716990281,-0.27749281858739555,0.28391836761716804,0.07190975079429059,0.7414029499211287,-0.5498110954263898,-0.19815892539350713,-0.5486668091409499,-0.46117471481578853,-1.0953045824904457,-0.28160694780974754,1.2402219545351356,7
1.355583064468534,-0.7889185959827334,0.9162382267700165,1.5922928753990504,-1.1473599355286381,-0.07651519653845175,-0.4215935036657143,-0.617018165631392,2.8710670153323545,-0.12590940356413421,-0.08990930934780075,0.5579622612117592,-0.7477272666578803,-1.04377525209661,0.9548830160457177,-0.6374492860481314,0.10168305651883054,0.44514668904470983,-0.30356476567858387,-0.1139886104728486,0.27074346332526916,-0.2811703469887528,0.6306640863688173,0.24810184413875785,0.837868200434617,0.6702771510725046,0.7616487666096028,-0.6314703433778416,-0.652359227927386,-0.12238213037735982,8
1.7264764117314577,-1.8044522536595426,-3.082591018595053,2.48237919140624,0.2894488478778065,-0.5540311262247668,-0.011352635831885206,-0.13966615339112887,0.45192575342168706,1.2077791488518346,0.6093322529988643,-0.051296150176713795,-0.2509687980185398,1.9781615291266357,-0.8551201152682786,0.9284444166816286,-0.0045366160680646575,-0.2830310123968335,-0.2797838263915265,0.14188297701508573,0.4892729821689619,-0.5539856233294957,-0.906827928360359,-0.9658989473845283,0.21145260241124839,0.4704818563389451,0.578896841226762,-1.013506508449882,-0.21464552139960202,-0.3436305408244613,9
3.3572084969414173,0.9525345485424657,-0.328870924580662,1.4863252846480084,-1.0537586794868563,0.15771111083713815,0.6306753513119234,-0.7819771721487786,0.009776109053083945,1.330339411254964,-0.558371552362669,1.137165284015616,2.8536326291498013,-1.628700252630169,-0.14450923011038105,-0.8068969544842378,-0.2207157637055338,-0.25039197728564266,0.03869868133112737,-0.284590805616285,-0.26084611865387136,-0.3380784379138959,0.07119344763040115,1.1131007982253647,-0.40345515457611997,0.5455251199674068,-0.5963117168065472,-0.6717512822040685,-0.7625932770185103,0.7365057639733568,3
0.6098549709180435,1.8092001926777195,-1.1873235463097034,-1.6814209960646553,0.9479756216261891,-0.9109660942728872,2.72184352845949,0.24167079847915185,1.3798560313805226,-1.464470639413558,1.0116354592392864,2.018825524201772,0.7110397824219747,-0.8268281420886487,0.27449981644842003,0.6203342702837787,-0.4214877996374697,0.2791877597013136,-0.027084962462393964,-0.7031273506807049,0.6536700472658269,-0.6542044855645129,0.696425561580942,0.7540916223335733,-1.3801451302813217,0.21640982488886504,0.8744190722941616,0.36408097716417226,1.0967842947165034,-0.9906103526250875,5
2.456056110918935,-2.344942321628012,4.117193231413016,0.4361910953034933,4.614295895014553,0.5522944583369291,0.6854870955426573,3.8618216273234833,-1.1817458510337895,-0.7880672138610896,-0.8881383950723455,1.6823466788996029,-3.0400106838697627,-0.17036820248952186,0.9540192935259,0.7778443083765496,0.35154470111831715,-0.24098970772090975,0.3731655097936973,0.9185488066481542,0.5559057768151143,-1.8537793978914803,-0.4805577824206127,0.1175374940041524,0.20457483660247888,1.333788069060712,-1.211894741069241,-0.6202678946363159,0.7265179341381856,-0.41769591371321974,1
-0.0551840895840041,2.7846533357703893,1.2256515466413105,-3.981771082852502,1.7357441397123632,-1.9924791463395106,1.2275954507527163,-0.0714166876059893,0.503689478417587,-1.2588021006887748,1.603138893881102,0.8456500647699149,0.3246312044829401,0.31178713817199083,0.03168231240553661,0.9491187964991282,-1.043075319243593,-0.5868741884562385,1.2143888527418032,0.5080131493835565,0.022827960599133012,-0.13918435673506524,0.006607474130854624,0.3180647546613953,-0.6532330106958534,0.5777633600804539,0.091551756415061,-0.20819743229162369,0.22629107785502656,-0.6076195061013443,5
-0.6609794017817602,-2.162653975040977,-4.229803884717516,-2.090639088514925,-0.6341418999227559,-0.35965112373211433,-0.7235911512868377,0.7287171277961823,-0.3291822369644254,-0.10366136419348103,-0.172541594713359,-0.5188527371189205,-1.7647945027263856,-0.5449165996769957,0.35680591774358705,0.4133418197422211,-0.4995484687051714,0.3842165167989138,1.7917817594711714,-0.46239105312688794,-0.3670020185609582,0.8784565060023964,0.3937020649935092,0.2246351474639761,0.4902414381754096,0.4353238587514892,0.5941071257640875,-0.1288438293448568,0.0033255252300466945,0.01190854558240022,0
3.113891674527482,0.7565724433518264,1.833481887963036,-2.1219945319691655,-1.155045007101141,-0.978166319430675,2.0817580548166807,1.2993640800620392,1.2248071562378384,4.1538339039961425,4.044160479408276,-7.7575602244607955,3.0604412092862905,-2.848014009753165,10.936661018839287,3.2042467830425774,5.6395216277895095,0.2708299759898163,-1.3181905455774932,0.03291628227561154,-12.492885796832454,-5.316389903951779,0.5935598504543943,-4.8836211122095925,-2.215015766864296,-1.1082792177411014,0.6369643642991214,-0.432581402185117,1.6906058708415679,-0.5803490376312114,8
1.7510085164599845,-0.22528668666628027,-4.085915453330098,1.6518759379037624,-0.791107418908248,-0.6148608240872871,1.3937827194815255,0.1774888899722717,-0.2250413628514328,1.6858323488050329,0.20150730320754737,0.8797453071967446,-0.11835878542758689,0.12008496937599139,0.004311646931435619,-0.045333368451229455,0.40896200252022424,-0.026045367539395792,-0.4491004258093825,-0.4094856763963219,-0.18512824113125492,-0.3376699900817127,-0.05944127066817776,0.6811267219301226,0.8716354731390642,-0.55496772169148,-0.19501690299692145,-0.5312630102127078,0.06692407146609383,0.7609624759317293,9
-0.5537414065562475,0.7680328421909423,-2.497934502397608,-1.3205043730107915,-0.732035787339139,-0.9622364658677416,2.1283717730962817,1.0392205301634119,-1.769823483248322,1.7144068669226755,-0.12350691868462305,1.5850463551077991,0.10468263674521967,0.7644739716203581,-0.10677785664503471,1.0479178783987042,-0.07682576286132022,-0.22153970987894084,0.3830886123348028,-0.7631157623903384,0.5039821428755794,-0.9796279281450629,0.2739036792493829,-0.3095528380016526,-0.047989750473127854,-1.4320039936133646,-1.464712124777451,0.9262773191864124,0.5369257457462578,-0.2613693173508022,5
3.223301105339621,-2.8823899056420355,-0.3653027441933251,1.343499305889429,2.096912963011223,0.47350353255560496,1.899291104491385,-0.1831675658008269,-0.4268148260245971,0.919840663570884,-0.018289984518434905,0.8043157283932302,-1.2411518362831222,0.4453140779422044,-1.196549057417827,1.4318873811334933,1.0234290871050526,-0.14129108991812508,-1.7034249907384071,-0.19368548940224195,0.1100308151330583,-0.4027125179678823,-0.28210845104455395,0.15524637397584715,-1.0491729201626325,0.012259425810876311,-0.26338977294041943,-0.3473561907899471,-0.5462916685052512,-1.5514783131370045,9
0.9644063919665737,2.845027853266015,1.0913327470850793,-0.46885712161795073,-0.7190452804016947,-1.603316497430204,-2.1900206907516875,-0.8653033720256466,-1.205442049357,2.225764210813463,0.36526733657013744,-0.1741636469616689,-0.6646371752648599,0.13414347102027038,-0.1956802265650368,-0.3840364290268852,-0.039958272271116736,-0.3840510140346531,0.6021369297276767,0.32437884444059184,-0.07217067741981956,-0.31413575331535515,-0.12028012675782224,0.7379481574739152,-0.021523640934458386,-1.121778923124979,0.4949279967903,-0.511499996955264,0.3983967754395001,0.5265058914725514,7
0.6731599172349755,0.9460113562952518,-3.6194209142894267,-0.07271266887369196,-0.13380529444553774,-0.5659125535779992,0.11112950084888276,0.273816340022875,-1.6653683820583658,0.9627032547084542,-0.527697297679556,1.298607805907382,-1.4951489791445307,-0.7500368690478195,0.40139895885644145,-0.3731364553987668,0.5611643960299828,-0.08639516831908355,0.6273811244624797,0.44181731452732037,-0.5452580473581708,0.3126196583062882,-0.1400661145761433,0.6395609975427022,0.7522790091938407,-1.6186081295125803,-0.8985544506264365,-0.3194600434976971,0.6527313373416258,0.05427966426113393,9
3.8000114740047626,0.11071310658929785,1.9717150747307932,-0.05455338275408005,-0.37026529979614486,0.012716296692746388,-1.4390238993125581,-0.14074602751210005,1.2990369645245365,1.380339908982322,-0.24895520135010593,-0.12159245569925085,-0.2525753031010684,-0.8272191139576243,-0.8884001230490695,0.6617694229128585,-0.22912466737054177,0.008883121103224752,0.7976126168229214,-0.18167825041940236,-0.25294607477680986,0.7451449049885368,-0.6428896355556457,0.40180584610290077,-0.3818824333871923,0.12540358423725806,0.36706627592744556,0.2446328203396152,0.3475671435682559,-1.2140714068829632,2
-1.3323751720048873,-2.6645503999666214,-1.927545754433224,-1.6146703092165278,-1.0112608599600512,-0.6643923386657998,0.17818291459613395,2.1441946914045658,1.7267282702653495,1.4436152396392188,-0.4032576127902344,-1.0240641714761598,1.4133891931406855,1.07591252825693,-0.65463447316749,-0.024895258389903637,0.024927691374183034,-0.443447276515683,-1.0731625804725793,-0.24762088198299292,-0.47192077769542035,-0.23743355983977862,0.7530788566170168,0.660663263378319,0.6027179683045251,-0.23604675734965536,-0.4420605498734118,0.6267073490435192,0.35087221311624855,0.7125176166090684,0
0.21961854488284172,-0.8554332937630009,-3.635650301511359,0.12723426084871847,0.5964598513092457,-0.8157383240912554,0.36210970183137414,-0.20063536492748765,-0.7586932940891853,1.7828314110450543,-0.29731635171639137,0.7854060325850571,0.3663744392161752,0.04364071866793604,0.21375030813498705,-1.9127206029863153,1.0629432679007045,-0.4341936618092139,-1.4305822725832678,0.5303252175687883,-0.4864060394652982,-0.5561814126654075,-0.47756148252988867,2.285969141436944,0.2249214583180858,0.3930417109275259,-0.36012575590292495,-2.237354357810333,0.22328497372446326,0.09759695142902419,9
-3.50178440329935,1.634519372593902,-2.4181347575595504,5.076781540318373,-1.9653481716626149,1.1261568196623657,2.086539929645333,-0.15649483092274957,-1.3654982373623292,-0.15822580313930776,-0.8965838830626951,-1.129782931577253,-1.0933426572914913,1.6829946364125328,0.5461682928910421,0.10660593759140795,-0.4180460216956688,-0.27307141918077216,0.16569466887889628,0.445679962147366,-0.3161667383967527,-0.291526686003537,0.6506971531956818,1.1802999711603306,-0.07543875262225215,0.21941040993055874,-0.4275559046811181,0.9675180929301522,-0.28931554165883555,-0.23154271426704784,1
-0.46548010429066833,-4.253829023262795,2.9555753316521285,3.8398779794171642,2.8570432474963785,-0.4811996515236495,-1.7295966611341111,-4.48016628882803,-1.2333722914667484,0.630245947306222,0.3695503349713574,2.307247012033152,5.5134474419207535,6.476987463304657,4.732615077366423,-0.9328523103504471,-0.8151573643518397,2.3347451616662056,0.6044845006340096,-3.2590745595220394,-0.47079008530343086,5.356167698211651,-0.5842695162912896,0.4807162592472445,0.37682636480743764,-1.1540890014923966,-0.43683733023418686,0.2209906963251457,1.5336916475136726,-2.627192684257269,6
2.207908235976592,-2.8586424239981545,3.7597142062213784,2.928575357558231,5.425853664932267,1.1249422196960464,0.8687071901229725,4.508168997768544,-2.461874227204298,-1.6330555036601362,-1.2350927375817706,2.1733188712369254,-2.4284751235051134,-0.43318930085191254,1.6475272739264153,0.6005016793258561,0.1258815027936005,0.22845051042149012,0.8763679757159466,0.46760193609452755,0.3836715320873257,-1.6970240928794806,0.4494147818803657,0.11102788987690373,-0.2467156193507783,0.8909472152469526,-0.1381231708741703,0.22067501975674603,0.055552238288086704,1.4073887327893477,1
5.5680635010032455,-2.1807315198140604,1.9971717057603182,-1.435575041082962,1.2011203438798184,1.383005017158426,-0.12355346632425455,0.9169586643505285,0.3122189547854373,1.0408979590232725,0.39214943656974716,-1.7533942152750084,-0.8227075301113826,0.5298318275560397,-0.6642665764575726,0.5758617843027807,-0.2565619431682105,0.5208491390432264,-0.8325739174888688,-1.3610636679448966,0.0410098561691455,-0.002398065980377929,-0.9056793842489859,1.5192274674062083,-1.1899446460807384,0.18523744570733902,-0.23592008854313007,0.16349594663495254,0.7334142948236096,0.042253797188730347,2
-3.328386758497406,-1.779114995604546,-2.2745837424878386,-0.6312817072074105,-1.0138523528894623,-0.07801156434894575,-1.3553134713195798,1.7642564186388914,1.189173048530868,-0.7398671937155249,-1.206910280615456,-0.5170123089856042,1.0412214049768742,0.1164117578236746,0.10815255092391915,-0.5694372801655782,-0.26107102553229883,-0.5351600488707695,0.3295367473513523,0.8379546510712313,-0.4799607328890642,0.33451544364975044,0.6797728791539495,-0.28005201526768947,0.25602542891579916,-0.16772998283782328,-0.5951342587011821,0.4645420429090016,-0.05811071678860169,0.09742070332502922,0
-0.9154157849418849,0.2203647127396829,-2.9566750749397746,-2.6761154631059725,-0.9338238452743612,0.4413692471163123,-0.9878363236877754,1.7196138463756487,-0.916906498318674,-0.9580287705532373,-0.8731487864860118,0.11760522281408647,-0.9945085251312519,-0.6456081118380297,0.2833316700112604,0.649993906096211,-0.10502116712585803,0.3559727099655726,0.8864239805381354,-0.3724298957602301,0.020360337074159972,0.6651015030071973,0.7069088198572844,-0.2763007220278963,-0.8859606464103573,-0.9920594161828808,-0.48345460452760425,-0.8509225536650181,0.09276220444765801,-0.07557635715802437,0
5.987672893197666,-1.5317775100672661,1.2364737117326867,-2.3442463507187346,-1.1376421764436035,3.8693442313364534,-0.163300485711478,-0.7627571683278134,0.04719790683234371,-0.33191461076147916,-0.9111287468603637,-2.0812651778597453,-1.2763650027372484,0.6879039059792177,0.034375282633796495,0.2257193513604128,0.13853348092828213,1.0312929530921722,-0.5645358599279469,-0.9650353984018408,0.8975358631646058,-0.22699079238925648,-1.0499159051521827,0.3403375962997589,-0.3763915814896542,0.44770789602624467,0.8155235583385277,-1.363488928649274,1.277543795478156,0.6594864164796181,2
0.03782327027985817,-3.5904205872614154,-2.694771054488264,-1.7441208744213408,-0.22214405112112237,-0.5505112067022128,-1.0265314651850523,0.7120329567110898,-0.019890329493544377,0.8084855752400353,-0.07089148587623897,-1.7753649952914836,-0.0815837049548646,1.2149989257769207,-1.1383361443726798,0.926331384464907,-0.443050290073108,0.006519877893134732,-0.19999700774745957,-0.767789761512936,0.11721967318102701,-0.32948432172855885,0.7871860884955568,0.23564246381108553,0.08768199079396298,0.9864770996267707,1.031794544769321,-0.825521453163267,-0.24602758520170376,-0.9637399772073875,0
-1.7657900288137107,0.7239391256855814,0.7863485205632766,0.641797074198785,0.2316685000799967,-0.21087218256630952,-0.3639458798255114,-0.6122251960066688,0.783720521818574,-2.6619471270995456,1.2137513559021624,-1.3200293495023492,-2.254123635170745,-0.7259910270583186,1.1009803403177516,-0.9602665032437229,-0.41048949710975113,0.3951168388052584,-0.5631850371998095,-0.0018748077651665298,0.01799020419348823,0.964907036460643,-0.7939416837053442,-0.14660718009205131,0.01569090952017495,0.48354581564589916,-0.40278936423930617,0.8443265349363072,-0.3841469936279158,0.322645846661989,8
1.7419955695187808,0.30659592358036725,-4.8582617530470635,1.5661168156823495,-1.0404373598473475,-0.11891311680263496,0.012954417272547543,0.5792924751518251,-0.21705062870622624,1.15370142565605,-0.8320982850518143,1.2806701467192556,0.21394187044722973,0.06610398509371213,0.27467335335746074,0.310462046418718,0.3271490906245323,-0.056088678771009655,0.14368401995086247,0.19460117558934595,-0.4458664426535131,0.015304844792382108,-0.2107328703440749,-0.14317372087401306,0.7513421357394972,-0.18196609296287772,-1.3527232819722583,-0.6873365821834617,-0.677290841791246,0.2039949251099388,9
0.411886785644256,3.322843461282996,1.6825595430502611,0.297381664439977,-1.2990513119062037,-1.2473173169008538,-2.6161327177328926,-1.1185353697917555,-0.510705956758784,2.6771808543303934,-0.20149868463566478,0.32266222649553145,-0.821912989279463,1.7378308358428651,0.10362223122000236,-0.04747055246118079,-0.19869696219789007,-0.6949526759434194,0.6809596981873215,1.1593699311830368,0.5055418194970251,-1.3717591532472775,-0.061551176535415385,0.5200679451249517,-0.40161640850969343,-1.2770962209407333,1.3048371590284957,0.4177018794168027,-0.061543196538805384,-0.5025933821848592,7
-2.0803184651090874,3.396266337676868,-0.6179067586482445,0.37544265357044665,1.143616622145425,-0.8353496402563849,1.168642625585313,1.0370709834074685,0.7743895846760059,-1.2823771676942863,0.8408789965618882,0.5688725508703283,0.016047192316299603,-0.2394008301981132,0.41436427953912675,-1.3921935974838335,0.19728763806371713,-0.3024549407539307,-1.0381588803321848,0.6840709341299117,-0.268848711374287,0.7740259680586545,-1.304791168051757,0.5262458308031461,-0.651832997240876,-0.8293661330628573,-0.11156785670287984,0.525132392685402,0.10999190219457332,-0.2693641043059581,8
2.836862581909713,-1.2216056003947062,3.5315338017596427,0.9311306963978078,1.6834402020855213,0.6247414184406441,-1.4849644316815405,1.9063323668113787,0.3184699613971854,-0.00041314711534670565,-1.0356436219212752,0.0055317645807004745,-0.6535939200443356,-0.6720437552290159,-1.6087593787695296,1.2016595610924345,0.5065665435317644,-0.1269799182741557,-0.5021741525156351,0.09356292552897667,-0.4342855459712144,1.088043123448356,0.20109674237758793,-0.3761807527633654,-1.2305113306819861,0.4036465804647018,-0.37107374699441,0.22322515829758527,0.08142274805857029,-2.1738947817156467,2
3.5239754435869077,-2.236514381146323,4.037424406814452,0.8112720958377775,4.74854988841814,0.7067905062704128,0.7082037044047873,3.6948365734469344,-1.3398103333161244,-0.6614465381052943,-0.7323426412610878,1.702664464913578,-2.5257975709491927,-0.016767638574438255,1.1923455643642742,0.5258526490351091,0.3842439861568304,0.14859092417338293,-0.3168533950664045,0.07679452009412749,0.2665126441971879,-1.1926427955104195,-0.33743144181695456,0.48502330110044634,-0.4509334597493526,1.015670934147469,-1.557548913936243,-0.7656872337377921,-0.18053130484022473,0.17045376241250648,1
3.2190540460335715,0.10892610048640414,-1.781303170648819,3.3482605390699858,-0.3690432867765918,-0.06110944732602089,0.6047808446394269,-1.2323605675991767,-1.0603073566552395,0.1228924263050286,0.6419535660835031,-0.07886236759220647,0.6086778724438988,-2.0860211169716827,-0.6275660010251772,0.2743954443700757,-0.7122912766987636,0.15484267851605654,1.4019989328218745,-0.5599637247737006,-0.390129477911097,0.48147858406467164,-0.0864938454715218,0.05701414974769603,0.17163522107918913,0.27182494816429054,0.6155511040449743,-0.18907026759737874,-1.0703746260107811,-0.08652068962369963,3
-0.7278618472961629,-2.6095187712861962,-4.045905019092716,-0.7867044092684161,-0.3548441379306955,-0.9762089708346312,-1.2102226011966792,0.4034659255627611,0.03585688063183588,-0.1304947772365589,0.5242552073051996,-1.684394854562472,-0.47940376611602264,0.5906718929378723,-0.20899028435333936,-0.08489305297763369,-0.7834047807638006,-0.03619014888872721,1.1293363104587357,-0.14994250425151565,-0.4675233071755285,0.7172976232610571,0.15907494772313724,-0.17100343582792438,0.8342686234541692,1.2401440694614332,0.29166870524579036,-0.19764191928338976,-0.11524727815845802,0.39504605476472693,0
-1.731244757615357,-2.581557093833811,-3.98148909907928,-2.0323450114434682,-1.1859772558728248,-0.14930685874478516,-1.1150692903586663,1.9302062186701234,1.0457010306269061,0.8611222051967811,-0.8795484785319267,-0.7233514894348295,0.7910851856744883,0.6456215023279758,-0.02182787632197032,-0.1797030344199283,-0.22566053073772419,0.024063320470664423,-0.17721916252691652,-0.4284241718953482,-0.040143969716124585,-0.25070696951788146,0.5800773532060091,0.7043665377476952,-0.05581500449202326,0.26304241910768406,0.39851350820186116,0.14754487816534775,-0.19402537823183263,0.032796161584632486,0
-0.5403480958513166,-4.492873231601993,0.7588980442506932,-0.9912559903105999,2.024578990597476,-0.5147613705973082,-0.6032038530866272,-2.1378427076201985,-0.9185281173089059,-1.421748523396685,0.46619358195294897,-0.17607347700438594,-1.3310449312359343,-1.3057563386144955,-1.027875352512829,-0.13535246403941573,0.9698492930272073,-0.08397072915600436,-1.0013962468392048,0.06258732368020309,-0.30764487926460005,0.32077353208919857,1.2340239611474761,0.47616122832057656,-0.7165328217019742,-0.15285258975096436,-0.5569294990435364,-0.7097978380109411,0.7303360952993799,-0.39402306241992413,6
-2.0720447791259557,4.971262041779563,-0.5535532263180725,-0.06409095254412332,2.557135275688255,-1.0988632995903587,-1.6735060130756465,-0.7436699404035829,-0.24357274030014317,-2.859429256254856,0.36226688536460916,0.8714583494606069,1.5786749107721045,-1.1638990671030784,-0.5757934375176761,1.1142300973992845,0.40644227619024786,0.2000738244621968,-0.7071254274679333,0.5006793786539147,-0.8116529512540371,0.3075309105238212,-0.2738878504089634,-0.8408341294740591,1.2985151384252596,0.3957568563848045,-0.8066414160868899,0.6668788582271094,0.1901146808267416,0.5229915050843779,7
-5.33289388933367,-1.561798367993711,1.5977339965216828,-1.6345932283240063,-1.5560866365916495,-0.03784001872392976,-0.7480113564454998,0.5004521582081923,-2.442732891074716,0.29774682992721885,-0.9398908287558825,0.1858533791138848,0.408415311423844,-1.0953946521645082,-0.1978799601818752,0.41240808600113066,1.2526718709494202,0.9856768103394843,-1.3191942869909536,-1.9007677103059546,0.5144231817573746,-0.0006820298315556061,-1.0756197241185141,-1.374800742708433,0.27613576653779964,1.1038596773585112,-0.36925211350855447,0.12557314976864312,0.08036923245159937,0.31636704597334575,4
3.179314834620957,-0.3760647861444921,-1.7498196743803915,2.367771549194282,-0.338616089363574,-0.08736734250370908,-0.37781807680667556,-1.436409197749325,-0.3937239035207474,-0.07228890726328872,0.21004313866133198,0.40920766542756837,-0.23268524223330475,-2.5422547706661174,-0.2804470091535448,-0.5299126237811106,0.08333908978150002,0.3367498702247519,0.5815918798074927,-0.3105037893968233,-0.5944502614277892,0.7929160780332356,0.4461712739220509,0.5887696613972908,0.10738394044001304,-0.09183948735233584,0.5688102801542314,-0.26740605970133957,-0.2055039493675176,0.16099587773429502,3
2.4899253587987946,-2.4856156474992126,3.9214840918788756,4.566787650913882,4.75441548405396,1.1652408746435845,-0.28884762980344464,4.813807549009037,-2.2561183824144004,-0.5462355269454343,-1.720431851748361,2.178470665760256,-1.194017025976326,-0.5831174895557198,1.4061844067903866,0.5676525574161644,-0.1811186841834372,0.31202693159070893,1.117960046457164,0.44773360038734505,0.9891574765495492,-2.9316155239718364,0.7194789693475634,0.48880667414230183,-0.34035431880965145,0.7498434120845072,1.3478772942082744,1.6051216139105424,0.6791404445342903,2.1526688828963754,1
1.3120014235924709,-0.6120059190111056,-0.4677368083424939,1.5794869643862857,-0.018557346099853416,-1.5061695409417093,0.5256493386555445,-1.1363078350454552,0.8124125519415972,0.674334413159948,2.041029663008001,-0.48225635782442466,0.4368711636640175,0.15948777416934803,-0.7951472555254604,-0.49534744717068324,-0.09987780529603324,-0.3854174912108745,-0.7481906904956698,-0.2866336797254325,0.168267853198109,0.006630264915438101,-0.36031105731082663,-0.08206679679612146,-0.009399061431993979,-0.6469404175868645,0.2535199389847137,0.21011415750975695,-0.4231275496283088,1.3415155421264724,8
1.5096959441588556,3.052420759509046,-0.15695541106150243,-2.4085499943351074,0.7998961127458278,-0.5219939253583493,3.996896366930221,1.1660888779666203,-0.6780239192843931,0.08014700314405555,0.5823371350302781,1.4816958234296602,1.1643546796126367,0.3019184732406895,-0.1696621650999899,1.9435505953212047,-0.28713799693761444,0.10016031789342696,-0.22022191324887355,-1.141926600035123,0.049185876249568196,-0.3121662533694841,-0.4876247717868808,-0.4101225666589249,-0.4802193081382516,0.6859032015456199,-0.9206688472555687,0.6665057476423227,-0.4588032713545272,-0.783217270176255,5
0.24887762341323585,6.340049283645596,-1.0214240270416872,-1.527661833071255,2.6973175589653184,-0.679955481442275,-3.0186356428815975,-2.1826584380681693,0.23043455725270046,-0.7452384421803933,0.1624825023877682,-0.3173000460172094,-0.24775874409990892,0.9979942951405734,-0.428604768001742,2.222278968983105,0.06507082323493847,0.439140479042669,-1.218427145720292,-0.3529371266379119,-0.28562813489303335,-1.9731446100315302,0.7241681402245669,2.0966412898351137,1.3137455737370816,0.24211553229728605,-0.5727895694447379,0.4829338300740599,1.3616008239713666,-0.33399727256858774,7
4.173978404887261,3.7062740729503356,-1.3159321217364286,-0.06205054519891121,-0.9848014665637116,1.3707076525414121,0.8199084831172685,0.4200061776596629,-1.0648691139888862,-1.5202807286987348,-1.3799294167036071,0.3762662287663095,1.3312841935457476,-1.433339247678813,0.3548510306444819,-2.1734260539296475,-0.08276036851341435,0.048281609173532615,-0.2673633575431192,0.26501113728465947,-0.27836079648039236,0.916502963864077,0.6373065691286287,-0.2622167077788586,1.167466002286996,1.1608988316001614,0.5083807108207113,0.25312480137226157,-0.16530971511286707,-0.3297353485716495,3
-1.201946744463972,3.610596640382891,-1.2176189432793036,-0.2077782495863702,0.44161111142664383,-2.46385450547185,-1.5778061203868554,-0.007610003269857242,-1.3331283470227273,-0.40438857164258424,1.1532864140140664,0.6801227914009889,1.0031068409516894,0.2167326550407733,-0.6826563180879958,-0.30979325882666875,0.21142270610960087,-0.3576546783530818,-0.30654903915952186,0.290785260264664,-0.0017476601451995551,0.3223919572946652,-0.19572775002631454,-1.0694364092091686,-0.3389009799283305,0.21908176284626088,-0.03225804356888091,-1.0473593773406666,0.05957290214176544,0.35225328946403506,7
3.3749008945813084,-0.01709645441243441,-3.9836722042940256,2.0808546813460964,0.05473942423302231,0.2183222166848214,-0.24686182845096116,-0.9522096372855845,-2.2356864908503766,-0.5673642652266337,0.21854719913981932,-1.0804066755722133,0.42912828407834286,-0.816269828546445,-0.5186402560121175,-0.04141787229876882,-0.5829903033402459,-0.12215571601001937,0.7586375194862162,0.1663965349043582,-0.9071546888651693,0.6189778204823462,-0.1980195061669222,-0.3080036840813884,0.623044873745341,0.614524627242038,-0.8647267605314978,-0.44939549118079236,-0.7810758255170239,0.23875719067008105,3
0.9803768338786296,-1.6585831390143482,-2.883493743646475,3.8497703177016103,0.16141263711013845,-0.1515636183461644,-0.792175452080522,-0.5461196718514134,-0.5948307885664362,0.8901090594441516,-0.1267699864714003,0.1105757024136317,-0.9633914922977146,1.5602687244027547,-0.5254042218749223,1.0247914713979294,0.30960488893030913,-0.22276385099771653,0.2352062228883206,0.7825552536341362,-0.29275111633456175,0.22443535322615865,-1.1452426711998989,-1.2699372575930148,0.8259456109388912,1.0091572143422847,-0.44540804990610333,0.036823523760046904,-0.24362108595422025,0.17480719135947073,9
0.2038880657033405,1.053162141436088,3.2701571325428644,-2.657163858129679,-2.07533587210137,-0.12405666716922445,-0.4016312351432276,-0.08782059365461727,2.1852145366018476,0.4715851578907349,-0.2908082648222588,0.41564222640261267,0.22166985850556725,0.4969003768860297,1.1887350542266923,0.5757552351756213,-0.43024807471137894,0.5510351880662276,-0.5218597166143456,-1.1870921109040702,1.1758836389968805,-1.43094774877582,0.22017313602805003,-0.2618449464009522,0.3255245484056367,1.4877677274306254,-0.03944198113904109,-0.03367034821115201,-1.3695634135693353,-0.8175359049231723,1
-7.031693469969335,9.654188591775684,-2.668342465196073,1.390322638583335,12.132316853927016,8.204378473986887,-0.49563499968429564,-4.017035233543225,3.559296341828019,3.2520367693856054,-3.2656164163718553,-4.254018445154927,1.276676178926135,-2.204471707367162,-2.181906706576762,1.5509715732842975,0.5011632957381951,1.528913289843047,2.390454231383133,-3.5935013239416462,0.4945878635527858,-1.2223602118180974,-0.4053020458864967,0.9277577397266731,1.7474277102374813,-2.8358441677965494,1.1209362917154209,-1.964895440711216,-0.21663887831426956,1.1358151867595672,7
3.3596835342738913,3.0142200059653783,0.5205475534652627,-3.6355375227240985,-0.7166152057552665,2.1127106975049768,3.686599146482367,0.7195728116557263,-1.3392208209329082,-0.6442882250842056,-1.6825838907990607,0.09459998291748513,1.5840956063874856,2.3081695588230446,-0.6545461393092797,-1.3746832931153192,0.7478731965143004,-0.7524921836531135,-2.6739006821963516,0.5761588171488636,0.29687895247923773,0.23415194623331406,1.4214626095779106,-1.1513950915840783,0.28317149451609847,-0.1418350100892987,0.9787536565008993,-0.06268337931523445,-1.02918797407562,0.3032798383836973,5
-0.011374868936718572,1.113872190915592,4.939402365005681,0.8706814633999516,-0.4456464345689548,-0.14903570445798112,-0.20558970383674222,-0.44539047830995165,0.8276443724269591,1.4283907396565236,-0.3884980197982796,0.42718258752532623,0.3509273420568063,-0.14658464669184207,-0.49084519793051357,1.0321419485556025,-0.21115503498217658,-0.5478622259372435,2.0179544198534334,1.1525196651414535,-0.649352224227198,0.9449791959749059,-1.6244681333834192,-0.6289098917364209,0.3682773274159024,0.08754109152282596,0.6112901685617614,0.8588833173939906,0.2335378626418446,0.6505660352518334,1
0.017138719235089073,1.8149205260581696,4.560071099730281,1.4762280280166626,-0.41750571323930813,-0.28966337386727786,-0.44891411718671087,0.19111717175695542,-0.03584362536958659,1.631216244396068,-0.6265312095332544,0.8916834865423122,0.4069150805400129,-0.6455099817529723,-1.005707896562352,0.9586222097519761,0.5749550428182971,-0.33025535192752475,0.8744567523786343,0.6216690737841428,-0.8553717083039268,1.4370816755163924,-1.265794792358172,-0.7050631452502147,0.06804335080857292,-0.2211916892215376,0.3191002980745021,1.1689020366579876,0.4521619278880166,0.7883640710552425,1
0.5330554657807448,1.947683161606762,4.101902508168275,1.2690080569621691,-0.6488577530526821,-0.37455075076385075,-0.8539443441505165,0.18083184196037094,0.33941579396228216,1.6975147266105832,-0.4640557990712698,0.5063152996102087,0.594406705845781,-0.24950345926942188,-0.9594410850760339,1.025482236603162,0.020938299352605168,-0.3756297492289604,1.6181496080120212,0.7588726309475003,-0.5852120735959451,1.150592389674491,-1.321825768537779,-0.9858813859405139,0.27041589659929094,0.03156068805234874,0.9645997584592506,0.772261613163481,0.15475216510417578,0.25218724177207247,1
-1.8741300584105915,-3.466126722334936,-1.597734181473707,-2.162047318846304,-0.5698139792639788,0.5001492762673627,0.3275880763507668,-0.2748787708732813,0.25365682249069654,1.0033907370139898,-1.438669113673166,2.0721588503027943,-1.7358798814769159,0.3627334024649512,0.7127141510948047,1.5597140410198598,1.7952308071919034,1.0172433505266703,-1.6820832205597047,-0.7923015813391775,0.5080174766196985,-0.6780345024166067,0.0592758995185051,-0.16147685834152262,-0.5182676736454557,0.3460029979970834,-0.182859471938861,1.3170753139893676,0.6841148368140093,0.5969547964183378,6
-5.198798760903666,-0.7827483306051938,1.3092444312122595,-1.5464410796401156,-1.019001304755671,-0.9766362194180979,0.07918037414163762,0.5917617030302401,-2.6992306622137474,1.1834091403693423,-0.6221150732075476,-0.049997470532284795,0.5634690812170197,-0.7432381841959461,-0.4456936787021012,0.01402668860025869,0.8553555194513518,0.43302455705731957,-0.26453083614968764,-1.3882367277445098,0.1480404345928576,0.19862910309959236,-0.8861899736081972,-0.9918849028979718,0.5639459797085693,1.4546447528665576,-0.15639288692852207,-0.08558309614543351,0.28474973743664056,-0.00014402001745980185,4
0.911689516405807,0.4646982375619058,-0.9106714017407063,-0.8273467749121793,-0.20586663598788113,-1.4059500174762047,0.47107447074327835,-0.5666252583789411,1.2684392846952115,-0.39029778713394225,1.984933470996028,-1.122189910523432,-1.5610341951231859,-0.9878604580021964,0.9237678739907426,-1.6655045504622734,-0.462659372309268,0.48242662024325345,-0.4507071897270979,-0.9394949145200565,0.024341386380912138,0.3900557583259606,0.3696160764979975,1.0463351052787335,0.6339862216916642,-0.06951577309693209,0.43452940598214923,0.21478574989613095,-0.5830815127104154,0.6472400840194455,8
-1.9000331032316904,-0.912605081727861,-1.7649757922338967,-0.5314532030481645,-0.10425662452993426,-1.1060985280210325,1.798964449513824,-1.3792792059808263,-0.744399061312795,0.2249640698325148,0.42844331406432423,1.8528432133202546,-0.05188811080455155,-0.3665490021090984,0.7252712815376213,-0.017330744086671918,0.38574939496388166,0.03852601483923439,0.30820365302672037,-0.06507087072173036,0.7094641116657179,-0.8759732962827664,-0.23542159447252914,-0.4496726591346141,0.1298448651113992,-0.3983663215830504,-0.9105067879226639,0.078116374669955,0.8454581756300081,1.2765580169750526,5
-3.0513324713310404,3.404245495061413,-0.3277287555638481,-0.619745305666259,-1.0590236390939143,-1.5105036715350635,-2.495283677321683,-0.48861094270157274,-1.9680575776570692,-0.5691773889599028,-0.38106528874912526,0.32770469950125575,1.7295108925773577,-0.937418625027699,0.5995246275638538,-1.0661636578502112,-0.24537065660821097,0.11865495139098962,-0.3696033971641431,-0.2322494656297396,0.35688621903721757,-0.9438357882345557,0.628818347971683,0.5534585326225103,-0.1737640564912811,1.1254063445165234,-0.2691615629228285,0.01896582405644328,-0.34108266279199395,-0.07032207957463028,7
-6.023030333216428,0.6018926680219505,0.2080831925936575,-1.9849563283932472,-0.49227242486160155,1.4026588952661627,-1.21152439113286,1.0813634869733806,-0.6395353805099381,-2.8015918824900212,-0.7110765290104064,-1.0485322368234555,0.1543479953161326,-0.7396606524207556,-0.1440020521250743,0.7617616130073893,0.9104058022460144,1.44373003351109,-2.5553788255619505,-1.8855289675676328,0.4111095013684395,0.6022764040192331,-0.4433514613766702,-1.0219819450090848,-1.0887924426509392,0.33113529648958784,0.19005254218724515,1.3734268064254296,-1.0316379291780895,-0.3416397091325977,4
0.42454056136797613,-1.2129112797628083,-2.780420759690066,1.681342819087257,0.11819952556789022,-0.3953795523248864,-1.8596195078426578,-0.9201441508812078,0.5132908248508817,0.9509318450974819,-0.1144478914740698,0.5140470614138425,-0.4180860769200851,0.3648536101868951,0.1899680403542628,-1.3894250025372699,0.8535208041523228,0.04174162515076826,-1.2980836324306433,0.39029726033412165,0.3217617583601215,-0.8611038839036539,-0.4446338170067065,0.7532182615727384,-0.23885927256414397,-0.05698643927956345,0.5945019904405411,-1.33092906142073,0.18454586047887525,-0.3634777707743065,9
-0.3137285307435469,1.2756283726781126,0.22179299180702014,-2.836618340687347,0.4116589741457481,-1.085592493419877,2.8419920706357047,0.2998080331201791,-0.8022162837072377,-0.10142428844700037,0.5131756178781615,2.344071844748426,-0.03184310038852153,-1.374079893619513,0.6966628885269069,0.9563368855270362,-0.26163718464317987,0.3427527117286305,1.0860699775761837,-1.1340904848243374,0.7015236945691298,-0.5702918356557954,-0.12209666810400432,-0.2232388495693656,-0.1553905311316942,0.49807863435716476,0.03355910162221399,0.41648667454896426,-0.17844634827342074,-0.8452755453976775,5
-0.23260671833847332,1.6744431114978178,-0.5304772737210208,1.8487900042910974,-1.3418295100417104,0.15555614430974554,-0.16682696578263642,-0.7997105401899012,1.961141977159496,-1.205342737058993,0.23389699323692134,0.08151954445233113,-1.8310569651774542,-0.014775493131957189,0.5489627363616656,0.1479683215013242,0.5911330565153874,0.5488628446639883,-1.0468358175893657,-0.25124700980505565,0.09725374788367731,0.6641072443119445,1.4116887271987688,0.4791965526193085,-1.0775063567049241,-0.12228052182117886,1.1888652523421934,-0.8343125057423378,-0.36702525399767544,1.141819430604042,8
-3.8785531815295986,3.435080952101913,-1.1722037234374822,2.6477070550414616,1.393779335313468,0.9952277284415266,2.5965286874575244,-0.6224836708621965,0.1955391046827567,-2.154847026521224,-0.4277808219410322,-0.3427877782744317,-1.9651008417680325,2.4076757980345604,0.3070918895426625,1.5355349229844348,0.6459506172408164,-0.16872432029301399,-1.345640908215738,1.4149181858913449,-0.6460085850243271,0.3137218583524573,-0.06300257565559518,0.8896085658510772,-1.0354798370709561,0.7897226960747146,0.44694768887685576,0.7390974843732793,0.41159394821218537,-0.08103726068741561,9
-0.6702299774470409,1.320692620336972,4.649116112787206,1.924354665373753,-1.786817463580231,-0.04431531045072969,-1.1213390428854764,-0.10222131000743266,1.215222317032714,0.712379386798506,-0.30082127920361557,-0.8887021794961638,0.39536070437245646,-0.30799241566905267,-0.08418099272164525,-0.1903669082126924,-0.32488929550787754,-0.020134837506135636,0.7109942611912982,0.10357307791685899,-0.27481441588189714,0.5798467428089347,-0.6950482758333466,-0.38809362251440466,0.798897581697184,0.47309348532763984,-0.1401608849935661,0.5841072257372912,0.5381567501776713,0.41065296166048176,1
-0.38655100937289816,0.23546444540948888,1.5797131306060315,-1.1218651400187039,0.6185970637309292,-0.557348530822282,1.5295453936990013,-0.5247955268976099,-0.3247164218890263,-0.14813604213703002,-0.36055575576995613,2.0457494136034406,-0.4999547697088328,-1.8826514653770143,0.7534208832275513,-0.1951158625294058,0.07603729984387339,-0.4088113354362021,2.5351130795789696,1.2272018737098336,-0.5972287213997063,0.6111027373966362,-0.3203363606365699,0.03309367012683974,1.140742753493086,-0.08434491293471204,0.06164618767082629,-1.2512008061839464,0.5517175621276901,0.23071617940213557,5
-1.7776679607705301,-2.9080467324427643,-1.8165878490477887,-1.064111946898807,-0.9724840925256877,-0.5213495694900236,-0.3884678786455695,1.151753007055617,2.192954192226363,0.7138878244483337,-0.6848762589968187,-0.35266345341555067,1.054288915512965,1.335870657752816,-0.22078325383200761,-0.0783973086176518,0.041674651994441446,-0.5543636127265266,-0.760735516250897,0.48250245716576434,-0.1867917194734645,-0.5381353062360623,1.0096899412291687,0.4509969714050435,0.4755546622021953,-0.08454908760741792,-0.5487185252128898,0.018413486026994802,0.10944673021485267,0.3577606739636098,0
-0.169070769927164,3.8201186923390242,-0.4264172232311135,-0.9621623700304661,0.2385978855781649,-2.4462181515186896,-1.9417636013648123,-1.4556248915693426,-0.822085811789625,-1.0374383456736038,1.0954073237706858,1.1928635690443576,1.4835114900780195,-0.05922918326757336,-0.49799573928338187,0.5264929740480835,-0.053162966911775536,-0.11902873262463082,-0.786397813294266,-0.2478658605621507,0.5388921416848266,-0.8605919571240537,1.1951122784727912,-0.454141164420113,-0.9181058908536645,0.7081741657183146,-0.728326838812572,-0.7192607527465111,-0.026179233412873114,-0.10663683352959785,7
-1.3850742872416115,1.3047930864765402,1.7675325125929877,2.953924553450025,-1.374205347941232,-0.300363447745011,2.267286473648485,1.7423570561553865,1.3715646360844584,0.5067446936131247,0.1640807936542535,0.4117876893179531,1.127764798045727,0.5594858105043158,-0.678085410034016,-0.4485294833687845,0.18190201295651132,-0.5690448238207028,-0.7629639359403682,0.07412745302309698,0.02106578120820655,0.26308662410831724,-0.04147305838695515,-0.78533435457664,0.5810437976505163,-1.0932402694243764,-0.010993816515319693,0.11116984861155783,-0.2135960031988998,-0.2406747870826196,1
2.30804021247993,0.9640551991084326,-0.7907262768854261,1.5122837975120902,-1.4184983770237292,0.28779274901614815,-0.5736067539864783,0.30064589163251215,1.4684154725842833,-0.7482625252855244,-0.13257878723842315,1.2562092771338358,0.13090548386241074,-2.271964213183327,0.49744789666683886,-0.5513502928934638,-0.14445577034162077,0.6937795395968545,0.9115096847556315,-0.4816178545866191,0.31981162820581654,0.47554195056465054,0.24419755452899258,-0.37336893941084476,-0.02921093481026848,-0.4414731314659693,0.7804003371359991,0.07713083901484742,0.7342766418536681,-0.18721935023102296,3
1.9366751881730058,-0.08227048158361706,-4.001353844689479,1.6298919978682065,-0.3567960260611036,-0.3969107790607699,0.23818395401694678,-0.12666211319565557,-0.21834321362883388,0.6191707077666312,0.49658883160414696,-0.1981021526458358,-0.5396347813551672,0.8406607089477645,0.23440219623666456,0.741692351731483,-0.47033062445436546,-0.24794484092817887,0.9668866118186678,0.23066035778770644,-0.578421687712646,0.41578269787000605,-0.9801679332499966,-0.43832765100082516,0.7023321469245627,0.8901028832670181,-0.9548224179830517,-0.4606884605645633,-1.113844831902026,0.890985157546069,9
-1.2434940868692224,-1.2339205389864545,-3.154215676846536,-0.5680784245863482,-0.5334535726631243,-1.1418686886568203,-0.27495324652926445,1.4624110591934487,0.5572764157192592,-0.34804126196210006,0.4675007923264375,-1.058000615645655,-0.1570810941943885,-0.781128709056733,-0.38281614887153476,-0.9607203643020137,-0.32238842492001335,-0.05030201145921263,0.29020812170998594,0.013965588450178189,-0.4009595751365514,0.7175639737405605,0.8412520095455294,0.014152193287892217,1.2498833274298762,-1.157700425446117,0.681608098549272,0.8407717803299674,0.7852670820056123,0.4921712859776068,0
-4.963871313880216,-1.2380348619776311,0.773053193413633,1.5995200700634,-1.3859835458663112,0.7095325291425649,2.4646729497369124,-0.7266568816361103,-2.1763399489049884,1.189326619693457,-1.3575982326128528,-0.202503708698525,0.6056577493289262,0.004524217417473742,0.20574788584259138,-0.5200961630652204,-0.1892787894043926,-0.5836399240057659,1.4157712163070129,0.5190932463740893,-0.2376986859332372,-0.8166995738624003,-0.5054418905343135,1.5422404985163243,0.03770274396949758,0.15706641922437067,-0.6364532564481845,-0.5075966810054036,1.286610297172527,0.042308155828837284,4
0.059814045525328007,1.5691974382162508,0.5790667487508175,-4.860750225795091,0.9359368410569257,-1.4547719097015752,2.0871288902262126,1.3280615547926018,-0.10047564768207833,-0.5135705924229416,1.0757945068202124,-0.3482702329181666,1.1312027148697847,-0.8447553148036367,-0.13533333038746637,0.1371290779232549,-1.3196709794805568,-0.08175212233932018,1.4758930775006267,-0.8328054879970993,-0.14559398308444718,0.24922162831781505,0.352619928783894,1.4753847979073917,-0.6607865996062463,1.3512437705572844,0.30667550183705017,-0.6546141493401236,0.957029142868623,-0.7762456293475308,5
-0.7674255733112533,1.4537775182666317,0.12637812078408156,2.007392889737699,0.03312470875050635,-0.9260886428270053,2.146029931115889,1.850265514954083,2.124724604041951,-0.34941970767284464,1.3428472641590155,-0.03842266157905225,1.4975679778836923,0.40754505429824794,-0.1845738463337931,-1.5251485477164304,-0.016137486986227318,-0.43457384417871436,-2.0764618299293613,-0.10979362529066926,0.1858214594783926,-0.014984663159573851,-0.4546798318885351,0.34411898894919885,-0.04614675215174206,-0.33096072819742706,-0.16126295228218154,0.24845439335947306,-0.38515067765850364,0.18820355702342006,8
-1.0076712405352932,-0.1508254818304733,3.7798150500941143,-2.398428775534828,-0.9026586687154137,-1.4530744663055015,0.7148537434928622,-0.29917818493479137,1.5936171258669345,2.098378588436871,0.6581791289954398,0.013184076663426268,-0.44426308101656153,0.9288658605090188,-0.0929138198395263,1.042983069377663,-0.29435532530472586,-0.018595490381911103,0.5351085072695629,-0.7104414553210138,0.5863567140177461,-0.6508879160842725,0.0793250157832876,-0.13768521236148037,0.5312116256011752,0.5858680939968888,1.5299161503505254,0.7792200650391842,-0.8811804856062717,-0.3340909866523996,1
4.280977948037027,-0.9081728469697077,1.1887646495309332,1.414915478750011,2.860508572031519,-0.13539884907269154,-1.3923527848048467,4.78491826431077,-1.5605530387856652,0.13152581803169652,-0.2171568610708391,-0.12473967341993017,0.40306438873452316,-1.2015661285012333,-0.6484074560929068,-0.6782779327051205,-0.5318338143839244,-0.12203405007635226,-0.3085686036202914,-0.770909644016892,0.7340776861726424,-1.662217525411988,-0.18941456147882232,0.20130488798524,0.24963238150005115,-0.10739333053975163,-1.0927324166535457,-0.6323691668443769,0.5775027389232948,-1.3821417780628609,2
-3.994289654020933,0.1637012073551467,2.020835786099501,3.479737117951195,-2.887615046947699,0.9989487975544662,1.813262850908235,-1.0829759544294972,-1.7278334268768025,0.15270362052071543,-0.9915862208271635,-0.7871797989728556,0.8226721577629765,0.10278497176131486,0.011536443682515564,0.5189537102508288,-0.2379432983065944,0.19413042530162675,-0.10006704059238235,-1.0354670940357715,0.3436036148524778,-0.6224552256065461,0.3973328858407653,0.5610372864486487,-0.33941514033034886,0.9808502018799446,-1.531830379767001,-0.8644652421326272,0.3428045259319787,0.5690927289861808,4
0.9645016395296976,-2.1255426598247222,-1.8129405751640442,0.48946276159347707,0.1795257038784175,-0.7767045822567479,-1.0585279780867087,-0.19288849587944898,0.5642928962397062,1.1755680638243107,0.8557412843091353,-0.6404846895902515,0.5950837934337347,1.3318930123536865,-0.7168411510789291,-1.234566875798953,0.540720651350467,-0.07891907011611898,-1.93635253180598,-0.48283600130115,0.6143252692992917,-1.0498282765215357,0.0847309624839093,0.7615503827971984,-0.6317516176553604,-0.05244170037223588,-0.006835059020910782,-1.231673002826361,1.2228722734874415,0.18653571740634914,9
2.6079653030497516,-1.4890980584964535,-2.5567652911039134,-0.9742388115011031,-0.04717423900201494,0.9083119553270727,1.8057060680520918,-0.3860473310429492,-1.0068047005477596,0.7790041595580098,-0.42945064277927014,1.1249009688363494,-0.5366930489310255,0.6708007094819873,-0.4202957125420902,1.155258534594768,0.4569833867016703,0.1982605746314529,0.2972889277175247,-0.06284839693345091,-0.020012181252423787,0.20808407738255189,-0.8415761159264344,-0.962943968924754,0.4087896401939077,-0.9950471671858581,-0.7492220110488759,1.4033539100752555,0.6675625923150166,0.10056511213793762,5
0.6205780294463304,1.585785425131776,0.5458119192391848,-0.35384656426764016,-1.501468265050915,0.04916095617039809,-0.3505837625251151,-0.07426027349856208,1.1679997252609422,-0.910930212320516,0.18161167140948112,0.5829061641800272,-1.8993497872386966,-0.5772749371024511,1.0385321200989277,0.19040063198302118,0.5005465385528377,0.7304980098110414,-0.5006204220902989,-0.9578895707196271,0.2859592425919323,0.5489811526263932,1.2906728130857386,0.022236047520318974,-0.5518665246884512,0.04139981898930581,-0.07745945759788704,-1.4853568600640155,-0.18857722641171218,1.2873274765486613,8
2.9125059520634444,3.6417062597018433,0.033485913223504964,-2.4193694645800825,0.46957275468615217,1.9960742051096303,2.808989457055344,-0.062268642110722944,0.16213423417966927,-2.541966505218728,-1.0779898036541211,2.107387445778774,1.7769110912943575,0.024540937469924806,0.4685098796691851,0.14193676777349695,0.1588139957180633,-6.877340685235853e-05,-0.7369742620858545,0.5962102188331823,0.6000286870979172,-0.1889250104599113,-0.19657895952516552,-0.6184111580628044,-1.2659989257622684,0.5362049352620553,-0.03638750726881695,-0.5787522215390887,0.011765616102911209,-0.5463735236544442,5
4.50152217546034,-2.3325488694207905,2.8083119742832827,-1.2326076968857207,1.8179946097830073,2.40250142595259,-0.011052839014938847,0.43949259097766646,-0.530315538585363,-1.1933486167884684,-1.6719286348206022,0.07849322535943754,0.3352871737940725,-0.21425044298559665,-0.4392986536424949,-0.5713691808274093,0.868692993552166,-0.08034287163842789,-1.91169401949547,0.32724997973521697,-0.8633453862287286,1.1851032699704676,0.4888341440970513,0.3169609939180085,-1.0454993192138948,-0.15318264611037785,-1.3789231386711733,0.1391535246101833,-0.9725839798266105,0.24089180661964937,2
-0.023948420571162716,0.660262219718594,4.613976695293899,0.2117886350025625,-1.0640284738626637,-0.2639550020851347,-0.23541315144030847,-0.8099654503970546,1.8312336008273702,1.1504564700303055,-0.2153455600945846,0.0892646658576976,-0.29844863280312567,0.49470278250019817,0.11423172878981569,0.7130924037139489,-0.14749860345723736,-0.2699313187510587,0.8798712419352066,0.4857408521943712,-0.04533952214733423,0.01718667274338544,-0.2575892475244491,-0.12631783141850822,0.3665035539431447,0.5590602000896306,0.44198632647301017,0.35300595068286106,-0.06138239743265332,0.05834132378537809,1
2.6551997603624224,0.13212476285597818,-1.8686040951463037,3.2715568112142215,-1.1919654567415934,0.7703380280322664,-0.6695365964831446,-0.13681698403239642,-0.372669474273842,-0.37222521260334906,-0.7793826683060218,0.3363066749287946,0.2610759055250042,-1.700760432349281,-0.7498186837520445,0.3261281237798418,-0.32823055254632594,0.3057183610683877,1.0828919528982743,-0.20867358435221264,-0.20756423072628388,0.528630785211003,1.1466498173629496,-0.04866994731285388,0.07988329732345,-0.41344822754595895,0.6300846944272633,0.7353588561764213,-0.012723582286009394,-1.330036840708965,3
4.02372283537075,-1.227765538169361,0.34922963998954365,0.3810946314660329,-0.3896671336349682,1.7454365829913225,1.1316605995393099,-2.3466422706195145,-0.6848783328017007,0.45521485231780295,-1.1925138950393148,0.45167303862810043,0.11896012114260245,-1.5706785096745903,-0.0021241776629115925,-0.5937452956797001,0.06552910449551064,0.04052753499714219,0.5735283899963711,0.2846579156502344,-0.25277728120105436,-0.31144294222541424,0.5938589717235006,1.724616735985707,0.09850953765156155,-0.06864377736116362,0.6922988875326244,-0.14049932267161253,0.21256599748389413,-0.0024260608532801894,3
-2.6732723851530853,0.8953643757391848,-1.878021610134322,4.216014256994506,-1.8233265945025336,0.5290177813788455,2.4280402498746367,-0.18303399594515743,-2.0938294563536455,-1.244703842749589,-0.333623151715068,-1.3401416581822485,-2.539880087562993,1.0220185162457613,-0.14243245958370002,0.903279259572174,-0.4774992185876783,-0.39214182736036474,0.42749485681560057,0.2190682368244188,-0.559368674035486,0.0816305637099985,2.652119459893547,0.7652570612527891,0.6676413006528672,-0.908062319520382,-0.19094738933842612,1.012366280890172,-0.1299634834589774,-0.32972547703867666,1
1.0878054073550747,3.360996179063616,0.5930847983428796,-3.0871104897574497,2.0493679663637727,-0.6414950333374987,1.8798153151396888,0.23416819868300526,1.4683563805037276,-1.3598153435961886,0.6592369724559853,0.8764858211376326,1.3702940636382186,-0.10072245723572616,0.2551545065718518,1.4947176830838147,-0.9609473939855167,-0.3658585598239152,1.2149093120096293,0.24302853460400897,-0.36803452242508317,-0.4570906476138437,-0.5455114631475666,1.2850149394317556,0.13313743546997026,1.3362129639466196,-0.5675749988376986,-2.0742212570177143,0.9229256579432606,-0.19358628459586716,5
-2.7166528338145732,5.4154729407257145,-1.316150603645528,-1.076856070106129,4.549306830886569,0.5121090126053484,-0.7829879281681773,0.33549539939561485,1.6167190391344646,-1.3202107682060145,-0.423803183120436,-0.39259662313290167,0.39475602450084457,0.43243243466534126,-0.8811891828304154,1.6168007009221177,0.25020012692519505,-0.03988908255032681,0.13720260529033623,0.30017202544058263,-0.6432164397422769,0.45322585935124554,-0.30977563115349604,-0.31827480347186626,0.8390900326250359,-0.7313583652228381,0.8183556686149235,-0.11166885169055822,-0.9692209841639956,-0.7766118142805813,7
4.733445160912,1.7253365526009532,0.7330002001359679,-0.48657780901360875,-1.2803898022941744,0.6643309030178001,-1.3229278695558935,-0.9168043865880797,-0.5007452955357972,-0.14696038860126232,-0.29660789138461807,-1.4302814718714458,0.582564869645663,-0.592204421441698,-0.25597226112529137,-0.918689655225882,-1.0630620667923467,-0.2638962374407495,0.7116460597611909,-0.09272243223047545,-0.5423889900511016,0.5963916538827472,0.5258375198362668,0.31595498896614715,0.09602498037348207,-0.01188605128437093,-0.9546346324556468,1.1661753071471694,-0.367515154742735,-0.18074077579330536,2
-0.28199945853799274,2.903331335646586,0.36986448623125345,-0.7899629297999111,-0.37200406159050625,-2.045505353313894,-1.2834531942619962,-0.9780441989003678,-0.1373471583103625,-1.2726659547706665,0.8613055303468163,1.1651618931898495,1.2666146584202391,-0.45241170362557737,-0.2745728154628921,0.2844996804380138,-0.29329728959342916,-0.35458547016439607,-0.5420454896292901,0.028089212261107988,0.41569590085519814,-0.7433443103595546,1.8241069459753831,-0.6708565119472102,-0.0869990842111,-0.4502564134381285,-0.5644008260593095,-0.3468066849645251,-1.4800493884587673,-0.5191079516758006,7
2.231143826326033,1.9411889858778757,-0.5930455187756175,-3.4110622617996977,-1.4435201872554158,3.50618596325489,2.0033394956562005,0.5164206457106791,-0.7421578780995928,-2.8921295854843745,-0.7942643462423912,1.9199354556948427,0.026380151429654036,0.5193854303692155,0.4008053365908352,1.1058967320208288,1.0380468607466706,1.4362951952703005,-1.273500163078884,-1.3765687338908295,1.8521114349796317,-0.3585951916058715,-0.310345772318309,-2.428623038167535,-1.2243647903320245,-1.1422715021604897,0.5747398766768619,-0.23318374860912744,1.04161549941546,0.11657322669733014,5
3.775372971646748,0.19697190164917583,1.1103341804057967,-0.5453170472233339,-1.0692746899773355,0.20796567184645237,-1.2036114624550016,-0.7507159742223569,1.3535738243993987,1.079787555012613,-0.4019545099829887,-0.2761802304449529,0.8446002317685345,-1.0361029148806458,-0.47513470115946416,0.0797338948220895,-0.6689681373882337,-0.0916658581907828,1.028140441228923,-0.2215954310191545,-0.3222356111212426,0.5675443648223694,-0.017928398322067586,0.7008925634116263,-0.44312955622700934,-0.012719759063465305,-0.05109292054491065,0.2550504536299736,0.04361908149044643,0.11152904101958033,2
0.5733013369538765,-0.8405018123327802,-0.5432124516799643,1.2704489354598787,0.35309716317497297,-1.1938470068813583,1.3847292640767186,0.950673198716147,0.3356223122026707,-0.607156932067235,2.369624162372636,-1.9169232988508702,-0.440252025428629,-0.27991109988444374,-1.4469395828082385,-0.4640573592981256,-0.7700197424778771,-0.10477189097400653,-0.023243070017063838,-1.018258726122619,0.21202068805347457,1.0454336709110108,0.3424604122029386,-0.7342859981969703,-0.2844401664334962,-0.9428024142504633,1.319283354782739,0.47748438698927276,0.11725514263240576,0.08805011169644249,3
-4.295861135468165,-0.43473921641648233,2.1852777404118697,2.2651520887220964,-2.057124509015617,0.7412259791023306,1.4497190703932463,-0.5514123132611836,-2.1452261476760723,-0.12028652669478263,-1.0520008663682756,-0.6317414920144693,-0.015376567811483425,-0.9567464615228275,-0.02451485081297612,0.16712828783947709,0.3153040807719358,0.2768964118992855,0.2447808155581537,-0.6680821827302232,-0.19880510317920438,0.3450991485677808,0.046645397679258405,-0.19510351222356997,0.7379234277253723,0.5762561770443547,-1.0161787573789485,-0.9346193210662761,0.2563497198823554,0.6465001129985406,4
-3.954740372503523,0.18319113324875425,2.9594218858980503,0.7436106522255326,-1.6976878116708543,-0.5931511103047853,1.4326452045919909,-1.1003083916830447,-1.1334708202065453,2.0459199039857126,-0.40009774481424254,0.21153969878890927,1.4247831567796605,1.439909064481464,-0.5328997279982807,0.9177622366634621,0.07785925731865845,-0.3988019018001252,0.44627741903033713,-0.4716529402317514,0.6495923901385388,-1.1325961743144997,-0.2229502566394146,-0.4815163677601794,-0.39581364544280495,1.0511841800875106,-0.0007340882933451443,-0.32583329412184775,0.022062573084576792,0.22614293940834196,4
-1.4526042383398223,-4.447120766959972,0.9006484094594992,-1.796788566479327,0.7850110361827423,-0.20618936488165185,0.11247006152137189,-1.6025062325287367,0.7359181433777714,-1.2828518153403514,0.34313868267168957,0.7440026398711631,0.2814337369701942,-1.767123191169584,-0.053144751324848645,-0.4035712120686372,0.488147427588679,0.19930055505188207,-0.3921978364961747,0.006955858822185772,0.07574778534954191,-0.13035690630427696,0.027069418466300087,-0.23968990815079938,0.218752233664805,-0.2825828941830752,-0.300847086829847,0.0644982060982542,-0.2234179963436918,0.0494503245772303,6
4.596578474902158,-0.7602576300502374,2.561235450826778,-1.7351884666941886,0.4884200242212599,1.3103752982848165,0.48785688731507,0.28328417690480967,0.7540221817626509,0.8241022089949621,-0.9684364268762576,-0.43412694430268617,0.20836445449435692,0.1131868384875993,-0.9183304386347382,-0.017910040405338504,0.3517452048914803,-0.4595035914522981,-0.998384049980277,0.3206179138675261,-0.6790468480349713,0.9257141193411412,-0.3296850911214887,0.9408055455955208,-0.7614899653609001,-0.21843335155280785,-1.1893462307810065,0.46534414721414813,-0.19952150645229585,-0.18834812699924675,2
0.30557215384326186,0.9223525997337487,-4.113563877521827,0.7516765043665562,0.16041809179736433,-0.7139254142119117,0.37835331761736046,0.32459135524520344,-0.16919570721461938,1.0413754458282887,-0.20630121264798573,1.9455307432374975,0.006626992722892444,-0.3788794449188436,1.0949313253852901,-1.6990508815341894,0.8370833664292298,-0.10264928651601347,-0.6402454957446094,0.584078850616451,0.08641958037492088,-0.41702280514975565,-1.3484222666441847,0.5110365601166258,0.3102921300034564,-0.24192058222098567,-0.7750184128104899,-0.7502452850493041,0.013371333095643695,0.1090462011385287,9
1.272128221448428,1.965672504069622,0.9445246558182852,-1.2420917764308677,-1.1249480284295865,-0.1401414777113777,-0.3127098362048221,-0.1527644141900471,1.231926823361835,-0.7329189693321525,0.1979320338911423,1.0575816766537425,-1.8892380613562472,-0.33176141452472657,1.4948213146221438,0.4263928007219152,0.21638320997805666,0.7273501029091743,0.7661648623325288,-0.5421928175326636,0.4989215393447261,0.3567477883863853,0.31188566868353906,-0.9440551128964856,0.02696924954495211,0.8557950209916785,-0.24329706187099456,-2.0186156936763693,0.043535849425504196,0.6871105693764841,8
-0.7467626046242622,4.055385104411505,-0.3513005367888644,-0.38547158239982693,-0.42236689578392517,-1.9515855437599585,-2.262287535348378,-1.3110201700517028,-1.425040274408392,0.9906017802675913,0.7688923847057756,-0.004254780644936264,0.3707278086208561,1.5337233439293578,0.09588467257618849,0.09644574712495776,-0.5400293559999957,-0.6243356965521352,0.4107270302477826,0.7065468729101351,0.4899157281275944,-1.3446695720385495,-0.1587806279343012,0.4883732084068387,-1.2714342476090057,0.155810732895209,0.08481764500653574,-0.3059081872945736,0.7501056724828695,0.6407503832800813,7
1.5473032193602492,0.5745124085785233,2.709696382812531,-0.6784292386229742,-0.4671243999080564,0.488393171861886,-0.9120326125682233,0.6734759680443273,1.6244918015278724,1.3820596391968616,-1.5588080451018174,1.2166211563726541,-2.2129168627999265,0.061980791753629395,0.1735632060954892,0.8905558006462162,1.6313193719548675,0.4672187005768743,-0.9682945647778112,-0.05091289492221795,-0.7031657014390104,1.27804934607769,-0.15931665138450637,0.5484538819379412,-0.21905189797109414,0.6264053367104733,-0.36373115681191565,-0.9055271486139961,0.761818203072531,-0.1710125026182753,8
-1.2686430240652178,-0.11633202744029372,3.7606454588009823,-1.5569212731008213,-1.7376100626191906,-0.46436266833920536,-0.40497578927176064,-0.690370305874527,2.4963286630653885,0.4280571972684164,0.0673122320915595,-0.39352709722817814,-0.49754562157402404,1.0303982763165735,0.732525252636973,1.1573287039779172,-0.8724240958873378,-0.05904520103098211,1.1528290912012467,-0.085633988673655,0.5523367640703787,-0.7960020919833403,0.31027041803666433,-0.6034778783845121,0.382768439815275,0.6473276599131587,0.4350065471961496,0.5619613828083441,-0.8938209989136132,-0.18941212080765377,1
-5.96917744129905,-0.7383177236338093,0.9145830918622257,-0.15906312345836018,-1.8885222382175149,-0.3201027565141811,0.6531703383933386,0.8955726692223218,-2.072957693235406,0.9916890007006924,-1.1155223954859317,-0.5165391058716043,0.5557568095389298,-0.11860024249886417,0.12044938953140055,-0.7079140756882212,0.6016139770338977,0.18831786417609436,-0.45167499429468816,-0.8938514846546667,0.11744109318790043,-0.44130630279185884,-0.4921281846788851,-0.18928340548958936,1.114943183534611,1.1845334960692735,-0.2671795404045285,-0.4742288154564188,0.31661551412073075,-0.2461017697205968,4
1.4683310844957296,3.41846243064255,-0.5691390470431718,0.1707878719572329,-0.558405124521762,-1.6104166594798868,-2.4280759326511725,-0.47019664293253505,-2.4584466960000473,1.237804620832471,0.5659303558920058,0.06722055634188424,-0.9276514609228377,-0.12645179869636122,-0.46155912036487984,0.18361234047770048,-0.22564476145622264,-0.3699657943752197,1.1607696654995663,0.325800436431659,-0.29760344372785513,0.3652427572343295,-0.37889255586862514,-0.6746158763592494,0.10634229990661052,-1.6101203931986758,-0.3521712701040632,0.43543745852227167,-0.1783342570838351,0.0324560768869446,7
-0.49996697757334585,-4.76193843666436,1.1224561824111003,-1.0556151712080333,1.922281901761517,-0.42306528786482717,-0.07056710344652974,-2.205136301048596,0.1831594232377419,-1.5286483495220926,0.8095358356655664,0.12731857406948047,-1.8891743466436648,-1.5246264506859897,-0.005698951545407731,-0.2158003672823951,0.5458518658844813,0.18963662432000564,-0.554121628984786,0.13961592167309836,0.14051912799550229,-0.28507181131714204,0.45357589331343073,0.10197726526793348,0.20658819102355785,0.06586952090948336,0.5773690099952706,-0.38151353305592134,-0.3177877355839147,-0.4581725964841316,6
-1.0576512557495352,-4.471823501579483,0.2963990189541228,-1.0511865076183027,1.3304330826536195,-1.258607478654058,0.40388918945913094,-1.5189400748163604,0.04126344779413233,-0.5393300411871131,1.610101593617468,-0.7561160958295198,0.607956977046322,-1.1895851065313858,-0.553362534084611,-1.0293099695752035,-0.49530531272385553,0.1249634481214388,-0.5263855962360728,-0.7595682347866406,1.0956437511295454,-1.5323107022564377,0.08959272083877047,0.21888078118329554,0.01842608067168272,0.15664623339281225,1.2120409631772908,0.12022274497292336,-0.1276634949231009,-1.1060006241185727,6
-0.9037078781055634,-4.074304212164916,1.3744131416942253,-0.33174346998918947,1.8814660062104305,-0.4522170296272387,-0.36133925917019555,-2.420331750468065,-0.36246639671915293,-1.3777413196985724,0.1883143565193664,0.03253099300396607,-1.2130132141391476,-0.7684135929584585,-0.8953836765152574,0.4373826966703424,0.9130888694496225,-0.495966879692979,-0.32741968820074,1.080137854101347,-1.0913613424253181,1.088365006131094,0.820859769286448,-0.0668354144110116,-0.09555522319728718,-0.11985082740178037,-1.0379710525663868,-0.5111030038777834,-0.19738908489645185,0.3629300481769891,6
-1.6342788937272679,-4.05981133551762,-0.803674306637723,-0.873390321584352,0.26588147960620023,-0.4951186287819746,0.32434309877962597,-1.164868443786608,0.4385370082265885,0.11632809955936764,0.030984490688702467,0.8557378470005998,-0.5394154182471921,-0.08755319422565355,-0.17471324795069712,0.9234721039032001,0.5770651871120567,0.31675401395529196,-0.68738418932089,-0.2598444719784754,0.5537119570576664,-0.6281168949414115,-0.14178484742918288,-0.9854731394544224,0.2336490647043649,0.010223426468645519,0.34359926511444205,1.7125687017804405,-0.18228533961113777,-0.1852975508931199,6
1.421952583697527,1.1242284077980746,0.28706997645176197,0.8992380643951434,0.9139716393473005,-1.2015401207915628,-1.7529952379487312,2.2918963112634954,-0.7173658258375762,-0.5487836031358042,0.3354918352800441,0.22990317063375848,0.11922096053857706,-1.27210220681115,-0.8898086222037274,-0.5169898893855392,-0.2614856385030412,-0.4343936056533458,0.8324407665170792,0.4825539951641554,-0.21107789949227412,0.9072101682409135,-0.41120264720866634,-1.5221313899593647,1.0289412679688126,-0.693900401808097,-0.3400814524379931,-0.3159622842487405,0.508132515240326,-1.2195262324265435,2
-0.2737769191472998,3.6133443953469366,0.16816211378024143,0.36842727290820526,-0.4911365737642577,-1.9644608815853364,-2.455617677461791,-1.0024368548748224,-1.2986493338321026,-0.8467714596353378,0.6630699089972146,0.30425204523243815,0.7883975320673904,-0.9341291135526855,-0.49422556698516845,-0.7101114671107432,-0.2791039082105723,-0.46352395596778756,0.1256095661278291,0.6624927075170263,-0.03834188572739846,0.0967610087752243,1.292884680780783,-0.415959287132242,-0.1859593247504398,-1.0831107360606285,0.03661915744326646,-0.2839995546185616,-0.7394029787233619,0.019686988452318505,7
1.8265072452281719,-2.9377574910235653,4.672651549983022,2.893402625658352,4.149010852872059,0.6516921581104672,0.5023973315040293,2.2996562899480106,-0.7886585100191236,-0.29684650654423567,-0.9457005131035026,2.0525182013308525,-0.42038814169947164,0.7359577943956395,2.2419668232007104,-0.26911106744495905,-0.17696229958058615,0.5598996722645985,0.345831048811254,-0.3793736042817031,0.032369271303515676,-1.2397131839140982,1.2534736084622022,1.1671828625174883,-0.20070300233863592,0.5529750453736016,1.428893782375018,0.5707138436011657,-1.1124425362143453,1.7659503498509934,1
3.8008025323112133,-0.4009578626123638,0.477148283727097,-0.18789863322127123,-0.10256384369797418,-0.1308258341246384,-1.0916457162866198,-0.06603153909237182,-0.23618880595079403,0.2735027666188907,1.354594609110865,-2.802377570885027,-1.958333886074198,-0.5158959651441843,-0.5530609974939333,0.33610040817978315,-1.044215083217767,0.5823233496973231,0.8238826640438627,-1.346463989681662,0.03276392703760795,0.6551177297837467,-0.42951328850170795,0.6429270850473365,-0.2291026353617028,0.20824340552533616,-0.11772863062297692,-0.3666717993030035,0.886146648283584,-0.2707935514478561,2
-2.3025655075114684,0.6903619629420465,-2.7984004230699266,4.720733968006148,-0.5413766197665009,0.7552617714667889,2.197421378158787,0.7659343114151964,-1.4691889761844776,-1.55352843264776,-0.30448361710988675,-1.5976730535558779,-1.6457866165374642,2.042129126796676,-1.070889275984624,1.2477524222468634,-0.19345820043418435,-0.7185962946621626,-0.46280242572092606,0.7270149248591716,-0.9824523211488354,0.8076176362298088,1.8094744830090124,0.4388461710591783,-0.3252130693950988,-0.48660842553607103,-0.5546227188592783,-0.0404745972881284,-0.48559077012950624,-0.6680549168902722,1
3.6200358109555455,0.06760308057179493,0.39806270942126826,-0.8919772764137474,-1.2585062820434259,0.5827919194310851,-1.6530338140778484,-0.5664256340112855,1.2159331141095784,0.29148306654812045,0.1348414448317762,-0.3335133538761324,-1.30958345161171,-0.994010996047628,-0.10831779202062163,0.5945148149120603,-0.1447196973391802,0.6902751875650368,1.1708661222134726,-0.8430762825396059,-0.0269254217060338,0.9217751064787444,-0.053474449320258834,0.343199533765712,-0.5101195763217544,-0.4495700784923528,0.1935927250947135,-0.7741786080021155,0.9923605498994188,0.4167634680701046,2
-3.4297420437333215,-0.11446795770524416,1.2207511328229963,-2.5709860009275243,0.14445900055076982,-1.949994188070053,-1.0731021774217926,0.04626229181611672,-2.266201167422824,2.6615581272837017,-0.5381219072100737,1.2205079765987272,-1.161043352836845,0.2931670075511042,-0.23789038993828393,0.040670927515342,1.7689901131635422,0.18083747705189862,-1.1543433740339055,-0.518785579416009,0.04671010020997641,-0.3787727195051478,-0.4295838150265225,-0.20917896299411304,0.4170998457515329,1.1349231235666268,0.8119191640527272,1.2242363722066205,0.3820083054800569,-0.3284873433627549,4
0.6733984993096309,3.181742522154099,1.1863658652245284,-0.18892759338528242,-0.9620828288907847,-1.6744038902154426,-2.3209247044752974,-0.7316625406290271,-1.4187412941496473,1.999926622401238,-0.0709574559234796,0.8262496844897221,0.2198806433531821,0.05630807828367399,-0.22693928707096434,-0.0980206589418768,-0.13712425360787128,-0.38271843405508527,0.8974625418889399,0.2883821131789823,0.2992405973294513,-0.6982713787732834,0.4261152282330388,0.33218538930013003,-0.20271375017775953,-0.6143419540957374,0.26016360854337117,-0.43430076398231654,0.5872145683300659,0.03398197273434809,7
-3.098452497931581,-0.8023304975322818,-3.1986551636750202,-0.9771910782720926,-0.37096296778660504,0.21891837062314415,-0.9861405502879688,1.1181983781361289,0.8999416191162438,-1.8064508819878708,-0.3695886431351621,-1.0047807217750275,-0.7626861051007164,0.0859808084154074,0.45814127318090436,-0.36390076763135965,-0.3546496762167936,-0.004889949806597552,0.5003056389690623,0.6557535555120968,-0.12399718234463336,0.5909232074367196,0.05279282197946245,-0.33710477011920686,-0.5007704561731856,-0.46654980420591474,0.622834655333461,0.31679722689851775,0.26587089237657696,-0.13202380474501196,0
3.087019665731057,-1.3697616999989652,2.1482010503152686,-0.4518799736683452,1.229456511528445,-0.05637403481321121,0.8292483546954871,1.2384277566605897,0.07055965724458717,1.2444919373370913,0.5947719840014183,-1.525479796777663,-0.18564122565541086,0.07055715290539458,-2.1705272362939985,0.8429727641044276,0.2350706271946922,-0.35088507803474334,-1.2367540191484208,-0.9867082137233434,-0.9863758131757567,1.6347672028070095,0.05498523091044331,1.1088192956002767,-1.5490666252870222,-0.34473533888080254,-0.5561350454787426,0.6613673543966486,-0.11463747523890473,-0.4664922446976023,2
3.3249834810808894,-1.1532802840587981,-1.8183575143934059,1.3767691062535339,-1.6703678571793177,1.8272395165736444,-0.2545974721354716,-0.6717096933066614,1.1225298687563363,0.04490552327461324,0.09394784085371193,0.4880631086281034,0.5518249992107965,-0.4527727497800933,-0.26752473094811696,0.2752820183775127,0.5905752627556584,1.093316317567638,-0.5992667954943683,-1.2227931651554895,1.0462223039083678,-0.3369851061755748,-0.8472009389729309,-0.5956427054717796,-1.0255352512744558,-0.8706878405120603,0.8322096869668542,-0.6333446117291992,1.184912022655191,1.1046400142259043,3
0.24411242180954495,-0.561272045481425,0.23359435975199536,3.294995356122291,1.3405571605156752,0.07384924500926476,-2.816239018434877,3.8229202415237657,-1.77716121895868,-0.9142566984650136,-0.8011966534812669,-1.034061309615048,0.3434963024269173,-1.1659009334190271,-0.6907080701156351,-1.136789041233467,-0.7658715347499863,-0.6455085056935487,0.7382606226374512,1.0776040389651356,0.10021664106140402,-1.1238090397438283,-0.23145550477225804,-0.35817762360043337,1.03858621097408,-1.2314634490152598,-0.8267081646302414,0.8888575772038623,1.7388681607165108,-0.5897487420471971,2
1.1453558101066648,-0.6645070424082268,1.2148081402149542,2.1102978047817174,0.17011881321322514,-0.5979755970288739,-0.7136098713358262,-0.8289645694893759,1.4049342433449752,-1.3201064299824985,1.2150630203347224,-0.6278194321188851,-1.8534812949721717,-0.6655922153433255,0.9486285280606147,-1.1685886599001025,-0.39700389998981994,0.22681079386576625,-0.12414068596858968,0.1710684752366553,0.6088169575184009,-0.5279215437262635,-0.08750962001311115,-0.6234247592240734,1.0565069022355817,0.3226356935300715,0.36279879141864874,-0.550815915076388,-0.3095387371770424,-0.4928960545538365,8
1.914451754207578,0.444315654479898,-1.4482457014727133,2.140552227533687,-0.7381797900898168,-0.47447628276914905,0.49369421565632887,0.4402599944783405,-0.0008563180085262925,1.4347534108916236,-0.3251534331754959,0.6038001886479586,-1.1754861635407678,-0.47793887703017934,-0.4990369254284702,0.005552861519368794,0.5502786818852702,0.10965055501512257,-0.2805666543306193,-0.29328230443450837,-0.3455933147073431,0.3966425924655887,1.1935468741264417,0.9830293394214441,0.9416516900882766,-0.3063197483707019,1.640757359710852,-0.43587273415621325,-0.108198107823474,-0.5591932749331495,9
-0.15384442967235717,-2.0269564847905785,-1.9474374018375344,2.1067684838942076,-1.5189029192722703,0.23261241238089192,-2.413525288471711,-0.11805704885539682,0.4052964982378518,0.5269395156090265,-1.202493427071091,-0.1498879578449841,1.8073396125366041,-0.2980903103500852,-1.2724427937672906,0.718130768625259,0.0898669486626334,0.14202339356229182,-0.22494702827753732,-0.23095208512550489,0.06887155312568856,0.09165858572884306,0.7207483729836006,-0.6580226645254733,-0.5487389547417104,0.11285189845033937,0.4125709281883628,0.5391443582670866,0.23430960065915316,0.20502771552018031,3
2.7343462776009195,2.2469470354489025,-0.7626373747492001,1.7401697537444116,-1.4967563108244235,0.8721093154061705,0.23888108472197034,0.07681749144681788,-0.7506089644981747,-0.11010501116832395,-1.619623834215512,1.336410355952728,1.5966598581718017,-1.200786018875084,-0.6368446224583936,-0.3924153118123955,0.16624987083472945,-0.1356582685711253,0.4219616441846624,0.2856351157245541,-0.2388523351125074,0.6478507308137909,1.5484057593002736,-0.15005340916659318,0.12706050485429066,0.05903466996227908,0.6793478061641726,0.4403987183218488,-0.3140668470491739,-0.3345389630485731,3
3.2588350801658437,2.8645995598395704,1.3381475247857726,-0.18795848220467973,-1.362533495407568,-0.2376400974468272,1.029541538507629,0.9220371113396346,0.6706438488602857,1.501067580492768,0.017512814151144196,0.4398851955151827,0.34974967253679007,-0.5965308450382555,0.7607873101211684,0.2961672951089377,-0.8431942777622439,-0.08117822269973046,1.4544400822749999,-0.48655380138372134,-0.45104841240741894,0.2950875098441355,-0.7219708921058408,0.7791064650496807,0.5661271056584312,0.7660568933954355,-1.3805951415663598,-1.0146234712370539,-0.7255321091725883,0.32473802531428597,3
3.3077469863504048,1.3779969234149088,-0.9063392112446551,2.0010139105643536,-1.5166111557573045,1.5488453201708745,2.2459558306615706,-0.8635868588077772,-1.2282783712472694,-0.28814247058399334,-1.3640490895985256,1.019110811241487,0.9613573555071463,-1.2879115964868202,0.20203481670315557,-0.6758594028007682,-0.3617462874953318,-0.24063789913930844,1.053644696033714,0.41697004965064915,-0.2267602741295676,0.06872274051414053,0.9195814257209152,0.08814360214590491,1.1884721192482004,0.07259961975341099,0.3722160581321247,0.1497115394598612,-1.0186380049678174,-0.21652856395624767,3
-0.4494051862022888,-1.809037081880902,-2.1680615465268174,2.464930245711996,0.8766268328846298,0.12691924164713977,-3.3470861260195632,-0.6665688937823881,-0.346777616280512,-2.0683031126653804,0.10497429564855974,-0.8276518121995498,1.2677127400848645,-0.8714111950127102,0.4578545092364915,-1.5277649296243239,-0.3739174365434133,0.6616673614386867,-0.7310108201655592,0.01934021641051738,0.6027209126034768,-0.6265301930865135,-0.6793823762556174,-0.835237651779467,-0.41451964859797563,1.2102231672594526,0.6809308009595864,1.1575253461117112,-0.6578950526463113,-0.6188653478176125,3
5.95296066778865,-1.3065823037185165,2.7445328173854957,-3.8685695896159693,-1.5983624963089635,6.981473141176554,0.3848913705228911,-2.2839378181123964,-1.191748399505847,-2.6953097849123107,-3.6372267560295293,-1.0515794009030683,-1.0272078539612717,2.0247294599634347,0.14531609267123358,-1.2688896273548544,1.6643549009084724,0.5620482312870033,-1.3500292994817507,1.6395815413503287,0.9022857782192177,0.3951508426731209,-0.42243479128355926,-1.830143729168959,0.8219334319028668,0.5981441725028097,2.5257898719438114,-0.14756826733269204,1.794271997938315,1.2282630913431722,2
-3.3397591408025105,2.4967360795934646,-1.6874091885331832,5.4609745096916065,-1.076768663982173,0.9583282149892942,2.855508250840084,0.3643326616702856,-0.7325132004071879,-1.0113794056155363,-0.2150209098071347,-0.9570912808767348,0.6426316424737913,1.2221061505893538,0.21173365112534628,-0.5693630983035085,-0.39014516709780994,-0.0900521663996598,-0.8136083340775947,-0.057042284593527275,-0.2562285926077668,-0.04725392669045703,-0.2726920899368429,1.1369218259304088,-0.5437847760947861,1.2809475028299162,-0.45769102206279794,0.8579300008230033,0.4495640711598368,-0.5004958872770715,1
-0.9175646398429997,-4.544019078688831,-0.017633818075043366,-0.9680241589707224,0.8722253711302613,-0.23224577094246676,0.12939666425641175,-1.9313962062281034,0.1750182018331106,-0.2694391911626083,-0.3352249973424562,1.6103591953874485,-0.8242290934727381,-1.0986064962105455,-0.033648355211988334,0.432113470293007,1.3744848990688747,0.3628821624576119,-1.918596075943549,-0.3325899436337236,0.11887492300685505,-0.4528906346043174,0.5062213433507395,0.33580495682753514,-0.4409682359869401,0.26366409900950144,-0.966755999323753,1.095243641495562,0.00875300849194015,0.14339252191074173,6
2.2022517650554594,1.012804425699024,1.7169239361386497,-0.44327306315965936,-1.258374975509572,-0.030791476053346954,-0.46263584749880066,0.13027105554845225,2.0191519096876,0.34856452487812595,-0.7630455094777013,1.1105434929695208,-1.8291349485909767,-0.959215310800146,1.395555250360111,0.11196024507083083,0.28995529356882743,0.621018666147251,0.3672481640410829,-0.4626128002002328,-0.29259646841513726,0.548718656270132,0.5164564662011882,0.540435303026261,0.9214102240638545,1.3010277198077735,-0.9948268901533758,-1.0809614899585966,-0.11281089196586679,-0.355429742321221,8
-4.102640506472396,0.09043429038708532,0.6048584766952292,2.956360085482537,-1.6508834104250114,0.4450172443884241,1.3436996073597325,-0.6811766791711324,-1.9876903093977818,-0.45921376950073023,-0.9907143342410669,-1.1324505419367972,-0.8573729562541185,0.5562709811166516,-0.3456015029709596,0.10418449432218811,0.29443412853987266,-0.5081401540309368,-0.010401642338640741,0.6313393992411475,-0.8328123432314364,0.34565943626076434,1.3551421462534916,0.7007940839144238,0.7646371256143116,-0.5580057861710347,-1.0522571615275287,-1.0652665183664303,0.21049761759998042,0.3134391870604406,4
-1.873828718542786,0.7694321325131799,-0.45613532676633745,4.826182098853783,-0.5432326299967815,0.13035275524074616,4.473764005841251,1.6715812417327705,-0.8341946817906555,-1.120251814061165,1.0193995117279604,-1.3343916455060376,-0.7744939619558779,1.438656092952453,-0.9124498537052679,0.27590300186466044,-0.30477157768624735,-0.07535232522053038,-1.2323758901280224,-1.0744169186793788,-0.0020540449487313865,0.1051470820654054,1.2891084248039273,-0.11212383424134634,0.4696726372981338,0.1529598652018998,0.23563777229076138,0.2230812870294499,-0.15029436695973147,-1.4256482498189023,1
6.509598737176034,-0.7219440702315149,2.3676426833593416,-1.8843932615926986,0.20478069442069083,2.2926607447061382,-0.6441547263465924,0.1271499611842585,-0.7122425419059262,0.5894275925906521,-0.35993629911654323,-2.508451111986886,0.526612360502147,0.4203755478693583,-0.7059595191756355,-0.867184278939012,-0.2399269615534885,0.46970779867156376,-1.1926075608859588,-0.9856848629984182,0.21727785400556596,0.16461633528270997,-0.8469974163034956,0.8877697595575842,-0.5713200605249209,0.16408976452755905,0.3667219152458416,0.12183172154229023,0.49373328869605576,0.9320483542699048,2
-2.3186649404694837,0.9605933704361778,-0.4077649804964197,-1.3607596698934366,0.5971933974143011,-1.4040736068959998,2.5934281354908753,-0.0036723688659983556,0.5753770759575624,-0.9715744200068999,0.5615636468068438,1.484375677950823,2.2585955536531026,-1.2917983669301722,0.039552947344299864,-0.3850761686232291,-0.2922606505332873,-0.08466179832432243,0.5363104009270476,-0.15732314990722382,0.20983081766038897,-0.5772297859743365,0.9659263562959416,1.0188879722030748,-0.3314010532981337,1.2550301461763729,1.6108855325266789,-0.5802801258734034,0.8033332257494338,-0.2413764936291958,5
-0.7945735998695855,0.8458944506245345,3.1250098025704807,0.5424266061330321,-1.878657443886766,-0.35396033194411847,-0.5112278404588186,0.2708325193251877,2.280046458648777,0.6630725203762885,-0.5588694711227901,0.6248585272896743,0.5485241194211896,0.203370920600819,0.3192988723121688,-0.37086635054471007,0.40929918587234043,0.03150851099444956,-1.4851875668388355,-0.2614174718032613,0.47574569780056636,-0.8448223447457934,0.8252837730064416,0.07428386687139446,0.07200984651533802,-0.5774713027947492,-0.8486719369488911,-0.02003058001055443,-0.02492172380428201,-0.3564806088093293,1
-1.8541074174561119,0.2912507816926727,-2.466068238544445,4.182318054419357,0.26818880573604004,0.150985342083381,2.3190637760573636,1.849784053009669,-0.41402152170323686,-1.6604345028383185,0.6217205681265208,-2.0089903188685203,0.7208034192240015,1.7784573989687689,-1.6988850376874702,0.37760113569293274,-0.300791859329705,-0.6586027898254639,-1.2922021941596447,0.2058586309456637,-0.31608246378093213,0.5858989172676995,0.7335808667532784,-0.15444459646036612,-0.7669613958521982,0.27840308756556087,0.005645753086162807,-1.5605036909438972,-0.11232279431208538,-0.5929095067107171,1
-1.1595686781924364,-0.23466015015220582,0.9693053086860859,2.133984229870827,-1.567968757842645,-0.1402871532073057,0.507390965435571,-1.1547547649303802,1.465176859840412,-0.15935431464746824,0.17631397842906255,-0.17449047287203748,-1.1845248333155356,0.20607635912702998,0.7651173029853593,-0.12095459978210968,-0.14571428890452415,0.08531112387942252,0.5125122027532308,0.37492372170674526,0.3554504419503026,-0.37557349425474285,0.6409255109449941,-0.39626994803303595,0.9155230796746359,0.08452097075352644,1.2802673623548078,0.20935743982783184,-0.0034071046983427927,0.7012453297094771,8
1.919653432976109,-2.4834717847915138,-2.1027166511946023,-0.43649657472572556,1.5044255268866262,-0.8782191615369089,3.1211734582082515,-1.2880992222768894,-1.1175798726556838,0.954958938467272,2.1622542838957357,-0.8247262908474416,0.31496173713337844,0.5073458559941338,-0.9518109300207873,0.34269830875964524,-0.7389174242065969,-0.2789171879297336,0.7136503202248177,-0.39313727018826944,0.027770997412599658,0.07232819894773261,-1.5552090369190923,-0.1796366837850246,0.02230422987822044,0.09769546662719066,1.0074461668577694,0.8232318822841551,0.10667798987050658,1.014402823387535,5
-0.14926380792594326,2.839760657019169,1.0135152456904488,0.13106277851669698,-1.830061731399671,-1.4608820864854428,-2.6314820940914077,-2.21147418795856,-2.1661271259220545,0.3253550414180134,0.2853205634064085,-0.7132028641121455,-0.8917528396801857,0.1644423198818612,-0.17190201143464465,-0.23818224423503329,-0.4760008121312965,-0.07868397817957938,0.7232127071873128,-0.1727793720866349,0.5453435865032245,-0.8148377163879016,1.780395728621419,0.08430485942408546,-0.12859235952561054,-0.7493409200271282,0.03282932018124939,-0.7377212320246994,0.14414860936528545,-0.7295290397272385,7
2.285059415628555,-0.9745593727109606,-2.626137300055577,0.13292026330821635,1.1614150013580464,-0.5186905448452387,3.3352018199660227,-0.8934363665627743,-0.6800359491257771,0.1240069437102269,1.3374616495016158,1.3871745576984258,0.747717052617283,-0.816585060669032,-0.37830579569842987,0.6433471971572926,0.11771047416789872,-0.03130218297040475,-0.25337013125681696,-0.5964226477616609,-0.04738661051578179,0.04037694412359582,-0.9601530123200087,0.03981063687137177,-0.8743911790709109,-0.5981794019411149,-1.22688829494955,0.28077924903187695,-0.4166725190304327,0.7000407939158134,5
7.131270839664617,0.8846022594757413,0.5069792058942608,-0.2884958542721238,-0.27511966003213567,0.9269731421276116,-0.43663035147508433,0.19174424324790956,-1.8670120674423705,1.6656578285813326,2.827729670199259,-8.906638319658457,3.178911992311293,-3.3124512043291148,10.739952228971866,1.7935743241524837,4.710465429355895,0.188801778371614,-0.5368256789064363,0.9126498498658401,-12.05512006911509,-6.056281102809886,1.6125138373496635,-5.585409467507354,-1.9779373654467802,-0.5860668322178848,1.9006830326770345,-0.36658181876486196,1.2871199510089404,-2.7332044089078904,2
3.3433729294740857,-1.2654987454581876,-3.8683680220139047,2.508890233453454,0.35766893556266927,-0.06290764691151061,-1.935141180361017,-0.7451261887021606,-0.11423510120742784,-0.349302149841778,0.3837118501845331,0.44132808551994634,1.7113182712291406,0.3499558758596341,-0.334779496062678,0.12936830036730224,-0.2620084050551919,0.39792672563901144,-0.1696136529777264,-0.47913879500606793,0.44052903107506336,-0.4841324190532072,-0.4239998526476242,-0.9881990745457299,-0.5894580365301629,1.3160881103446265,-0.05977175126880351,-0.6175872789117686,-0.6111558236949369,-0.1947232010235641,3
0.33043525349391817,3.197809388529745,0.2069676209885121,-1.1195405180389955,-0.4307464884894998,-1.3942643564830117,-1.8167305871003985,-1.174846032912332,-0.382891343832757,1.0547735150304203,0.3495287730439663,-0.21022390726483212,-1.6361978722802657,2.452603271236239,-0.4224281505465973,0.8794937604868237,-0.10411145932540826,-0.5906228662899263,-0.35406143182079197,0.5423533085677373,0.5264353058478035,-1.0372362049801045,1.1628066664318175,0.9224301950673274,-1.7758496434035913,-0.6892972954615849,0.7982809356546069,-0.5730962429379985,0.17886485382208556,-1.1320384804513293,7
3.035412536244909,0.5933391136950795,-0.26714557801478456,0.27743345113973156,-0.02656209027238603,-1.2985166329014812,-1.5901840048516205,0.8246553186453974,0.8854862759959956,0.26345591373162097,1.3186863741182042,-0.9822693006283233,1.3826102132159457,-1.2157750275612718,-0.7737915787484323,-1.3623531497321413,-0.4077282296065424,-0.2513305184679326,-0.22698292735617925,-0.3294361441660502,-0.7198531611247063,1.2211102213255365,-0.760813388176599,-0.11682338311037137,0.43896604440788434,-0.20844766339807386,-0.690071070572182,0.11897298535985795,-0.40674069426332093,0.5317942795934304,2
-1.0676494942231272,-4.5015959397374194,0.7315028153935671,-0.3541100087494733,2.033700097683932,-0.9903923072224097,-0.6947392126557073,-3.0254879129526215,-0.8940906961963437,-0.8944279607268231,1.0089330341661054,-0.5411926784013965,-1.006990490502569,-0.24153278107492648,-0.7514551692922786,0.21916495801990696,0.3801016957071419,-0.21544575491412593,0.18474426245805636,0.5240659442190871,-0.1186720428882022,0.060497834675788294,-0.038857220690902694,-0.6706333061233092,0.1406067902104865,1.1348810450821898,0.1944720252758817,-0.6155888175062584,0.0737770228949671,0.054150245647042856,6
1.1947801653961205,1.6015450059606715,0.5968812816567045,-3.536661191965824,0.25842654508165236,-1.8213546964839766,3.176178492814669,1.537056694598876,0.10667102670392868,1.3728460556138273,1.6516479105806805,1.0914756023014922,0.47077750897785203,-0.05662014872989577,0.08083128450490433,0.16632559320874338,-0.5873268343800387,0.056900019202882374,0.40305183545328743,-1.434517436475553,0.6569831297407082,-0.3587577290132169,-0.224605412389682,0.15552379620286477,-0.37608579777720286,-0.5815384773532277,0.06537313152320955,0.3494614341230519,-0.16116963134353166,-0.44648399923499316,5
2.253510524467769,-2.154547849235131,-1.0537550562826017,1.4333634474174435,-0.9643551992511837,0.9527345584277926,-0.016010578267208968,-1.2200226989415257,0.6128852359977827,1.35833730571081,-0.7038534381515604,0.5166397610496409,0.7704708943332508,-0.7317900445313171,-0.647570366142694,1.5346450882163536,0.17269665186324631,0.5290328000969715,-0.21725963464044207,-0.9176966528144351,0.09950826799886274,-0.11837478606305404,-0.7712527094413809,0.32100641827545506,-1.2324064911501649,0.12033396784352075,-0.14609527027767152,0.13707555052980047,-0.07523809245621166,0.5202988263321452,3
0.30478422894951135,-0.706622556683191,-3.8877361906720527,-1.5146342582065486,-0.14815170252355364,-1.1885944283757437,0.9426659737046266,-1.027745150265195,-1.7864966039633359,0.9907672906691296,0.7801992535564838,0.36007629097275695,-1.1902743722500315,0.01618054468463399,0.6841663986575375,0.333340870203861,-0.8412295733434071,0.327687729645289,1.7176581742277364,-0.5774895056466206,0.34946159732064275,-0.8397566889579318,-0.28319445960647943,0.8091038657871498,0.646650007507307,0.4036976612840927,-0.015547688679965603,1.436434741027219,1.0230024694238686,-0.0021668763846338047,5
-1.4328404401847026,-3.026611740295225,-3.5194242487916467,-2.9017248878234314,-1.3201335231506097,0.4047340179910197,-1.627723972847191,1.8608018768163324,0.7916268909755563,0.21533656488316866,-0.8025023971664572,-0.8524468018354441,0.49726232096821577,0.3550172481460838,-0.09438570158865191,0.22538332353067883,-0.23326829574228886,0.3105034547506206,-0.07748455899009475,-0.8070509968013001,0.14151061407862964,-0.040071982269269946,0.41398343308404123,0.4396949955405944,-0.6028329436189434,0.0655571881935259,0.20849623071617607,0.21121070055339133,0.26541138553322874,0.2971653936655523,0
1.344648887102776,-0.7458387091749604,-2.3877819217334855,0.34925565407164666,-0.26422153477343524,-1.0018878606191166,-0.3838875833967513,-0.10280985418624947,0.6318785919229003,1.651811950761281,0.5145358475434656,-0.21203039558265538,0.9351567154944007,1.0028871557583856,-0.42621215275707636,-1.0715615732892199,0.2073273295982496,-0.28992693295425553,-1.2355073290286993,-0.30376292763281165,0.08553032128862527,-0.7458889885771537,0.3788479729906263,1.4160256913758118,-0.7098194080293662,0.13206510199853386,0.20806471964741013,-0.6216438448009918,0.7415482113509364,0.33440039563320295,9
2.0278117431098055,-2.454165194218646,-0.461318455907412,3.4458709958938396,1.4855660191957298,0.6514352200700619,0.18880840524564277,0.9036781065860121,-0.0046370543004059725,1.0764854385217377,-1.1874633393852645,1.3510496464388873,0.7400731203378443,1.8680562714903803,-0.8772467263405452,1.501830299502295,0.5208280432597204,-0.30289237319796053,-0.7180482175928472,0.4980398208429566,0.08103515757159487,-0.5966140193980582,0.10216405213655057,-0.5805302066249809,-0.6813402172695919,0.037514397786136626,0.3463475344044999,-0.2878413307000715,-0.7797290540572485,-0.6110060905554745,9
-1.641498948089173,0.6724262830417187,-1.139076741558723,1.4646111323948805,0.9337670965695671,-1.1066170110209017,1.4177763958062901,0.6120734046613299,0.41685643681715473,-1.6784502732177338,1.1482077689167187,0.6165137076572823,-0.3816353568810653,-0.7886592776152936,0.09388345899560215,-1.6090225465471513,0.3232449085231887,-0.496878820053346,-0.6694237903310712,0.8986975242722033,-0.41352465172832137,0.7709440511029412,-0.36318379433651915,-0.4397846839522026,0.7964605598021247,-1.0227232975788358,0.048536851229622306,-0.05314824875206488,-0.08510954437376148,-0.057845810557326995,8
2.6881894866267753,-1.118487660192093,2.4105389063711233,2.6828095061651767,4.438159965168045,-0.3774150547123224,-2.452611313383871,6.743259299117172,-1.7970948700434104,-0.8907713907429123,-0.701786451640797,1.1998379420472276,0.22857161523260017,0.1679714993121393,1.011855127059797,-0.5753914924712356,-0.7850676194366292,0.23188143675577533,0.6649307268761367,-0.315744497478435,1.1781435981470398,-2.4748546783264174,0.48533555608896056,-0.9856345712079227,0.5793045208731351,2.1291946459361547e-05,0.5560661820700967,-0.6652208223646654,0.046466265597143126,0.7384961309241158,2
-2.0090133851697023,4.009438133152765,-0.9043648185222214,-0.04710204736548778,0.8417784399498643,-1.5741901875351398,-1.232722463830635,0.9053174615343593,0.09643969956408885,-1.5731964128978928,0.2695709437103511,1.0328935679491429,1.9895273963763842,-0.09837405852798596,-0.2669349014867,-0.6176874417260036,0.34544856781339034,-0.5144477560309818,-0.9602106216446009,1.0925011394265969,-0.3226261059101378,0.49018562493760287,-0.6976044106118228,-0.7770347330154505,-0.5426968166362105,0.2896327339002831,-0.770867700020666,-1.4678505386498844,-0.3882198391976626,-0.23430385039781707,7
-0.9608322727019557,-5.54990249354471,2.7355997232353784,2.318412698499368,3.9995106442864166,-0.6242891549259718,-1.5611103946865132,-3.0321083335600836,-1.547019327552616,-0.6048256176545564,0.6732061781982578,1.639346354884582,4.0146431603081,5.8220106185201175,4.942150663667729,-0.9117710646537881,-1.479237844733462,2.0346873339162936,1.0659418836409638,-2.888446338583351,0.3696643373481136,2.5682302201749643,0.2784977795915708,0.10940965164526206,0.5345605088186614,-0.8812812190541035,0.2987592285108517,-0.7725072021713483,0.10030848832510277,-1.5418185616388445,6
0.1661672341259233,-0.7579888870403543,-2.072662275721522,0.06999797798875336,0.9186363034296164,-0.5804995216312568,1.8315355509602675,-1.3636225730830607,0.13519837592832046,-0.6995691063674451,0.35952951300291486,1.3514260726679792,-0.6456671909630601,-0.12193834980221688,-0.399247767252815,1.1825951048873398,0.2743986010415082,-0.06443573181736419,0.6563932589690848,0.27538448359458717,-0.1393377872129062,0.28233655687321263,0.9370077125686899,0.4089562114653075,-0.883754296130408,0.9073413623024912,1.7025011850488876,-0.7295602568346784,0.38666108011112177,-0.23904227613200194,5
-2.5338774848525456,-3.072965650640398,1.2008755931532435,-1.233696064327743,0.12451876496911927,-1.012478791968374,0.7360041768024372,-0.80734727452873,0.705706383382318,0.30946525613747916,0.2157612628370633,0.3172614363210211,1.773593372351066,-0.828733955409483,-0.8410152152571886,-0.9942119465278643,0.19231048303903123,-0.4430163179167072,-0.2703092056515724,-0.02866490967310775,0.24911986062139155,-0.5642726646703323,0.5666701938796911,0.5129638454237733,-0.18404696456054775,-0.46162541541776775,0.21585508385935182,0.43737472749261563,1.1951747754161828,-0.18928300234409626,6
-0.6026658329300003,1.1124418151833386,4.4014976555252145,1.1677811976539443,-1.4589031492936888,-0.3274909367679135,-0.34946452345439394,0.36777365163090286,2.2878396413269946,0.5293443328198767,0.04880189968389312,-0.6630948194621662,-0.5657444894338409,0.9391078027889416,-0.021071840807099913,0.10048877540250846,0.13920974821512166,-0.2391864331237746,-0.5041864507920297,0.07120798621355637,-0.1269383938340271,0.45853342692051985,0.12736103742655921,-0.4028683545081054,0.3497277779901813,0.3662326092705257,-0.26048720413667886,-0.38793891881760234,-0.06004263927580156,0.1857466101167724,1
-5.246249642323278,6.062290053918262,-2.8351672069378377,-1.4088657675836136,7.368078366685898,3.254532182118339,-0.34557955902542425,-0.40752966565812565,2.186293577722332,-0.17409614068585266,-1.8683022532996825,-1.326461438857894,0.7833406595691742,-0.3936305761873051,-0.6815176605035992,1.5201368968091118,0.11077509912468086,0.2643504591825748,1.3081746948542294,-0.23160306285984747,-0.43665199894843076,-0.037297586198606875,-0.6465030269064228,0.36902507896301145,0.6194273654226595,-0.8199616328128234,0.6146416868941549,-0.21385181280125098,-0.8098692448285297,-0.449893384067211,7
-1.1211834759688386,3.728242531840957,0.6066550012625699,-0.009561750380201128,-1.234090457865246,-1.9938865893679145,-2.104589660153194,-0.45082725783811384,-0.9859427913726719,1.3236336160197106,0.35880379483139624,0.5003994668955963,-0.07916204397103645,0.7846364987582115,0.5549218763617543,-0.8320521891993964,-0.25311379639529263,-0.4415511876086737,0.2786010423819669,0.42048786571195484,0.6297589430714899,-1.2999452363124648,0.49129984868740223,0.2439698564681103,-0.025922735024871617,-0.5036642811929597,0.44493381202075183,0.11819697670212752,0.28409131264696963,0.16210650183149095,7
0.7155073918230371,2.882824613551698,0.3179712477088079,-3.7792230121078383,0.8484611693167267,-1.2354719351162646,3.551874370061715,0.5546610226404755,-0.8306040632899429,-0.09916136547194855,1.140585107516292,1.0300584546074583,0.6410013103838791,-0.23553901730884874,0.582531957217425,0.6159940526184857,-0.7473331104379315,0.10014196632684351,0.4474093100854156,-1.188209066189621,0.3600867691111254,-0.5621504057636223,-0.020915474610219698,0.5479670987399059,-0.43898231755230116,1.174742829445874,0.04090215402960079,0.47211474676311993,-0.37617708920305326,-0.5305414230609253,5
0.9378272803441776,1.2168846472335835,1.3354411483548594,-2.7497209677503123,-1.987401497824854,0.14760175326167868,-0.06881496914376298,-0.02909302947349215,1.081116935695875,0.021502083124566567,-0.7435891806192527,0.11965086768775895,-1.2271511248130649,-0.16606541000703612,2.099266027949182,0.5402506634409623,-0.8376234137392586,0.49720105928230934,0.7663317712843344,-0.8487298001796041,0.1173178116666506,-0.6730306367167327,0.6735974642247359,0.28610667579367116,1.1192445687570072,1.70922816708393,-1.5841175755131478,-0.14599340311820969,-1.7686130136525007,-0.3411089360340099,8
-0.4532134898485882,0.18116012940926715,4.461706165255957,0.07040364566353681,-1.1427811846069489,-0.024407896089075905,-0.5538119148608104,-1.0757763615413398,1.8522112655758005,1.0000403406106457,-0.410504647079589,-0.3891570034887267,-0.61074737005299,0.9887339380661944,0.00514392443215734,1.364448160109806,-0.4386743744816355,-0.45620046194740765,1.58542206092198,0.993080761587208,-0.29202540702578755,0.21741469137063388,-0.15268362986186493,-0.2810073514364345,0.236907660460988,0.22941068007750523,0.4891828790851503,0.6499761338843362,0.03378502178430046,0.6292081250165681,1
-1.9557667145480253,1.0890615926458167,-0.4327103603315469,4.596310927339971,-1.0349287717844489,-0.024767841527335473,4.070846828994914,2.0582109315159314,-0.8020325989633383,-0.8625774463407889,0.9202810306700077,-1.3932026904789085,-0.8087443734224959,1.3792896598730369,-0.9563953573043649,0.1300589777877144,-0.35449036803344863,-0.1844698529358065,-0.9319902574318331,-1.0331739976875964,0.12559253785419908,0.187802967806133,1.5050310903703734,-0.3942228251132698,0.5674775959087607,-0.35284097600810505,0.3159176280646539,-0.12623360776929737,-0.1756686731497921,-1.3960043423318915,1
0.4177265428632619,1.0020690618074086,-1.0856410492520747,-1.0005138274689862,0.35127199153781846,-0.5252247135541349,2.6845981685337574,0.8024179879859275,-0.10231741942506357,-0.29240789554894,0.4882813726658886,1.4970861707857461,-0.3046614546216801,0.19712622543327085,-0.47419996044126284,1.797270046758419,-0.1261216757870478,-0.21045861855071268,0.7690490744266462,-0.2079458232421406,0.0693146958945559,0.39317917109637257,0.09595880310918767,-0.9144538095914359,-0.916159692700641,-1.201657250279939,-0.5130586711211519,0.5447709927356789,0.5528466217606414,-0.17041401538400366,5
-1.9151370341094909,5.649525249291339,-1.3233040007396695,0.630451586786225,1.1475476928573838,-0.8346828617616514,-1.7361812546824984,0.04447800136704189,-0.8155199726346292,-1.1891612166377825,-0.28224991235739016,0.9596258548360214,0.992643299091878,-0.22867024038523015,0.9854135698170359,-0.9214126213416266,-0.043934719123512996,-0.11886950542787056,0.07786300825629919,1.4322598961838284,-0.33240357657020747,-0.022019192333904845,-1.4656316845237192,0.8875553724982137,-1.0579949723569095,1.3671029736182239,0.3455747973308742,0.6867432731732273,1.0277568084638253,0.034966378915442554,7
-0.023445865433760055,-3.4784946610484004,-3.4935425504108313,-2.24814614647932,-0.769546968421688,-0.08556311138780079,-0.7425138294627255,1.8269758292086111,0.5236717753265245,1.3732415782207348,-1.134905574012535,-0.8274834043641867,0.6051045580734922,0.23158186826231292,-0.8975326033531975,0.6993207343618961,0.14258376595109065,0.1490527069580818,-0.5330544958139395,-0.950219202725045,-0.5397700861588907,0.3952110442561768,0.9713599535855026,1.2856458183893948,-0.2792897168529471,0.8479593386451845,0.3148401655100516,-0.013041405709954082,0.3708188767408062,0.08159932280512552,0
-1.279949277394625,-2.5493762616863345,-3.6497720201384505,-1.544808592556849,-0.8561584008573448,0.6874850546737628,-1.6994306441451767,1.1271580415456013,0.37571630937716605,-0.3934668210935311,-0.9874099588903972,-0.3646677363681707,-0.7667635038530207,-0.2565518916931875,0.21055277904303765,0.45571603549271616,-0.005222384193151267,0.36471193623951725,1.0762490985774942,-0.045816670823512526,-0.27209163179264695,0.9074881580303766,-0.15066694924495816,-0.042689566414237726,-0.25561139978761854,0.6215131348518788,0.9409595144017734,-0.6088593633136178,-0.17781901157545082,0.3894431602398266,0
3.4877787445486508,0.33472674193863106,1.1890472664382488,-0.7270288934835173,-0.7871758661391353,1.8155978475711223,2.6894724574801776,-0.665976292998554,0.19108693653151168,-0.03868703187625985,-1.6489223337467132,0.3968967663064032,1.6896133728456935,0.591666975291965,0.49763931785469306,-1.221154258753728,-0.5689937655351759,-0.9777273647182975,-0.02640225341403362,1.3799738816546432,-0.04659950768141654,-0.8834625408653433,0.791380577998033,0.15212220024611267,1.6255661911243335,0.4629232929314105,0.45102551229136706,-0.7504025494346279,-2.152438585885655,-0.4279209752569098,3
1.375132151891139,1.0028557967544276,-0.6869554379123733,3.0687276921503566,-1.1703968485911702,0.11995017169381542,-0.8268810715184368,1.3600782747526532,0.48256313546155155,0.08277535361832386,-0.8304062234293201,0.6225701596458094,0.9149535660007716,-1.9680363929835574,-0.5279286461559151,-0.5649079469676305,0.00045174708903578716,0.12535740179167426,0.7913676057766716,0.08994622646933755,-0.41656084841995533,0.9642038186001975,0.28292143279523496,-0.41746642191310984,0.8265211797468031,-0.3081539467986966,1.0843019205301725,0.8623977117528925,0.6220807878859458,-0.6063370277234078,3
-1.5553428431692073,-2.7526804426911164,2.48348387798449,2.0215937638963895,0.8014424686813453,-0.1440101181000382,0.21948608443657402,-2.679655301609372,-0.022036235945802854,0.14510009902718315,0.1981480361376428,-0.05225548636937896,0.16813998773505642,0.9529965434215157,-0.7497754884651077,0.20180452031029525,0.560227944920852,-0.7566733823651064,-0.4375801358426598,1.4711942386501953,-0.2836545511120699,-0.14982578668418342,-0.8556450869289747,-0.29601860732009694,-0.26018290203142963,0.16340557235168315,-0.6024386083145372,0.6580079010435481,0.4293533069330962,0.6971630005672661,6
2.4598349560472648,0.4160470365947429,1.2438128224573741,-1.065086783318219,-1.6564232649783415,3.6345830931589145,0.328682487528147,-0.42324694222786174,0.14968617221383174,-0.17286300522451567,-2.63259643301757,0.31410923298402815,-2.112126570499724,0.385668464648927,0.6217264639614759,-0.5889480718254643,1.9617557710070814,0.9753252871677961,-1.9872661534450922,-0.05332307361792781,0.1757188892239982,0.894242580149615,-0.1691694730613629,0.221684350249075,-0.15842893644142803,0.263336748102714,1.0474531629057702,-1.4484879727136217,0.5762652136919972,0.4814319835555673,8
0.901021740991109,3.399892455442367,0.8806972250108149,0.8043619097972219,-1.3793119961214113,-1.5893853971695147,-2.167549508418209,-1.991826922228183,-1.967737755814266,1.5099383884630964,0.32383896394558553,0.8569307756004875,0.33349953750046146,0.46364241541832185,-0.43263484437588196,0.5927573449564524,-0.3749398420987047,-0.3266909667997083,0.9847808452522934,0.08733064624936868,0.5820119463607372,-1.0482164768286286,0.5018319166936708,-0.37427590412225,-0.5025264073089151,-0.6483268568769152,0.0029859966738720943,0.3963747777991156,0.05906482565233958,-0.13415718160955645,7
4.297218187266111,-1.5819918829136927,2.715131465370541,2.7892261588413283,4.30357194883814,0.5128293452701059,-2.4625261182577525,5.459774912739544,-3.0007937536811906,-0.21320590070907577,-1.2925633727028525,0.2862857424143757,0.46581057714538837,0.4251546947999399,0.052379999307076916,-0.26459504426031477,-0.43668566973319445,0.21274482217716073,-0.6179307482804797,-0.8324600009447016,0.5820010809681307,-2.022978545816045,1.1296895520177452,-0.006068203769015324,-0.3232790891468244,-0.061282274614518135,-0.04778074335938839,-0.18445975982688773,-0.522157670977989,0.31065132975253223,2
-3.2613972701343523,-2.5252001252827787,-0.030516195170225104,-0.2396764856254053,-0.9162513830183947,-0.413866981779301,0.9772843219589827,0.9936322613596362,1.6726960109922204,0.2727299148374887,-0.5119490488581769,-0.5188296018199033,0.784908493113653,1.6353750587971498,-0.3210284801612218,-0.17264533011193586,0.0362955206866112,-0.9100324269584597,-0.5638042443176786,0.9031719069490252,-0.3178221031727058,-0.33399478767951907,1.1035512587251168,0.3908709962705479,0.6843360482316787,-0.2904180032384321,-0.5806234917072909,0.18100356847481663,0.5516574943191821,0.7985570183684524,0
-1.044439055241569,-3.6997015976909053,-3.406413282181803,-1.7328204081871617,0.19926903570927673,-0.8252042434229259,-0.629828028451175,0.7597837833041952,0.1738055586056537,0.03132488872043856,0.6156424694941165,-1.779251571878348,0.3152217345400075,0.289229351071187,-0.5332370355594219,-0.06413661890948193,-0.8206702837572595,-0.2070407030620246,0.8990900663754536,-0.24720068422806327,-0.5115581672678715,0.8296464409485186,-0.12426691373189792,0.11576918534832654,0.1358100951050616,0.7941733486822582,-0.04570338993878453,0.748615384611522,0.03411121014678237,0.9682087472097912,0
-1.6222827381235103,1.731138765124106,3.2477033918303895,3.9731470113567204,-2.4810063227409107,0.582320415701527,1.2063679040625455,-0.4910444772217526,-0.7536034528967113,-0.08825996440136895,-0.1389378331634353,-1.870974919353708,-0.9615875644861831,-0.38924490081071,-0.10874924393815501,-0.26261672926492396,-0.660122110661096,-0.018622730308635017,1.1113824048688095,-0.43698291591864136,-0.5005180874927331,0.9389989953538231,0.6619144676428478,0.756104780876249,0.6855105140077649,0.14292350997260653,-0.8463822987352937,-0.6071324265584926,0.869722138987435,0.6204524500545023,1
-1.02076645857556,-1.9074450190736822,-3.727021619532805,-2.823835679282355,-0.8034635510630006,-0.3100317110773127,-0.9984328216970879,1.321704639379268,0.16998491987297437,0.06491964818728728,-0.6875045519247197,-0.16481406710669574,-0.49057237637574225,-0.3994460098621865,0.351229866605401,0.24295716825674332,-0.09148123702055104,0.13704117205118774,0.7015861184596631,-0.3920570028160132,-0.3223446986375724,0.4723775830245724,0.7561385168011003,0.22591811407811316,0.04033654490960485,-0.06736798666803599,-0.32729432333153313,-0.517897144070897,-0.16778390609768554,0.5536821895276923,0
-5.44034445332719,-0.042348173952382315,0.1868797334577759,0.1405976221453316,-0.559344224186089,0.024230129795739956,1.019090844275305,1.1150781873730584,-0.7988454359544868,1.101052877169288,-1.4229923538612055,-0.17072570838271092,0.22814756159368021,-0.15899390451929393,0.6940289227534203,-1.994143774213457,0.6773787122247962,-0.31904820596423367,-0.2348361220173375,0.7948460012831842,-0.5505061287048032,-0.13854486577190023,-1.0942920744397513,1.3157415017470078,1.110579598648635,0.15535674783023476,0.2071674482828503,-0.18564093637296264,0.39519706734991267,-0.5712866547608242,4
0.7652217558849143,-0.23105500805206847,-0.5255481586452954,-0.867071643355134,-1.6498987821420277,0.6876815032155952,0.8831028311116972,-0.6809727362008027,1.453713543677138,-1.189568744964696,0.7018843689160571,-0.5268394994538875,-1.9447501542988317,-1.0141984061160045,1.8076403109925219,0.23685963843215924,-0.9843524341337575,0.9113057293114531,0.9523847702570823,-1.2062482536260148,0.36845669356166877,-0.2865238171923024,0.37367841126480134,0.9029508653174139,0.4019163068362212,0.07755410272458635,-0.2816974725091755,-0.2939954823127518,-0.6794860023388823,0.6964678706781344,8
1.3876171754544258,1.0882422073264209,0.8325293291001756,-4.531285638705197,0.4398432144533338,-1.7037503811932888,1.6258769841227947,0.11154341049035765,-0.8249895808310175,0.8534821117724377,1.4144124431436098,0.416296689766479,-0.9969434153498778,0.12758792975147537,0.19526961596157355,0.7802804617207149,-1.2074539116317722,-0.3955846702543022,1.9956942492079053,-0.43336641011642923,0.037784045029981235,-0.2527362597100179,0.032073160611803646,0.26442372942454906,0.16628199341965047,-0.9208961163100806,-0.5548550024182535,0.8176308948235562,-0.13113690964331845,-0.6774614703967043,5
0.776252499382088,-0.5290321933723954,-0.4911435594978844,0.7766101650637144,0.3314580831032185,-1.0717676331906398,-0.877491208683443,-1.0014296072363083,0.8186202041392465,-0.7809313998783141,1.2022275845401909,-0.22455119329735254,-2.152362748371096,-1.117407438592958,0.6430375901915918,-1.6348832036057026,0.22393048168272137,0.3088911852896304,-0.5310196526024188,-0.04625103032007698,0.18138367803611416,0.062800132215343,-0.1353814752353003,0.009113713486333809,1.1985393408048655,-0.813163113155904,0.28881311726005265,-1.1160047856854736,-0.019048857706731395,-0.49799626509698186,8
-0.40498275230073455,-0.30713330231276215,2.3574268731638526,3.763284447054356,-0.4238104322406558,0.3321933086808021,0.3325525780505043,-0.8888785692674162,0.3879949946348958,-2.1910964497111687,1.3723753589132328,-1.8570644783226034,-1.339116305653125,0.27673354271651907,0.24932655005164914,-0.47195128230926436,-0.8800364880536898,0.016993932231109274,-0.3635584627755885,-0.14129816776382503,0.9254635696132588,-0.8054722477429327,0.3606736669641301,-0.8611721960266207,-0.21178579422302343,-0.14358977010837853,-0.025282598199614634,-0.6628012247698475,-0.6488202102044623,-0.48955988588024707,8
1.6502005817710117,-1.4580848885872972,-2.641319258179771,1.1499946786960857,0.6379872307470893,-0.05241656000814543,1.022361184466897,-1.3464792997301562,-0.2235729911447207,0.3263149145935937,0.11511391481615603,1.414912062750627,-0.8484295981733168,1.3223150022673422,-0.0329442316511691,1.7869038759337816,-0.09500885994714875,-0.19840091862105608,1.4345821333922817,0.7097674441288657,0.14617322545520442,-0.029707164976262985,-1.3866731488588344,-1.2198275848200801,-0.05880864127666862,0.9668016623081059,-0.3340331644785815,-0.7647726626537451,-0.056417518235782435,-0.5319421783051568,5
1.0875994268452949,-0.869980715822874,-3.2273719374931273,1.140411158833362,-0.9713387813611866,-0.8441303053856685,-0.07875978626280702,0.012972342536494968,1.304491063270299,1.1128968277751488,0.6255998968010008,-0.007880725439471433,0.07408022574010815,1.0439035336875377,-0.0022369555658188463,-0.4641774767593312,-0.22555062788454983,-0.013663657494835208,-0.5582604987532667,-0.3883565957359699,0.5331770552946162,-0.9564519679022708,0.27971015491018475,0.29318361310907715,0.40868045514194773,-0.38378245124371463,0.2902353333241855,0.2353471665509393,0.6461349302039479,0.07694172648718076,9
-0.04047833570161914,1.533388372530627,0.8069950872769681,-4.562164911646112,0.7001616223985755,-1.4405598796878227,1.31181669769313,1.034191747090236,-0.3504045685293358,-0.11170782836109307,0.39936799121954425,0.32904877813071065,0.4825840907868237,-1.3035130996230333,-0.04087408208550067,-0.24968338484335847,-0.43956200580352867,-0.06070373518606503,0.29186535425861754,-0.8473529660052405,-0.20083680375110688,0.28031777266908847,1.4448244813976998,1.9115935824035513,-0.8643021277798807,0.9436099199873452,0.38772680670080717,-0.7635419827263851,-0.13506858311388067,-0.8641247077851375,5
4.075792665872213,3.521627248068074,1.1059992095328708,-4.152941275795592,0.7727065077276433,0.8268110361083879,2.9050880857656223,-0.45520805770824146,-1.840646424291698,-0.9831509468785158,0.09840683033638793,0.44104167458339316,0.8660454726005217,0.7947160858305456,-0.1375457726079445,0.28175393292806644,-0.3564296974247443,-0.46326521387358244,0.08254733199414645,0.3581200447746183,0.11636326232918252,0.2528174472968824,-0.9997453986093997,-0.9934703835663398,0.11721743020193305,0.08748144751232209,-0.7958290181754726,-0.35133084301977135,-0.6403515362684292,0.21826275340180698,5
-0.5964826905999342,2.397718988040867,4.436271821073418,0.7568997668571353,-1.4166204680997987,-0.5636814627918166,-0.4118081652482221,0.30156358757110074,1.7369311768446425,0.5460282867733579,-0.17889944489643703,-0.021113103375900423,-0.4425577866804835,1.0908724252187643,0.19853985904561536,0.44371940838901125,0.16540401299729707,-0.3252507630687495,-0.15628626961935746,0.32143841554784097,-0.3072501713536188,0.4583919466276505,0.6069797204311287,-0.36552948570934046,0.3118887756674419,0.7557163449006837,-0.10580697651547856,-0.07719733963659674,-0.5937683867773743,0.3237729572156037,1
0.8459597079340531,2.411811619667619,0.8735384175793368,-0.37066487880239557,-1.494828071130611,-0.8516190370072086,-1.604205422025441,-1.9777321237614995,-1.9672704409052582,2.7999006155548956,-0.07158022581173713,-0.471616250111242,-1.9590648966461262,1.5485035107273775,-0.15901635182478285,0.8039194767018748,-0.5899157211800335,-0.4272551234515449,1.2349141053788464,0.20499031406682108,0.3517882691803142,-1.3821362871589629,0.4103187058128334,1.2628684031645443,-0.42259276404208557,-1.8920034201002198,0.3297161225730367,1.1338401154729447,0.44355595108604257,-0.9445498136964506,7
1.0767062242333127,2.916768603398454,0.9668013096707879,-0.41156842106092634,-0.9177964766500659,-0.33252201104200574,-2.295644628836616,-0.9564495826516635,0.49275626052917504,2.1136938889977235,-0.36657044287077467,-0.28588769480481,-2.3736207480597393,1.6657868063875743,0.6023795872216212,0.2894212201359531,-0.3823728342815751,-0.42468413308848474,0.7373728033460497,1.0306194863494111,0.08971168234978442,-0.46616529889422126,-0.613422169926663,0.8759478312551272,-0.38801036928486526,-1.5740658982959155,0.5962084836615877,1.144388766130337,-1.2924292516199223,-1.1402588807444989,7
-0.3451132572096567,-6.256321712196695,4.257945857277416,3.2635148608498716,6.778302981948394,-1.0940652038597298,-3.5731980674019934,-3.6530036523312153,-3.19093023316883,-0.25964498345504344,0.27894759124871094,4.18001928320939,5.972473761631823,10.752601662703013,9.755805118157618,-1.6242936354941468,-1.3268656485102177,4.439670356753744,0.8808144985896383,-5.962609895298075,-0.7775717955479956,7.679041039892084,0.9660385184230057,1.1684257837080745,1.1597698043648947,-1.9817095184056193,-0.19638719323021528,-0.38873028646866764,1.412015690943243,-2.4536369423820594,6
-3.138026652427554,-1.5068475287854584,1.1008694851842566,-0.28985913468738367,-3.0301503465052373,4.168617373127727,-0.4134164852085616,0.11305910555690557,-0.39391086012504395,-2.3103492497180182,-1.4344830261874035,-0.8979444818464736,0.019755256225795086,0.9066870083659149,0.3900730779008492,1.2953962989288115,-0.45699963492425266,0.47845738749107014,1.8575372354578203,0.3137452987882437,0.9760503983472673,-0.12731458115604055,-1.1363154177121604,-1.5164167942934204,-1.887508039739953,-2.6244553035002873,-1.1761537405977243,0.07131873295593769,2.5363837798080113,1.9387784353213244,4
3.3900023439270996,0.08532744193928901,-1.826405485023225,2.051303328821649,-0.5109570139116612,0.010689470502760192,0.6175058330303405,-1.4672934922810856,-0.8117127825422368,0.8825879321665171,0.16531542236212635,0.9431746516913594,-0.15921768774394188,-1.2809758355135905,-0.14833649899836912,1.0502371769811785,-0.27081910945238685,0.2567118355078703,1.4599247612888688,-0.31766309561797107,-0.3856592289464839,0.4583322588460409,-0.4411839366980239,-0.047304805825430084,0.07847926978771884,0.159276587156067,-0.3853035742871563,0.6832619518262195,-0.5979547249655187,0.5593396007829459,3
2.4555481329087816,-1.0363457113527879,-2.3085912598905898,2.264699162657478,0.46620870180813395,-0.6777101847934671,-1.2056012591755365,-1.220921431594573,-0.7871902880622719,0.040918478970020065,0.6597539989223213,0.01498504354550198,0.4074128406667195,-1.237550470674351,-0.9358626730909584,-0.32483264265813283,0.15237703536867844,0.05515675614462253,0.26299874926860844,0.041387777638822607,-0.3515044639891439,0.5736524560028498,-0.46257211541445686,-0.4950916183384441,0.05795769184743681,0.19002674225849764,0.2474000660168303,-0.6098056812123497,0.19295329963149582,0.1142756664744069,3
1.0655107242573212,4.281085363624719,-0.8859229838773924,0.13299786057361238,-0.47954507533091295,-1.5354144908353085,-2.4956613704480803,-1.699603164602617,-2.8075443001280425,-0.23455931020951237,0.7119171125330186,0.037342059817609546,-0.6436487562365587,0.3792536321368777,-0.33321832696407705,0.4805669550419573,-0.532534626919725,-0.25907728431275845,0.8396331093110421,0.26335136089601596,0.11490413021600047,-0.21746410980586725,0.24518355942129835,-0.45788440521134144,-0.944296102763403,-0.45686386364623127,-1.038817895429764,0.10867881491555775,0.21288911354247114,-0.5784501434216838,7
2.4171742820705258,0.6860914619832974,0.22398413743802006,-7.1651164088696415,-0.39906563461973393,1.1064734906895761,2.19766108640313,1.0709259676642555,-2.4614768799590476,-0.8807482466092978,-0.38960446011155153,-2.8613534230861117,2.3549227806480766,0.44317164348179594,-0.8301085932962096,-1.0333089470610801,-1.5328356343640446,-0.4701394247495631,1.0239885759487357,-0.32644673404295355,-0.3213000714930209,0.9441953937654293,-0.22195653652228825,-0.45150168305184163,1.207541382355623,1.0375560262866939,0.5473549382939658,1.617608637061158,0.24135669825995407,0.7494761185667045,5
-5.327516668087244,4.648128808679901,-3.2540437884126603,2.0691522346143603,3.909869553570243,3.327297357036244,2.905593525957624,-0.1022696119845856,1.9158474812827864,0.9034510165788366,-0.8800474832458975,-1.2546910295966653,-0.9922261004299721,0.9112331757835221,0.9460355483159382,-1.5613555145003823,0.28318086102289747,0.08606290764030532,-0.15547291185992515,-0.07692036038818162,0.7811744689560324,0.3669611228842445,-1.3391567752611924,0.17478161937814213,-2.7805166150966376,-0.0719594273242549,0.9275517431670185,0.07934931363551587,-1.2137708332685624,-0.2316965125823248,9
0.8763117993151305,1.2343909834092504,-3.2272997499268885,0.6745257415262269,-0.3511036669838571,-0.6823140771173161,0.6522982526748975,0.7722709423408817,0.07214167293989009,0.188235879995357,0.37683528508240616,1.1447912488666572,-1.3453802429110526,-0.7868618378373351,0.8275650814677692,-0.7852891407312386,0.3558535595465518,0.24099103380012835,0.07721211122444635,-0.007645003207732211,-0.09442925802583133,0.36880189176944245,-0.7463141394542767,-0.3217490898512906,0.9748155160905123,-1.3847583257582508,-0.5510753155459405,0.10432226283039678,0.3649034904278621,0.2202594523290867,9
-1.773599267494633,-1.2054496011524434,3.368748574321452,1.3686708244437011,-0.5109577418461662,0.4767819166766909,1.4959175041002823,-1.3784233123911025,1.0908850706129964,-0.6234378901448508,-0.1258837670428527,-0.3147404535722896,-0.10772747967413353,-0.506790577615495,-0.23066861347236534,-0.06258683541812027,-0.4238945689754457,-0.8139335021274777,1.2578541445959845,1.3861172721813388,-0.4002466760315508,0.3099907036311934,0.28114196654639856,0.5279010949915761,-0.2273648809457832,-1.3157300571608825,0.11872085937188448,0.3360941230068204,0.5698026453914217,0.533652777777066,6
3.8452346074401516,3.155176358160601,0.4133040513932792,-2.673050225642046,-3.06778429779939,2.4227108323062696,-0.8520759590194493,-2.326966507152191,-1.6799966800416108,0.7338712097696568,-1.449556531457201,-2.44353247164316,-1.391601944472219,3.428199651896355,0.7440312461193114,-1.894754951471609,0.024714652145328954,-0.23060176647508374,-1.2508941777412255,0.5479025246943349,0.9908850455207834,-1.4372842604352727,1.2027007504469363,0.2663788592112913,0.570821039875611,-1.1914977301966976,1.4876363434247124,-0.9000903374766566,-0.18573000773649578,0.6084911631323978,7
-1.2500249631152436,-0.4241924392406277,-1.0989825877252966,-0.40775799934503787,0.3665266632217293,-2.0500648251747497,0.09339233193178809,0.2143281421311336,0.6504639456652449,0.005738444077107894,1.7619557594864277,-0.7762016941194264,0.2955070805643809,-0.5990391918203279,-0.4038200909249529,-2.526130443101015,0.26204844122004717,-0.3832530300092696,-1.3611445732739473,0.20990131649336766,-0.15827503192079714,0.2582695604445593,0.10431034312331569,0.8043733196759999,0.7006114506138093,-1.3461390346121254,0.24510173867247181,0.23759863068413015,0.7592415702533661,0.8761551029260045,8
-1.496492250994278,1.6129314349148265,-0.7782355135380011,0.6846156592318492,1.0193021752684845,-1.493967246152651,1.1626946235682345,0.1251867680510219,0.9850961432151977,-1.506626121674434,1.858463644978223,-0.07731977650506018,0.42324090277662096,-0.5302652703326479,-0.14980806301829214,-1.7333112750197086,-0.13723083943508985,-0.29258903258056945,-1.1211531868812696,0.2767090589863282,-0.10868231943182335,0.6051298740510207,-0.21934033870587705,0.42889394440526585,-0.27082234592911486,-0.42267573968139077,0.7341537678287346,1.3305695284849344,-0.04958090579246979,0.03837256883417808,8
0.8906660607186629,-0.8154553251572942,-1.8882043744898818,2.3292392571889824,1.8782723862615658,0.18973117125998495,-2.5399194488931465,3.248786251715348,-1.0947719715782538,-0.8087318468144568,-1.3248048938992556,0.3408637038996827,1.2931278242859148,-0.7072915146234914,0.0030890640014974097,-1.4021581450582328,-0.4838267779616075,-0.6802028994507417,0.581781495573355,1.6464740526588206,-0.26228326144666764,-0.6250271396418473,-0.29417647033957905,-0.1261600173267628,0.39084657431558856,-0.6971672250383182,-0.6277608462342044,-0.1534152202121516,0.172952880134462,-0.7987375964802913,2
-2.3778846897636177,4.565215019448159,-0.3015081646361008,-0.6336771709680082,0.08144618938058139,-0.7861721063315793,-2.947839549256137,-1.0466583699029777,-1.3695698184322938,-3.501242064928376,0.2867721299350416,0.10156472778053509,1.4574081948923912,-2.009964329865942,0.27907248492281717,0.44337812986935476,-0.4671632705959078,0.7436828104718821,-1.5686757876133226,-0.48011318120901136,0.10811362170071341,-0.022781461065316398,0.27871239015260313,0.14906375784187983,-1.4128805417597288,0.9045617960956877,-0.6889176192154881,1.4830479718943674,-1.4332080641195717,-0.01393461846840224,7
1.8043746192582293,-0.4722810558640997,-0.3668022951623696,1.434007739998668,-0.12034371553393955,-0.09247674952703823,0.9972006267331499,-1.3255558027464531,-0.2862519113043384,1.7908729265784984,-0.5478594349646891,1.7559166563358592,1.0851816767053486,-1.3915392254709555,-0.8414047222267853,0.6654897372124849,0.44686543243631527,-0.21757747284145731,0.8945333087407746,0.20004535980111016,-0.36789461538758667,0.26698462104883425,-0.2513267627751889,1.1494582967829305,-0.934721664464464,-0.25052183776969184,0.3509756743925815,-0.8058238621935255,0.6955259291911438,1.0223421759327644,3
3.526498687641659,-0.8762415204491344,-2.603565876275776,3.1819575231824833,0.22529598360444228,-0.8199650777540276,-0.900994865903002,-1.9590483989484602,-0.16140969986680337,0.013935463641278144,1.1644289665024272,0.5791383887831072,0.6165979031320957,-0.6790581539772002,-0.2856603220815123,-0.2445038339318704,-0.37595960507356135,0.23900376787011074,0.013688462782687321,-0.42875774454431786,0.6690944472974274,-0.86271245354808,-0.3357801073924351,-0.6876922195915505,0.028381063399552243,1.0338084517299446,0.24418600294289128,-0.4873613395173254,-0.9291864752338117,-0.6374660779416932,3
-0.4665976045727589,-3.9137364799116074,0.8502326937125909,-0.46798402511937376,1.3910392917372036,-0.5343259143792871,-0.6956371266153639,-2.4474748773394253,0.20734445727249395,-1.4601208476895033,0.8681928871168099,-0.3168312632514195,-0.11043826247027207,-0.7994680338994664,-0.540652882893216,-0.1499625949885031,-0.18434478000163948,-0.41650823044339036,0.5849236446990479,0.867577621969462,0.030013750100598143,-0.21339087364705853,0.0017292073725472417,-0.6727451660926098,0.31390532834367857,-0.580808839355768,-0.4324401447094273,-0.9392043943066739,-0.07270735677450554,-0.33038104181992173,6
-2.4660514925432424,3.758465922817688,-0.6827408116954049,0.24425750542404373,-0.20986221803226454,-1.4919550148035676,-2.451526169928715,0.0894677478186564,-1.1865639172883962,-1.3065052319601882,0.24015991258021405,-0.2303801421957721,0.9672163390318693,-0.7300121694426183,0.2619225799351734,-1.2849451523859747,0.0273700481220411,-0.0728010091139913,-0.2523935631705092,0.38785612635918776,-0.3014090383330125,0.7076533934503225,-0.48770278172336345,-0.23216351318060058,-0.39805002277862783,0.6586232941262551,-1.226251708563195,-1.2297916782604323,0.6547050204877984,0.7497118456615435,7
-1.8497402726481775,-3.897409444645009,0.31582164842264937,-0.8712680285440134,1.064599210892824,-0.8823638536062458,-0.47726710130779165,-2.499149560842738,-0.5112797429635622,-0.5699883540920337,0.22986834501039058,0.3195990999255096,-0.5473958984240481,-1.0363766200530629,-0.7912591644976363,0.17332859052717858,0.9020564230529261,-0.1484954425078715,-0.007309927230506559,0.42797642558456966,-0.45750522461116994,0.6120429580218786,0.548455005673442,-0.0769794573007507,-0.15872428004426375,0.4989990316403429,0.2891486252291932,-0.02694238332362941,0.8186847565331845,0.863792560418101,6
4.007148215775633,-1.984921829930769,3.0930976664083225,1.9461449079928648,3.90074751279487,0.5343076185881096,-1.5044473114192034,4.2897165765602265,-1.2161356949541207,0.24327066295881086,-1.4677520700680142,1.80338651251215,1.1213231595136575,0.24457942934758692,0.34156410597040826,0.37524272374012463,0.054709043665222105,0.3500418532663884,-0.7295005689858873,-0.9952633752988631,-0.0995327376857371,-0.8613276816320471,1.6633914609105958,0.7312880201865458,-1.6329033827862098,-0.5589578836394979,0.0878843117246837,0.07427760038055824,-1.5904783822295947,1.022070500168052,2
1.2686765186310818,-0.08325226236422718,-3.888087687861844,1.4449065473443647,-0.4994058631386032,0.1854072623872631,-0.4788738062457905,0.5323743941583098,1.100927530404798,0.3905284493840096,-0.8412146622202366,1.1852796707581756,-0.8691556363995088,0.7394225946783912,0.6369922460424168,0.4842326071640293,0.17865629592041596,-0.0559105507992523,0.5790184085850417,0.8666775870572206,-0.30175253618410797,0.4274863434557441,-0.730822859339354,-0.548682631755191,0.38804025620229665,0.6710277406792176,-0.7253946792554422,-0.34456703735612243,-0.6557341842728458,-0.3968325612070104,9
0.4846741372469963,-0.5690270775043332,-0.0071650551263836805,-1.503621101724246,0.04718550631080127,-0.6202675866115758,2.4091214120015083,0.2111432322257158,1.4084184832587114,0.08616739216227026,0.12117215600813094,2.149238142039541,0.5774268907474313,-1.7479198648907506,0.6618990073615288,-0.8602139407248325,-0.1636012803612738,-0.0018542214517780153,1.0029674010951166,-0.06144847172325655,0.47157797021449294,-0.6704038433964917,0.47902468815036436,0.7140001643017246,0.06896175738595349,-0.40866226123925825,0.8428922243616669,-0.6521474654395845,0.7320613448698843,-1.0964079376574256,5
2.2365349779869548,-1.4963802710124134,-1.839911168397851,3.142248431105587,-0.5300783459562556,0.3447429854869593,-1.6721291373032259,-1.6239223382173076,-0.4467130513748992,-0.4759289917571164,0.06216471895383761,-0.4091976769306117,-0.7621319720269403,-0.5492067780001136,-0.829475190913696,1.0630185722140664,-0.22045048294962208,0.4183411248317256,0.8386664971689259,-0.12440104350659416,-0.012467230427362246,0.4055203809299879,0.33263998351947555,-1.0512491484892972,0.09038096458216989,-0.008705766971672947,0.7255647211184878,0.4437970907319315,-0.1495637573544023,-0.4218642680164994,3
-0.28026391816262786,4.614681420880093,0.22490678203705441,0.01901725221125272,-0.6776622039155777,-1.8104339310531756,-2.6352831855484817,-1.5124013172193265,-0.8748510710070648,0.6797851461219993,0.452043554432383,0.5182357707018911,0.14722563674555217,1.2206405423126163,0.4337229114167284,-0.18424847109155826,-0.42535736904985144,-0.33641649180742683,0.03309194403887662,0.6739679516649969,0.6484271703496571,-1.611164570815428,0.45184239808005466,0.6252256403718864,-0.734300549344282,0.06283727378002761,0.6299421923814499,0.5986193865417401,0.3190111695916913,-0.40119793139606014,7
0.35111791297576384,0.8325802004665691,4.800312407861866,-0.07513696731404688,-0.7137953636054927,-0.1993428488850063,-0.6163994627142435,-0.47180150224298306,1.5953217922869518,1.5805034311909156,-0.561325091273448,0.6185546425849011,0.02905724380047682,0.1328288020637599,-0.1125287239714176,1.2079343687635478,-0.12633127511524755,-0.307015557879238,1.5025554823308456,0.8054876862701557,-0.3548354120331875,0.4501699000911784,-0.9423654019347473,-0.36824082636516364,0.23040899184795896,0.22500275202161027,0.4758882629433046,0.6985224663391445,0.08426575513997538,0.4259068404703397,1
-1.2629621249761256,-4.49039732253659,-4.327245352764108,-2.1212195451126075,0.019310324632115388,-0.3847780661297407,-2.1407160429456704,0.09750880260102746,-0.08469837147629439,0.007479303417166654,0.27671540525321175,-1.606311156176463,0.07549163271501996,0.8992061977585752,0.19187109574697492,-0.2516038548203247,-0.757477100163721,0.24457197158596927,0.4135211766977017,-0.5739313328271424,0.3219252451463352,-0.5163077985793525,-0.5337746344049275,0.06986651474009141,0.21903973256394424,1.8501268026359066,0.2686992357451961,0.25465064929805753,-0.5226883233581837,-0.25618438816363875,0
-3.5283169663145197,-2.336554218361376,-1.2377364667214499,-1.5019695393218018,-1.5329218430296025,-0.03836155110970731,-0.8205624529592885,1.9330132656746661,1.4693183059758939,0.7904733093977667,-1.519337350970132,-0.17872715271288495,1.4286817197314245,1.1056717814543402,0.1645497987635013,-0.09588530497594668,-0.067342530730445,-0.379439551725174,-0.7640565307717823,0.2369072435390185,-0.008885376305771128,-0.8630943547868308,0.6300281435887937,0.33319883101792047,0.25020715617075884,-0.04869679095991632,-0.9149706289645775,0.5953675000154096,-0.469942878529941,-0.2316105704537508,0
4.7150802149442965,-0.41003189741980606,2.344920054954433,1.7712447832480047,1.779820947541713,-0.2367174952784181,-2.8092750682639624,1.8647308330530143,-0.7944014385195165,0.5275393353094402,0.19329179901835536,-0.8613199033442754,-1.0811808182377503,-0.5376665067355763,-0.41307127628236634,-0.09075172308737244,-0.7786594829952704,0.1840189105444625,0.32392946869595,-0.5852224435752779,0.780055668894127,-1.4346347029575668,-0.26700888562873376,0.2371996973716957,0.16494400669342646,0.46349073413983605,0.4209244987456662,-0.10873923017911678,0.2224432054698399,-1.5993165902772382,2
-3.8105809394102588,0.12429964284771183,-0.3923185947100353,-2.050586271354812,-0.3131809481547694,-1.0457795623059418,0.5355374975306052,-0.8904653628184107,-1.079913936839975,-0.4768839003036923,-0.4998595868473397,1.669386412109788,2.5360716746331584,-0.7109178944981004,0.13661178237170174,0.49741246610270756,0.10195261040196951,0.20278357985572248,-0.25662937991961177,-0.7133818856285176,0.7838110038786825,-1.6516232115859728,0.44496040223913497,0.2987472036593048,-0.7471325715628442,1.5238800180993484,0.041083211947260674,-0.4133400081935661,0.6433265834269359,-0.33639234207138297,5
3.4687483616723607,-2.17076052310399,-0.09715318562608298,1.8521295389548738,1.2582314643992023,0.37979918441555793,0.3481160861128555,-0.7753435748345849,-0.29147238944905207,1.171784488910937,0.055482048984110015,-0.08775052507534042,0.2910168223943489,-0.9312785636065554,-1.7340754008466295,0.6310137442194169,0.9591233736530749,0.026830366174446705,-1.5819049806892256,-0.42359762118290006,-0.4789537728074472,0.5938077374248649,-0.39037723501723454,0.8710293343981758,-1.8377799864403728,0.05929332125613269,0.24434123363122306,-0.18214012817885455,0.07875979892845492,0.19151611109342132,3
-0.46342585190360297,2.525452519012491,0.18818479332707852,-2.0028555387137295,-0.6244658523562839,-2.6535231675599276,-0.7329496000812251,-1.0596011864079766,-1.2801498732969039,-0.053850082859509346,2.080277958174034,-0.08096982002805962,0.8962789208871884,-0.3633652652809686,-0.7114599679842493,0.6813980007305058,-0.7037522810381862,0.4314153662600217,-0.43081858829996517,-1.8774799178992048,0.9090933746563893,-0.6193152864366807,1.0759792163782917,-0.3108704156004612,-0.9169990125429804,0.5961457836026381,0.2998341725014843,0.3594929675056577,-0.6479959928044419,0.3473408890171673,7
-0.8068230761743528,3.8553006841444404,0.910548706680494,0.5440382603740757,-0.582223548243282,-2.135982079277784,-2.3223590568686356,-0.6391487979530089,-1.2396641561217405,0.21702272805644107,0.8817839645628536,0.03807306166524135,0.6368990815070968,0.09771558499249584,-0.4799630397459724,-0.4016254580153207,-0.4101640093438227,-0.6044342792009791,1.100735775559705,0.7932780966695716,0.10055174843941893,0.10511788795485648,0.2033534159695272,-0.6619661465807376,-0.42945535925359724,-0.27887157539851626,1.0255035262997572,-1.0097396917569177,0.3934907674053609,0.8468179836697776,7
-3.0447149642452302,-0.33929028993052096,0.7402605497239801,-4.370174002976575,1.2888083700286088,-2.3079845513611312,-0.5168646458973317,1.2049657946814856,-1.6481312959120198,1.8147229724205909,0.21946993088527225,0.2778759072900525,-1.3998241552726718,-0.3206943098369367,-0.6369515444502114,-0.8795778315974562,1.5909827582509217,0.04127599119211109,-1.6988492029079987,-0.38134528096594883,-0.4617047539687722,0.5458100239811587,-0.11893802371138495,0.7303044169747788,0.2512711062818723,-0.4446454922749893,0.8368446870091956,1.0455899558971313,0.4266608357202541,-0.45595832186517593,4
1.5450749405109034,1.3161303495490133,-1.0313300976118678,-2.0559686302784774,0.14275056489702553,-0.5408473780168929,3.557849110390543,0.8751694593712154,0.23124454762524774,0.36821086961563043,0.5597978213637851,1.747632039050976,0.9776410419441597,-0.6148877379954035,0.46763773237885037,0.18672340470360532,-0.25638833686886464,0.1438113067204181,-0.023331047630094696,-0.9415531628604163,0.4053037842188244,-0.5170001072204181,-0.2736319892002072,-0.031321624359651586,-0.2045209636199576,-0.20214233422475947,-0.289447271529002,0.9969189700082447,-0.18547931543981186,-0.4574385040501562,5
-1.9478703655911593,2.2421856290888957,2.932273988553372,2.6658168718048283,-2.054392176522148,-0.2532354176049989,2.265621763961935,0.6253049872767673,-0.9194692653992907,0.8746647418726067,0.4550384494723103,-1.2102804109122691,-0.7562614872474457,0.6572064757060865,-0.36938179036119706,0.22963103208380287,-0.7175275582901838,-0.14113384392929576,1.3596047658928565,-0.7309522231361703,-0.19793244621974962,0.5797804275499608,0.1900528884941175,-0.23194547128807025,0.9572539346828077,0.1594724234636707,0.3802907572241978,0.714533701663762,0.5444958700403417,-0.15910775701157984,1
-0.9400121775664892,-4.287231293853743,0.6286564960164273,-1.1680001211259834,0.8575997495240296,-0.34076285146044966,0.6964700546055986,-2.57995711713892,0.18386500051885724,-0.1575688270906384,0.07106324711735322,0.9280310149335055,-1.5835050532545079,-0.22247683357428327,-0.22336960075956747,0.5040672773917687,1.1749281146295263,0.1594571989698657,-1.5573629902284922,-0.01302112605759681,-0.008851178294726154,-0.45024744851524484,0.6868472223987705,0.5316283910869787,-0.45100263547865826,0.16313683641722665,-0.5694706625529105,1.354644322063336,0.31137396728271544,-0.36529880802838555,6
1.6473402600922598,-1.468544782780821,-3.1190504405748296,0.7789179811666578,1.272680477624687,-0.11746390728911325,1.876189903229468,-0.8489138773132738,-0.35526732792102056,-0.7428021266129616,0.6580393633900591,0.8828803044934852,-0.8836540053816554,0.588060032911771,-0.37958999047355385,1.9349992767028543,-0.14206365633797252,0.24709114292392995,0.28982652534510456,-0.06678159537056856,0.19178022001293837,-0.3952590010950873,-0.6970610119859407,-0.9373483504902447,0.10814173718065435,0.6291449491672382,-0.41862156620906943,0.13937153913664482,-0.03246740296191133,-1.4896215323263433,5
2.406914415609857,3.719448982224586,0.5849177269661551,-1.5882307479040318,0.869293890533588,0.2306994320784183,1.7857607233856054,0.6160557079909974,1.1274727560691387,-1.0217402338634938,-0.3043810142556664,2.0221527581930356,1.61094556221733,-0.299607670183424,0.2727212656459726,1.563137989560756,-0.3255518474169487,0.047281711431393834,0.06418946107960341,-0.1678942446537937,0.10083548411905972,-0.35692343580867125,-0.5200789360691134,-0.3165283410537471,-0.6194020368499578,0.8735056017392914,-1.0436642004151355,-0.41259292940291314,-0.4329230531546492,-1.298432236406991,5
5.858472469847254,-0.08514748312023755,0.6955564352018305,-0.6147549828522544,0.09833377198019559,0.40137882586369245,-0.5770621629897887,-0.04154087944388613,-0.07171264270476603,0.8332939868266326,1.1448404007400312,-2.5231070354244722,0.39897976449550104,-0.14884485884453827,-0.1722931276508689,-1.1190253163897177,-0.9865659490755483,0.3814771317040969,-0.45362072955766386,-1.3654850512648444,-0.17584196020112847,0.2747256384207016,-1.0188796202685872,1.2755664737581403,-0.16495319392933636,0.21287950794122884,-0.7205036861867848,0.14068990433537354,-0.2232476904245825,0.8536968637903616,2
-0.6719130375343823,0.9875244206106001,3.10267827533882,0.07047023709538043,-0.47128996499174586,-0.9822018172701166,2.638751829278701,1.920486039366387,1.0963263413723638,1.7292770673408746,1.0695566691337182,-0.5306469458416083,0.424376103794597,0.7058954576201855,-1.2258510109976037,0.5893357255748406,-0.3088991727932672,-0.20170628722708112,1.0416915355748668,-0.7639140224564894,-0.15005560509037189,1.3633355113698464,-1.205211440277087,-0.9468363032668233,0.3958437371989974,0.43156254108990344,1.5592986510445073,0.04372610999655892,0.33657491711704346,-0.11635553464758686,1
4.220360065511461,-0.4425038739178273,-2.919626040282437,1.827015344671356,-0.26120430866685757,0.15526574532993656,1.1543930919251242,-1.9048495978649234,-1.775135083561139,1.3914310462109207,0.40188375031888596,-0.15798931755228623,0.4767307417829548,-0.33273655306517674,-0.18365420547564723,0.6313426590206818,-0.294991212627119,0.08607418685930308,0.5864105888370464,-0.5097680046594246,-0.5820533799415161,0.09183228124334662,-0.8693987004333651,0.322337418322129,0.435695997872774,1.1333246143880908,-0.850285968079053,-0.1912197813757241,-1.1882205883278074,1.2730706439591861,3
-2.215801857095811,-0.7912640437803077,0.9540613416351122,-3.2205346243103445,-0.9577508106087228,-1.7682722412319425,-2.2309378488762226,-0.6384102914063894,-1.9612433601979544,1.0650095547082068,0.14795308162841284,0.651177625303289,-1.3596160110577944,-0.5490687752969247,-0.5004383465623832,1.5039647967395224,1.3383551126587705,0.9994762278257453,-1.901077676508085,-2.2597505555313298,0.43216042905264107,0.07836495546363591,0.9240506674787279,-1.0014347027563613,-0.2228109438218124,1.2266806718812715,0.40321121166112056,1.0099030327163905,-1.7273229147965246,0.520836343963771,4
-3.417250983028304,-0.6066294528022089,2.6982941205742312,2.1369127079052315,-1.5777124473913737,0.6285702147009075,1.7263710105001986,-0.5409577783731169,-1.5014515424426642,0.42846328542423323,-1.2139436777802401,-0.18622815079388919,0.19758466910332498,-0.8659424787060417,-0.6891605850892107,0.78650572346954,0.6700136761205683,0.06350757680460467,0.2183927330488061,-0.5109290047632922,-0.5718401444562891,0.8575577247333781,0.5577144519481515,0.04054988489941608,0.26013745599983606,0.5928751414015315,-0.5389867413666029,-0.8140810054093504,0.16636815255442977,0.6186596163196907,4
1.2100770955527136,1.3122413194377833,1.0219032578499936,-1.4990913034105189,0.5778315371763405,-0.4887704212817421,1.8044086208439991,0.7760095916570591,0.4873199364411424,-0.04871466550550765,-0.2736588637033264,3.0429076063054246,0.18128169974898045,-1.0700736033943732,0.41786511828490774,0.7082422361580667,0.09885952582475628,-0.37450458700342487,1.551415083074112,0.6211924659274052,0.16618837855029883,0.29889533249831834,-0.6763831238281944,-1.1485710276125058,-0.061228671766267416,-0.7946312828705315,-0.5340459860334077,-0.8485666838159813,-0.3715102631986468,-0.9417945833617866,5
1.9249228179339326,-0.15915287205853798,-1.5641359590354222,0.2297301632024905,-0.9472703392385421,-0.6896632577864987,0.8329244780899193,-1.1588623241460543,1.6931036378698268,-0.05113052651338367,0.9007557970949958,0.44418760581775274,-0.7123094740827461,-1.1342983032012701,1.1807184270583206,-0.694616227791708,-0.11379804947189319,0.5462765144220099,-0.6181046880291816,-1.1356819082722007,0.13318770006483238,-0.37184498107522657,1.2261351825050688,1.1957105230934002,0.3524812195696796,-0.03925554159284172,-0.7207715657400403,-0.2077148948176109,-0.9115817452759826,0.9688583774485423,8
-1.526195275214599,0.872425455623141,2.00557479658266,2.1629046475031104,-0.008109930945291303,0.3855894093598495,0.17810472503616484,-0.8526378466338598,0.7955922777783316,-3.137311254802703,0.9362926900310667,-1.4859102906997625,-1.6324664944585923,-0.10679641973269464,0.9783649643024888,-0.12912479996775936,-0.945926507009405,0.23731268323679577,-0.2919091762441136,0.19436886953772495,0.43273996827244493,-0.030891015403842984,0.25143115416437134,-0.15527244831864329,-0.6984468479967156,1.0693771402433687,-0.05233751686288149,0.9551871511726892,-0.3988029232265388,0.007852431941517227,8
1.256615370423295,3.5397983283786734,-0.0309353167388372,-0.751927146686287,-1.6553052913709059,-0.5244976684870105,-0.3035204843418218,-1.4969675864993757,-0.955007118735102,0.8019740242730337,0.4684923998519366,-1.00446411449735,-2.308727406521745,2.2817203996262565,0.8186244034370254,0.5954905787307903,-1.1573962231155872,-0.35075850493912386,0.9299955131383564,0.14359649149764736,0.4341908888338376,-1.2057996370133486,0.6485294776783309,0.4453699598278065,-0.17256755328300377,-0.7009272929332587,0.08254983336277708,0.5040237902859919,-0.91446170658173,-1.0137397673748443,7
-2.0067010923198305,1.092451470097885,0.21438734872246304,4.891891885158869,-1.784214219200225,0.3563819097904921,3.296629266592348,1.6026273292911233,0.11527818358205193,-0.022020325029480755,-0.06751415328831264,-0.11422125690277964,0.25983596656152724,0.6472590056976499,-0.6834673576762252,-0.1681312455517638,0.26217852179858864,-0.3248876779176355,-0.8183489390896982,-0.24412985199370213,-0.29311858761563325,0.5035442429841742,0.6100873506195497,-0.4532851358571159,0.8207969909274548,-0.8705265176071179,-0.19379719284706817,0.35670129544208645,0.26025323505017267,-0.20971898864324132,1
3.5160996535553326,4.038573634989012,1.2333138460913784,0.525587947843269,-1.597765818213766,0.602424176827137,0.28553776399484776,0.2108515444435995,-0.5845052921289375,0.3038512459917403,-1.1472574220575482,1.1651931680834777,0.28355361185759126,-1.0283392216334921,0.812310373682678,-0.8032811290499641,-0.47425441242553623,0.018506399886506424,1.0459545312249174,0.15490912115255517,-0.1309465025732045,0.409476729779201,0.1430364103046799,-0.073697317074385,1.1918391043674563,0.8460480524408418,-0.36369652948428216,0.6187057675811535,-0.8237418604168654,-0.6383987803347583,3
-0.7279346260567205,-3.9920299795522567,1.6891247186196439,-1.6045181104068291,1.63926326354326,-0.7775064458235881,0.21182840911660378,-1.8694935635911842,0.4720103154347333,-0.743203840534158,0.20502347102661264,1.1222757665156686,-0.686193226393053,-1.7215158454408592,-0.015549187279684462,-0.4789747463430736,0.7939044098037378,-0.12348619519016453,-0.8337822577501748,0.41399235470617274,-0.12182681714721344,-0.40922538184834273,0.6755019539900526,0.4045256703971503,0.31213415546131074,-0.16167392172120493,-0.1773924198072878,0.3915787704421432,-0.5939541184143133,-0.6808141313633417,6
-0.42606808780180283,5.172877781895754,-0.41737268362378954,-0.7382226550408375,2.9827942269730774,-0.6233996847149541,-2.180652353344509,-0.5273547420288601,0.7140338582957517,-1.9907192192731125,0.07761980174679108,0.26729135184556957,-0.4011623568241831,0.705497566612371,-0.8973346883487533,1.9461501598809143,0.4528909794928994,-0.12784698055985944,-0.8786265824125945,1.1071849200688102,-0.8447073009587287,0.7782143639766287,0.10602844430336458,-0.13693552194612393,-0.4766006251975541,0.1576879135017353,0.7853062701569247,0.8384395906974844,-0.929947872836348,-1.00651744212423,7
2.186747142344802,1.2303843572754278,-4.109678694650189,2.2072814029097545,-0.38592122058599876,-0.373968510274934,-0.9910970256024081,-0.9778179877205295,-1.1698487008575986,-0.4549618528921804,-0.19264539647318313,1.3215278846934182,0.661423471813065,-1.446335447627622,0.0933514374996601,0.13538395222147367,-0.08083134956025033,0.3491987202046092,0.7414032924271414,0.027930228892258848,-0.28753154813379167,0.33609578897604886,-0.1235830526897593,-0.4720263978525066,0.14598198397393683,0.6357536030111919,-0.6244499559615484,0.9737042805058177,-0.09821381354647638,-0.08849962357820788,3
-2.784083446208327,-0.32879539570567257,0.40788979588609114,-2.4261492541893053,0.9921846624659463,-2.3124659230460973,1.3599830898825689,0.4916494131928184,-2.1257422834862365,1.3937847884894763,1.0829607067912717,0.6475388507285104,0.8690223538344167,-0.5288956129137663,-1.2418109606200232,-0.37262938825551406,0.49269067895937413,-0.3121884716402752,0.533028617989498,-0.37407520384849524,-0.07786815931852131,0.5482527409278101,-0.7733706450522614,-0.5587208766356572,1.8032785701558766e-05,-0.3311669281578356,0.5022752648612501,-0.5400535498312033,1.5274716317988668,0.7623718250524272,4
-5.377404151973949,-0.8069222971979843,1.2450875309601708,-1.8467797139385753,-0.5017022194454527,0.3515468259799538,-0.3306203188924058,1.0420116023072552,-1.8298237436470182,-0.4185039705615957,-1.0740943486947947,-1.0130506883654293,-0.8135676666296572,-0.12977940067084598,-0.2266909921580212,0.12297877474584953,0.3269496834143345,-0.17922730844378057,0.3685757619840435,0.33982253782467614,-0.4297860766900725,0.8136949426152198,-0.822506274164985,-0.5585135373779623,0.060396019049174895,-1.1287783207972135,-0.8266719788061833,-0.1769830652080819,0.31088608494610326,-0.27379294068554055,4
1.7496549018896348,2.2461216565763737,0.17532927842742216,-0.5946445014112804,0.171676964245348,-0.8534219974385543,0.9796193687780058,0.2319270717055733,0.5638554364285971,-0.14294304346211606,0.9699055829176327,0.24786506576820844,-2.259319906783855,-0.7184401491490255,1.0481908744647976,-0.12652477835285966,0.5406712766624019,0.5287635853506683,-0.762203722584675,-0.9157838547455162,-0.8416277191258165,1.3880267367895789,-0.43852002885371205,0.5928603658807746,0.5975333121322334,0.8695190014900347,-1.3918352086412211,-0.3584558033777794,-0.3556712576629349,1.1543992368324711,8
-1.588485361692442,-2.5744306071736154,-3.049025729464328,-1.4151157327677872,-0.592908703921495,-0.17054712260913257,-1.6015461725474207,1.6043149376922323,1.4107501557193705,0.01299736897740541,-0.8049796667615946,-1.1864789634739135,0.03270233656866109,0.5931145665141826,-0.4010536602488557,0.0855285153233139,-0.43999591392321596,-0.3615647386135938,0.6573539512329618,0.39999944094020623,-0.47197742428669837,0.7811927074441168,0.7443589606313611,0.49187671116195086,-0.48511745357202424,0.5186971988941811,1.0226353776427612,-0.15785396566056006,-0.033533019165895656,-0.017521807827009017,0
-1.075618921914538,-3.7006540089189586,1.5686957993570296,0.21292844744487552,1.6597929488507361,-1.0704098904889219,-0.5361627404081182,-2.438091399994695,0.25690920750897783,-0.8327115850329846,1.17781726836263,-0.2778539862763211,1.2974744840033747,-0.3470303534444517,-0.7928556597221877,-0.922460334971751,-0.20870270096047497,-0.7369595679824668,0.011704734745507902,0.896259180080642,0.49306110213108073,-1.0583824062667133,-0.31558710195557876,-0.5268823763281355,-0.12931564523087707,-0.18254633860829328,-0.3315799518807144,-0.8551102295190339,0.2467444838481497,-0.4308655128555032,6
1.244487624190499,-1.8997616946405018,-2.3815070365300124,2.6231333838558104,0.35279607118392814,0.2893493397022686,-1.447078219969717,-0.09725967636123467,-0.023471446100613073,1.4395107936998235,-1.5339125647552487,0.8984109422379931,0.6530935795398835,1.6846965941813778,-1.1979190069803705,1.392221562826633,0.747577970550214,-0.683054063396389,-0.06329794227721357,1.551739071229267,-0.8070936439242755,0.5385356186611798,-0.3540338728972561,-0.49293783010497205,-0.4072499553361332,1.0109901079231511,-0.22805037836831604,-0.273432196410202,-0.5792055959504373,-0.04462007097048112,9
6.11730259413394,-0.477213814240059,1.9344626325505063,-0.5449933067319035,0.9275759622661802,1.210794052767279,-1.0531716643163893,1.6200561054018496,-1.1825735490773268,0.8989206585490899,0.14744184647601472,-2.611682067813915,0.008855202226041206,-0.2474634317897627,-1.1625579398905632,-0.8427697326064245,-0.40671958746230785,0.2091333310717495,-1.2263741997072706,-1.1718240297859654,0.3147399639008202,-0.45043611606830153,-1.2055655309504487,0.6810092544958471,-0.06053406703932218,0.17686663304734784,-0.4597432772264894,0.024168892868297525,0.9049438364246242,-0.7556687503561631,2
-2.568681326587836,-1.9725553343814881,-3.476143103845793,-1.2068881237671913,-0.5928205191634799,0.8235978636450376,-1.4541881275267154,0.42738421241089875,1.4887421448918834,-1.8391180206243787,-0.5252233069096138,-0.5479869119046861,0.3216992597842448,0.5915866334789835,0.9292488550659496,-0.3087394976674613,-0.6294909367710773,0.0628290558311993,0.48583493261488087,0.6686277423222875,0.4442130137043586,-0.32059843970869545,-0.3876760741722624,-0.3632561974586206,-0.7533601037100572,0.2810188064115157,0.16078647119879694,0.017197326469090973,-0.49581373587351746,-0.26587134458259726,0
1.4870671019184702,0.1930253330771756,-0.4647944750064117,1.7792158034595082,-1.657134159327158,0.4762276468002044,0.34815892784872704,0.7922109304033074,2.2922482474432857,-0.17610557199307827,-0.6384494972262676,1.661684443725123,0.2916988918139203,-1.207172023470902,0.640767813868713,0.22952000989088286,0.16776971725310807,0.5645412270264448,0.012599799626595817,-0.430019364578925,0.4835779909345083,-0.18571556783278223,0.04236527510260934,-0.9860737445296311,0.5755347598794415,-0.14415433499579025,-0.1598999189676991,0.05675447585223751,-0.32414789327192856,-0.6739720036669774,9
-2.194430484701503,-1.6230820561039214,3.1786645648150924,-1.8165933652371702,0.07551979439455112,-0.47555618279225703,0.44566503330068963,-0.4110869233424982,1.3660092500703127,-1.2380035895421533,0.36712749272637074,-0.3809839530149862,-0.49804002782378975,-0.7986957292370123,0.22007822151779352,-0.329986271882192,-0.5092858015415676,-0.5394392257462602,1.1436648714451774,0.7602479937961869,-0.21719166109826413,0.44525891890671204,0.18417773115492192,-0.12980913576425943,0.3658740467283174,-0.7126340839483581,-0.5150539729294701,-0.3151924099112595,0.5135382097732187,0.22507407382047478,6
2.403440355462013,-3.133382933485724,3.145411483476633,5.930382038812392,4.92034158773188,1.2479884121847236,-0.6906061246691834,4.857083969899789,-2.7012959592520716,-0.42125963088467483,-1.8470367549758895,2.1448653254504446,0.023321937648929,-0.13015976494105516,1.12044904407276,0.4599550164457349,-0.19912688702695788,0.38526914477570007,0.621119934083895,0.21806104605019705,1.0304828937920565,-3.335517154592773,0.8981636936024976,0.2989041702614185,-0.45553252814985995,0.4868787142510037,1.3598017288009348,1.658802340672055,0.18549827418941398,2.404314178688485,1
1.9893754069586553,0.5895622499558003,0.09670476748760216,-3.0134213965010126,0.5015106878785535,-0.440185715117102,3.2672018963505547,-0.5803640831439992,-1.1038661789949702,0.3721743851002408,0.32790568415982396,1.8043589343754414,-0.4265806853526955,-2.0747948293399054,1.3931243856466056,-0.8051473082333569,-0.18891900144967896,-0.03598604950907034,1.1033000122472674,-0.39624107981999934,-0.1366644915011157,-0.32532717881446693,-0.3996582268234057,1.0668629614984961,0.6851077780067377,-0.3101733939444207,-1.7187130415476113,-0.497839524531018,0.09623919637232642,0.3067486242214997,5
2.372413837204477,-0.043538010694876776,2.520994526479563,-0.24448020003673554,-0.10925528257960189,-0.7966619661137985,0.15460373219481555,0.8410367795110841,2.567244858543382,1.393890311475683,1.2942269853975212,-0.978527967407721,0.3682022832093102,0.3622306277318353,-0.614591507288887,0.0829047946006448,-0.6080050587860205,-0.13063497320882478,0.11486731536125075,-0.48638834670655134,0.3016833860489063,0.2592463354345728,-1.6175086774368523,-0.20291137838517925,0.010721415175604609,0.5284187013439484,0.43462598371332556,-0.05920533678700904,0.07388012036776373,-0.19566778625048797,2
4.104284430545999,-1.647389215089462,1.1758037220876565,-1.4570588314305157,-1.6115312736682392,3.0027658163380715,-1.1028167890255343,-0.8760632342813511,1.25379270815262,-0.16328936312811992,-1.322693054112148,-0.6499318423240142,-0.712633280006415,-0.2087433673827459,0.653485725323768,0.9727402239305334,-0.7098242133728744,0.7686247277855323,1.034676358752294,-0.3738301478636259,0.7144986066532192,-0.6310170382431403,-0.574365798342497,0.49440291483745924,-0.5973679257731449,0.3614437304684839,0.6602722504439177,-0.31076764086950437,0.864949054215517,0.02521892854263935,2
-7.364677585796972,8.690368650057323,-2.639537291288175,0.6796564776185525,9.452065622951734,6.681345125769053,-0.8391726466504726,-3.5556891559079005,3.1441922277997496,1.9186701120464684,-2.9469426129988245,-3.4971459040331396,1.396924880152726,-1.932456890186555,-0.7577433855564625,0.7272721645035659,0.27071835526211885,1.6077729047456568,1.1363319174870044,-3.0952908931541043,0.8186720767101382,-1.680596396092429,-0.1443970827698755,1.6429026558561426,0.7751641038177723,-1.2764227141143987,0.9335494753356052,-1.5121927067401242,-0.6435382918757506,0.8795445245055075,7
-1.2049397834901336,-1.2320861235296796,-1.0729531315108114,-0.47112858992797707,0.13872724148117732,-0.8600822186580162,3.61103026491962,-0.2560279811825079,-0.07198107256373458,0.08701426993808184,0.7528437435116061,1.4774494536694662,0.022303259893047416,-1.509116760291745,0.2995278932855688,-0.28484401964044936,-0.10423908776793665,0.09159927100949497,0.9676159396802974,-0.5684481767645735,0.5965075519340319,-0.5069764161981126,0.09337138025494515,0.14118446770944215,0.32782372261342296,-0.20926901420946376,1.4342631152948397,0.27472368282597237,0.41994973076648756,-0.235218512021416,5
1.8642306887605415,-0.6395317106187294,0.08504020743297032,1.4018351194717056,-0.12421513416432178,0.5740391716115157,2.072343517795729,-1.3680068739773936,0.36448586990865633,0.48255254104977113,-0.46975301473262365,1.243392617997348,1.5950460336601013,-1.012679733777963,-0.13913597632868005,0.1470663069329405,-0.3512012288442313,-0.6608454589398274,1.1311911864035835,1.0022894453927793,-0.364223490125434,-0.36420819083428224,-0.23496312394906088,0.5823849737948966,-0.12410572058559545,-0.3163599294756843,0.547505289121208,-0.7736789349809338,-0.9235426341500488,0.24359332317116372,3
-4.279135825317943,-0.4537037196118479,0.46683029519231534,-2.3334011012966966,-1.0875726773326853,-1.4400809372340009,-1.8600715445058216,1.180783230136507,-2.0057727799119354,0.8464104620811465,-0.4889074770771464,0.25289863036833954,-0.012757421587603868,-1.1266405545829465,-0.20003481855244107,0.1134771764080258,1.2700168589201632,0.9420856753284357,-1.7612597201734157,-1.9953862318668971,0.16005783448502892,0.39592635001137516,-0.4022759238073296,-1.2712762165665168,0.8987610962590952,1.4876156509263028,-0.13147025905282916,0.7493723025261176,-1.0382712411346107,0.057580895597735916,4
-1.5534489409806,2.0397326160783718,0.31669194032630155,-1.4145479063623827,1.2618048524035232,-0.8588333984462971,1.745328633652546,-0.3530089917103373,1.836423239923981,-2.5913299025458922,0.923109298924936,0.7883312522487377,1.08916372118392,-0.4376844368852333,0.1716191549089327,0.3336400348288624,-0.3620050138670434,-0.1669949826571702,-0.6884745654706284,0.07118549816644434,0.17863440078366355,-0.27189107887767955,1.21519048694575,1.253187870425165,-1.988854971468461,0.9196455097020481,0.5608460317388204,0.46634593333426316,1.157361538609926,0.1605065092505312,5
-2.8345903101248506,1.750010559019237,0.6375627134958686,3.518625480480397,-1.3818419945345708,-0.2010027684117928,2.196960041436537,1.40162205761353,0.7132090652134746,0.10999434965925882,0.08840804157297497,-0.06448026274072904,1.3374164425258932,0.9409899022846988,-0.10559089016490657,-1.0924227192537581,0.01296633768429342,-0.36273471529468443,-1.3978433140356936,-0.04639558768413371,0.2194730817438599,-0.5325624974562558,0.049394910401251456,0.04968358828379328,0.36208999547295745,0.038072510592255034,0.044257375274464425,1.1230468790613544,0.004483146964092502,-0.6350328321168496,1
-4.342897780995078,-0.8795228168939092,1.975999996238679,-1.9396814099660524,-0.6668457083978911,-1.1512337609813978,-1.011373322692196,0.593945087339165,-2.1066122689822895,1.5459909797399551,-0.8839290885095344,0.49904965126061573,0.06654370163760297,-0.848645428068495,-0.4394171816329917,0.3507810917196159,1.3791142768993494,0.5610779984358152,-0.8602125603239956,-1.2180039033029704,-0.07275692020753963,0.2731080227635018,-0.8216983612711315,-0.994750089819935,0.8924628863100783,1.5802659092647815,0.3163130423445096,0.9322746964420775,0.07251926168929136,-0.13105734924533538,4
1.627725592187718,3.541475524838893,0.9081913378508979,-3.5973998151179516,1.6616773050744833,-1.4119625974389975,1.9780808896323907,0.5149599598138789,1.3014980799906668,-1.1583432888636849,1.8535324423457242,0.8813503173688774,0.4044803408667323,0.18189988226327772,0.5965480790025782,0.8321800380169609,-0.8765282164084807,-0.01916182877686431,0.16712486206300983,-0.37794605052138625,0.14777490589945913,0.061059251413133,-0.9873942613995416,0.49036720855702803,-1.383169733271999,0.7964356246167166,-0.7224049089629837,-0.03922002895687847,-0.1119200855030357,-0.2513444793586543,5
3.390134998988576,-0.8667597433239002,2.8251044502334532,-0.8682164680660247,0.00895187778533007,0.27102638706331694,-1.2045016666783435,-0.31874584155791735,2.2948833747113975,1.2328927732619113,-0.32682174968900224,-0.3342176503143435,-0.5121065801747894,-0.163115657422164,-0.6259751714761381,0.9290979560953964,-0.17820464058053195,-0.1465323210481228,0.47978240380161913,0.2731300259513184,-0.20446243229922142,0.4251774710215018,-0.9580948137476655,0.5387501880843215,-0.6731586197160714,0.31171515368931,0.1303555189416778,-0.20517153951656752,0.4557733702009609,-0.9222933694952407,2
-2.6857723386038193,-2.7056690322016363,-2.2631320890537734,-0.5934787951540343,-0.46499044316881616,-0.37735075731640544,0.29497591218409447,1.1763261657984856,1.100323232717645,-0.1343197262318412,-0.6913962505135942,-0.12956693576199704,-0.30571894320380116,0.2636279741688315,0.05335612581658367,-0.02013465824321747,0.10710979101651036,-0.28667816931524254,0.6649077467648813,0.8041819543982248,-0.47176917487450654,0.27660283707505917,0.5705755921423662,-0.5792935262676348,1.4553090292357334,0.023051109330941635,0.7535860996718746,0.5408723502526408,0.11377475434633656,-0.2014495251773691,0
0.770412164522583,1.2924853463182724,-1.2701640737692816,0.4051293447328123,-0.23865340416547037,-0.39532450708931755,0.5586166934543613,0.15895528250047847,-0.4189724782134595,1.0247275614051805,-0.9213188466587935,1.8734533431881109,-1.387991401021897,-0.5353887529428578,0.13495269116083247,-0.8134953989353281,1.2836136938119758,-0.3684111356907227,-1.0263307549721628,0.5793318414026702,-0.34848396241701307,-0.03709096480151183,1.1709564281637665,1.531620611835828,-0.08381697035170661,-1.9341312141083218,-0.5327898553335584,-1.4195138964496354,0.3948918635920802,-0.45370960948388694,9
-1.2902765023811382,-3.4548182431558123,0.8789751705012582,1.3110970589912578,0.27002663480157285,-0.42210652400667603,0.3399821696440765,-2.639317125896308,1.3178733718226423,0.8005955030837822,0.05542405254358209,1.0763261677293605,1.635530134470595,0.914183655337558,-0.137945695407708,-0.021316860915016715,0.33005251994417106,-0.5468284688636502,-0.41199366635975426,1.08524383360917,0.5023529370364366,-1.4708942918107482,-0.773670249694471,-0.3181124340414152,0.16059114084249307,0.2791777101310361,-0.47463650123544665,0.6061768398192849,0.26487646926959063,0.5276672790234207,6
-4.0912571904819695,6.721227846437408,-1.7520024176869933,-1.480768350556794,8.291364241794128,2.6938679283726503,-0.7302325925798175,-1.1755475023518627,3.1281331409290423,-1.1875138528992548,-1.2041822075663147,-1.549804466763871,0.9765219549178384,0.23236524379064538,-2.140845776721874,4.054815166362075,0.4060248951086832,0.5648524839059541,0.29641604101770935,-0.9186650345528438,-0.9701544776706256,-0.5884039805943456,0.16939625689957977,0.45322118588454463,3.284057672339083,-1.463470418903723,0.6872826201783451,-0.300107042794128,-0.08585381283598625,-0.0971206595470277,7
0.08177119305394415,2.2897384729415218,2.947576477537326,2.1060721498524724,-1.7372432796375048,-0.08913554093541429,-1.0672264737191748,0.5268433182737141,1.5140910645798475,0.8033430126026598,-0.9389384388085718,0.5792650851620695,0.660369104701658,0.1503335839193966,0.05667240112966394,-0.385959454182449,0.5605996163360002,-0.09736051844205477,-1.1471901418258235,0.3847876367169632,-0.24344097566409897,-0.032314631277251676,0.34084716648802377,0.11675133722917563,0.24323380149529197,0.03753821348882361,-0.4640615953101582,0.5291710093892614,0.039313200751048084,-0.15635271633530076,1
0.6592172376588704,-1.5327599495145285,-2.913608554217277,0.35179619499135156,-1.1217710241537,-0.13711139046162021,-0.14909519139982594,0.4858395105278488,1.4686404186707125,1.4499990117124306,0.6888236821461626,-1.0425137617493163,0.018099384432414344,2.1092995733119846,-0.11471500049019732,0.058262666080012564,-0.21265364105315163,0.11378569220232077,-0.7933905249706112,-0.714189797110015,0.5159490647376239,-0.6682344309285481,-0.5383974170510899,0.21296798759513808,-0.45272324238872713,-0.21459845606003572,0.1696365437250644,0.25112605594878495,0.6671636096329343,1.0250498527563092,9
2.3741677504298084,-1.721564284643617,2.228344002408305,3.928503649294986,4.307918801366789,0.5635376250620404,-1.8906378713216732,6.63747338718332,-2.714001958109277,-0.606937588877873,-1.7889946653966595,0.9888081671181834,0.00947980526239558,-0.6235014231283451,0.2344772618343214,0.20920914756617368,-0.6066572425966462,-0.08680023100454207,1.3918209414797675,0.5505806891266068,0.7616816099512282,-2.5410592964328593,0.5986747990496272,-0.22909628972338367,0.6034743443044187,0.5219752710602238,0.6738746907693586,-0.15526096066475675,0.9609180043152216,0.728818430244405,2
-0.3823475738662111,3.1182149042525906,-0.033430028695520614,-0.42797577294605227,-0.4548058345575985,-2.3324369773540248,-2.1256402070588196,0.0587915826636306,-0.8465150100682619,0.5775457966891745,0.9528737809509551,0.14806104540942025,1.13672564072116,-0.2398633954571917,-0.10212686255851978,-1.100019594811111,0.17106956256147135,-0.17404882928516868,-0.3465367902806851,-0.11629391815140391,0.07064380878140993,0.045901641927643864,-0.48632452006869653,-0.4863566491055038,0.20439500816785364,0.4483440389935536,-0.7901101713302425,-1.6096680163868444,0.6444613225310482,1.1765973965038028,7
-2.626417703828515,-1.8630286143150254,-2.5713930751562977,-1.2698609941485477,-1.102187714536108,-0.23568760641582567,-1.5755194001825865,1.417245450340958,2.0957884638219246,-0.5337370294107298,-0.9022303827345737,-0.29241679203389886,0.4851023115876533,0.12586464445362142,0.6963298912504717,-0.8402782928599335,-0.4193986448652778,-0.3034414236114027,0.17542467736029346,0.8809351003479245,0.04323318953582992,-0.4873140819331258,0.5033633236414321,-0.11198965692463615,0.8838413936407468,-0.6574917199544273,0.3259732305898692,0.5541824841493171,-0.4963325140537651,-0.5570812081538496,0
-2.9015835986958076,-2.6838221660487904,-2.1824498059720767,-0.9702372023306292,-0.9518934614196942,-0.2602635364543698,-1.3849203258415088,1.7919849292544299,1.424589770203787,-0.04603024533773208,-1.1588706912741356,-0.6158083742522853,1.409679292497215,0.3007471880693356,-0.33569715410015805,-0.4196964782941086,-0.41070586632361594,-0.588388087340715,0.6528142205175724,0.6993023069671267,-0.36229078026478795,0.2507547587846383,0.8045016204743831,-0.03983772477012893,0.29934070567467236,0.12173521985916679,0.26621069363063915,0.4642914176817266,0.39472387583401336,0.06467659814893362,0
0.03300817784160419,-1.7558714349110747,-2.039487594071266,2.333044597592798,-2.426018461356859,0.9212396813640374,-2.8147417003463135,-0.9083666189551803,0.3661592402313184,-0.8617638420028211,-0.39947312759929443,-0.0834512681923061,1.6677448105588242,-0.7767092689377003,-0.053747306254767806,0.8156501675935977,-0.44544669831112926,1.0394417903242485,0.17363997470889564,-1.0889839919350386,0.8424809035248467,-0.4046624442578517,-0.4470655581050249,-1.7181177427035967,-0.3381697441736079,0.8973435317709151,0.42806951041766667,1.3660985929654577,-0.3504705877932708,0.9191650044275494,3
3.2390221246576085,1.9665899127971262,-1.741126342070755,1.9034936635046802,-0.7166027556961381,1.7408147320953162,0.6911871691160667,-0.46089737761196314,-0.3773645639123262,-1.5194398658012696,-1.2366633265960514,0.42429190612132056,1.0548075813516617,-1.0647812874838254,0.05123360348854777,-0.971209737216309,-0.00042353882798606014,0.08203412317463084,-0.3666927116877067,0.4848608670867762,-0.2824574955958529,0.6742881731140064,0.6178889778055604,-0.07719924011752957,0.15985459656826742,0.6977607619763793,0.4897946375365493,1.2808771500741805,-0.7674080127963204,-0.29343732377881776,3
-1.5143045882405584,-2.072490624452941,-1.7774902693682426,-0.1415938385910836,-1.1263623321980996,-0.5011854097111572,0.24539850443773453,1.9912242773769404,1.6897960369707892,0.5284776155910683,-0.8634135065063829,-0.07137686490856564,0.15022686369043325,0.18835633189420384,-0.9800594005343604,0.6442059649646287,0.5407622470515127,-0.13872762692575774,-0.5501683214041437,-0.02132411746889221,-0.5264908064595626,0.5994666266870783,1.8728374131606023,-0.12405120308364682,0.892572689368965,-0.5830431717505961,1.3205652522584808,0.13914975134086557,0.11687796834175006,0.11056921684332324,0
-0.10697949355385164,2.7603305285996984,0.5036472026636608,-0.3205092122203674,-0.8238655963727064,-2.3778560155659596,-2.1408583928059564,-0.6516306572738061,-1.546750844419271,1.2515360579748984,1.0130437890560895,0.05087201824083406,1.3617090802055045,0.03893055267924374,-1.0978166254691761,-0.21587531741911922,-0.015603464502121283,-0.46246937716153913,-0.2548349938038543,-0.30914459558861995,0.3310104436490284,-0.23280813974815454,0.3913984118590961,-0.46797077345920896,-0.675331576822659,-0.7647476062517068,-0.6138433235289595,-1.0654784235637489,0.04397927809841159,1.0218139130437633,7
-9.933073884774307,4.617833921787114,-3.814138381774801,0.21654199080216946,11.037596677458147,13.86169893307574,1.57294340455631,-2.473573978445667,2.8746828914379274,13.315653189653949,2.198555611748605,-1.65280423244095,-1.8157152850559968,-2.9694501539688742,0.36141874009673275,-6.6903532806229045,-2.588349308012783,-1.3387626351447042,2.370878270168553,-2.1217822253964806,3.6135345156080385,1.8138923938630327,5.749316437255891,-7.236207445330279,-3.6832005899355287,0.806243260236455,-2.4279470182625977,-0.5688623538333802,-1.1129431172069335,-0.4156415568626072,4
-0.8053830194069886,0.8341485144342978,-2.1181088695151646,-1.5485285572396899,-0.7927639095497795,-0.5616093521120123,0.7143924328482754,0.05323749636719271,-0.4468081821409462,-0.08513672724679479,-0.41951174796819174,1.9670589814504398,-1.0843630216301208,-0.22855130607799334,1.3004064917107523,0.836037020235947,-0.10818530853646079,0.418368492745443,0.4535532741481293,-0.4199755686114737,0.732571170279646,-1.1596362540648815,0.3862867113628724,-0.3783174715336353,0.43524091790339026,-0.10816613361804722,-0.8510567394844435,0.9630501309422554,-0.028981770533035793,-0.5474005482407172,5
3.283694564478008,-1.0792217917797697,0.7049400535989361,-0.28060069189621656,-0.37941857136378865,-0.2514944703243437,-0.13253843138732266,-0.1622449678842014,2.0136223288056083,1.4273071140943212,0.5319531719474154,-0.43865761825262906,1.5395312510085206,-0.6407271212036562,-0.9574379454434303,0.2891576819552441,-0.7248500553451293,-0.25094461577099086,0.3716250722521757,-0.42053218131578196,-0.289742226740082,0.5697616594613661,-0.35034622346842004,1.058878321115274,-1.0260418181645257,-0.5528642252252318,-0.5372480654207958,0.6752611960482683,-0.31317843546715524,0.9913679280816674,2
2.1220015156537846,1.954813263326044,1.6759012681016863,-0.8786647424047539,0.32475239511129267,-1.326357816565007,-0.9953080456273946,-0.5016728569484591,-0.4330038145610896,1.0503812070284375,0.2370274318588044,1.3875798455600408,-3.7388955799883083,0.702921898883161,-0.368313815789698,1.6178995379726067,1.4584295727550027,-0.1336341544110559,-1.064714735359463,0.12687850327602912,-0.705496144098137,1.2946230113563195,0.7730244703142807,-0.7035852235737177,0.13362598152890492,-0.8688936617128008,-0.7539402762032964,0.3707305277763309,-1.6023658816673125,-0.21482296844808244,4
1.2340756873284286,0.18552430044156662,-1.965277882179485,1.455344958963405,-0.2615959502011702,-1.0036048327732872,0.11533077004271035,-0.9181496712132067,0.9058208222297636,0.21629750338192083,1.067734555187508,0.7944849177322202,-0.3533734335012356,-0.4460784406837338,0.14784463688362343,-0.5057999000838842,0.40325983126762377,0.03282989046852205,-0.7411805009308765,-0.02968104254911386,0.004496177434423744,0.12539828585246576,-0.5609377276624299,-0.29094262162059964,0.3801165394318295,-0.7395564003957779,-0.17310419292875703,0.28406740116802487,-0.5929000905457728,0.7325519854671545,8
4.16556161645112,1.419936674432524,-2.599013627231491,-3.4149073843417974,-0.09322477686946878,2.6811740803165702,4.523785991121484,-2.01050857700446,-3.0860385634617917,-2.2335755791643823,-1.111263186052917,1.1605651614468444,1.8302789182881976,0.04216320838055344,0.07001944713109647,-1.463619558072518,0.11918866993813315,-0.09596162031138604,-0.29764074732469953,0.5258561070634619,0.634856764553822,-0.40751932671777247,0.3353917628626029,-0.6324654255838212,1.0053219108596165,-0.19711098146977066,0.6323316206255218,0.9064758144461149,0.9219021247080107,0.9532354605639304,5
-0.9652174259577998,-3.1366212321184,1.1912826242124106,0.8327088180991703,0.292633233675391,-0.44336745423037366,0.5983768181762812,-2.4234070044095826,1.9424353645715056,0.12046473545327424,0.3365544839150551,1.12427709887526,0.8749313153825169,-0.07292886846233737,0.08297259528178356,-0.2985792248828717,0.27022115671774627,-0.418329787150246,-0.24397356377862112,1.071740587870655,0.46903541521552816,-1.1378297168417748,-0.38130691814150663,-0.23935246372215307,0.23423246135413092,-0.5265740942969579,-0.044737343987951726,0.8045651417412301,0.2786901907809877,0.47207772728490255,6
-0.7242822126391893,3.0381125166361236,0.5837797965990459,-1.2657195451597276,-0.4248339297074946,-1.9584313830292495,-1.7924040974753266,-1.1182138728441247,-0.520127649039133,-1.0757855358203745,0.6877372138704375,0.9279300719455572,1.0466988221537659,-0.2931326510033997,-0.36247154228435524,0.7790831680101319,-0.04652270075516852,0.06557447638562,-1.0340850676887896,-0.6345043732204211,0.6282725673469707,-0.8179305184444768,1.6860228875325327,-0.5640183371009236,-0.6921138044566472,0.5862717544688939,-0.3010642125770898,-0.333090025055658,-1.179639087819078,-0.5049136572205127,7
-0.5047970380884297,2.240931916718134,2.2097255009676373,0.33854344974915046,-1.0872406015438631,-1.5905360658740624,-2.57353031608144,-0.31022378352968044,-1.018145182656556,1.9343046618394215,-0.50666787919205,0.6251910796887805,1.6256773854145714,-0.2914688668510027,-1.3831065488825318,0.1696501993529889,0.5888055617264567,-0.3763675962795962,-0.24401739569746628,-0.017043204240865906,0.05494432640076614,0.047982892042473795,0.5375086583910987,-0.3336264495361659,-0.47912468868105595,-0.4115112849135624,0.12069577470489687,-0.9975334153183774,0.5037753165565048,0.45632622516845855,7
3.691940435253249,-0.2136316906257284,-1.2144579589937865,2.0313074925588666,-0.6753440920826503,0.5073014215722226,0.40270796050061614,-1.841029741098455,-0.3282959812258313,0.691447731442322,-0.32736809958407675,1.1280347200735534,-0.5978900797127068,-1.9550272148498669,-0.013369219735251911,0.7777120540806614,-0.15586323949963715,0.41274785780962264,1.2760266392770814,-0.412145837347538,-0.29840899034437224,0.16453976343232796,0.1890377340860951,0.757476841919536,-0.32440143285291634,-0.33503038666122725,0.22810794968603954,0.47327757914760993,-0.17580926529255111,-0.22441963800248824,3
-0.19809568444439735,0.9445961638789956,3.2937247059473878,1.1663556644879158,-1.6486028816906555,0.5322801352854506,-1.0487641350850527,0.5441173792083053,2.5497211625478715,0.20635837915908245,-0.6036440199010434,-0.0794127199505061,-0.3816153480252496,-0.2316592959217704,0.5622168021884237,-0.3791739792134937,0.3062454734937706,0.2833028373396814,-0.19647623380110638,0.08592129487403863,-0.10442972778912778,0.7202009989716527,-0.19218614313208024,-0.05904244938985893,0.1485243267143135,0.18285864531057114,0.19679973817772595,-0.000185835970135837,0.22867987482756624,0.8393075452238281,8
-0.6673568201868436,-2.312624701701779,-3.4475966484204754,-1.207764309499664,-0.719632280123852,-0.35359017054723957,-1.3796112214789331,0.6508807739208811,-0.22367031064484447,0.5118433640132644,-0.9076673434332285,-0.40487122907178613,-0.9653050602427715,0.1325307298898517,-0.32736761156082766,0.6912234720718088,-0.13240287169692072,-0.1547605343153229,1.2207614587954938,0.15836902605002728,-0.7371705757455097,0.7114175689899875,0.9959959334666262,0.49683601890490325,0.4234718220011108,-0.22140984866093757,-0.19165767311255158,0.08048881931567073,0.6965928687127508,0.2975410963178332,0
-1.8256291792320314,-2.322444558866832,2.0140852885911875,1.6238877578923236,-0.21086674263832722,0.5052833336976695,0.0025921631753282617,-1.5595368296965868,0.8047520552734404,0.025920934595213187,-0.7483106076700498,0.2453596833583372,0.6590707755991013,-0.008563810430514032,-0.4172446485604621,-0.23442838455971912,0.5768215666316945,-0.5119190887851749,-0.3265869044575662,1.2768554191099541,-0.4602635467521697,0.014801679395719877,-0.484386725217012,0.2674430783900095,-0.5263146555731756,-0.6284266780149861,-1.0543900307592804,0.8597494361623167,1.3748476534606233,0.6680725252404507,6
1.6335026934144552,-3.3298765116500193,5.4439460307369405,2.4340351240599407,4.756542902867198,0.833993726026735,-0.7293370123615237,2.30661389752337,-0.9509885403776418,-1.2137201357655243,-0.9775817259017465,1.2564807156187145,-0.35030208049460093,1.5204779314260592,2.4569749897394004,-0.23218037608926848,-0.6903914003939567,0.36955694358832375,1.0560702332402012,0.18360748595828064,-0.87699564847912,-0.08081365328679015,1.160777233451831,1.2110024991557051,-0.6881598213770922,0.10647961475050169,0.7904006291748606,0.7372515245631781,-1.3287120453893697,3.0701102090752173,1
0.30456906300742614,0.6565506195605945,-0.022238902402464903,0.6091492833672683,-0.495410028308059,1.6535761264726365,-0.3602348662488702,-0.9769400023717429,1.354668134644674,-2.8981461887358306,0.5449881908914306,0.6323673145043758,-2.6235486469992764,-1.7543202144487506,2.2850916527115297,-0.9132139820205657,0.5621122124828365,1.7500303419776642,-0.29968527296370806,-0.6323317540555479,0.7893298943925053,0.47103940861037796,-1.686200869166984,-0.5335058467302066,0.09910915428748468,0.5867466516905641,0.40965807794170883,-0.18793084670646637,0.5141239833652606,0.3943548157245413,8
1.6356939045578338,-0.11369358678607423,-2.9987387290420475,-0.30783703584413447,-0.006084459682165884,0.8568206689212382,1.2590084393269714,-0.5153909078741118,0.23694158960653938,-1.172546279872456,0.3482299239730169,1.8140905541414845,-0.9328922796040034,0.6503162128331397,0.06981419403854089,2.392337616264864,0.27452442279580197,0.7972241985336298,0.6513604482975699,-0.3997879999610282,0.5676595487368572,0.0768896926197221,-0.9273548269065701,-1.3196288188709906,-0.8913616485735881,-0.35004155469298426,-0.54657353411473,0.23560524261746396,1.2938852201026159,0.06639896757330874,5
-4.533483950310333,-0.2493023611125465,1.6262802738619913,-1.7113841079268863,0.32807242407882714,-0.8837084148046689,0.3517239919811316,0.5504225580523611,-0.9630345005113169,2.125858028436701,-0.8798084743830104,1.2720305301177173,0.06608878482815812,0.09148948380294336,0.47495433260446523,-1.0357873285443946,1.1262065625656243,-0.3046568217904639,-0.3233182202785339,0.7307481152858444,0.06923583887043473,-0.7356748418901052,-1.973710074483772,0.214289101755799,0.4029851802932112,-0.09917255914407509,0.20892827492319016,0.5851579186635628,0.7955902564948394,-0.3965381074970573,4
3.6109391139596223,0.7110618414732286,0.8948093793146954,0.6640881242265689,1.796564315008989,-0.7031310148905517,-2.4187247591436427,4.439009524676174,-1.1324157964463235,-0.3928397838467458,0.15946469636458147,-0.5365729795761363,-0.29960025986661104,-0.8977039805405198,-0.496717142595857,-0.9129062095231301,-0.5466485855991139,-0.18517765940088415,-0.32624519194541945,-0.453336265974534,0.8973477055061589,-1.410859375271577,0.046744586973446176,-0.5645045122625804,0.30229123124351825,-0.48444780068982596,-1.3816406759722748,-0.8568719575876699,0.8621571028460611,-1.6044921621986765,2
4.52087660143571,3.738443234334807,-0.19146558299172076,-0.5060324305757051,-1.9275270350088276,2.638977615753285,0.6241751929186702,0.4326611793785341,-1.4718433625466236,-1.385283062918763,-2.6221601091931332,0.3747564739892018,1.9800170282732759,-0.6216684265623726,-0.15886447285708588,-2.12828951248454,0.10482858975312125,-0.02041879220436461,-0.221937955035065,0.6581964860814521,0.03099640081286979,0.8559523596273579,1.0314338529530653,-1.2026113941243177,1.5915979732875936,0.6495246727348941,1.2066882554856102,1.0017848566199228,-0.09477222273291318,-0.5767268985466496,3
-0.41547349823920077,3.400865607943433,1.077376555343556,-1.8190683886362218,0.5237016384850093,0.72635423491702,-0.6821680231973524,-2.378654780930947,0.986795313791675,-1.759481716328875,-0.5450747463297112,-0.394992100942847,0.3100737646554585,0.21453573532008982,-0.657463491614873,3.581097715544245,-0.10358030039984596,0.8671663828792522,-2.142991105116849,-1.8575490070780818,0.44899852434388277,-1.6136096351576603,2.6980902750798736,2.0639845375150623,-1.9682726926274818,1.0413351915560072,-0.3547948105218605,-1.054483781975966,-1.193513440976177,-0.5080825686487526,7
-4.582426637795473,-0.2949429329256269,2.0877519057572673,1.5794218017302095,-2.272584628825018,0.03840146941114068,2.1800065013963335,0.032564524261332224,-1.7419828306548855,0.5466849340812946,-0.7358582972575024,-0.9456655645212474,0.9071372134799022,0.07788879176657336,-0.942250498053533,0.6803439435346437,0.2502815088247559,0.08925373638496956,-0.015193620257506616,-1.4645321034291767,-0.1105983619184851,0.3730153877765811,1.0606713172439954,-0.18874160775581267,0.18417758679009313,1.4243876384911114,-0.3042296426337438,-1.0728535243261015,-0.1637768943524542,-0.14992830370849977,4
2.8719552189434743,-1.7211772054469,-2.7436849488462527,2.6240398733140062,1.3415480885205553,-0.7430934407974806,-0.8115459855900984,-1.5007372934440022,-1.4851212118079258,0.5055345287365524,0.7560352323633605,0.7345586659077604,-2.0266545860699865,0.5285391876931669,-0.1045159674807745,0.6959313475120994,0.405143988334736,0.30617100250686485,0.006434410721741716,-0.06717054449694031,0.42991450832385947,-0.6276959537635216,-1.239934980738674,-1.3819667173121264,1.1943732880665319,0.9872418786305153,-0.38664528398900166,-1.007918480032111,-0.4133602599557967,-1.16856981874984,9
1.747544528596989,-0.7920393110571798,-3.3772280950775473,-0.7075754732283437,0.9598810575175987,-0.345634474839384,1.940624831743845,-0.9756573963367127,-0.40881509869619986,-0.5045335019961082,0.8002277814874592,1.2990060751485837,0.13880299191392764,-0.042423479649824514,-0.16576582209051421,0.9724971872279637,-0.18008342089728077,0.4081910837130437,0.2636560162579078,-0.7259717737675548,0.41654426696942093,-0.5258153049899312,-0.14905842906845362,0.3825512452259836,-0.9853008192650708,0.7297518906358595,0.12512305321527853,0.24782323557432884,1.048210344679791,-0.8741127214137511,5
4.872055474747088,0.4190408919816708,-3.0862072215480927,1.3167933337114237,-0.6907669982414318,0.7465461706809485,2.730325486991084,-0.4805892597009075,-0.19078329552193585,0.6379343747638412,0.38433737160316656,-0.07890953626361871,1.414706728971874,-0.3642308277988578,0.15183976730949367,-0.03778377713977382,-0.5736068396949762,0.16159275790153382,-0.5485000187852285,-0.8620065669285526,-0.054628803657463976,-0.4632620404694607,-0.44657125287839033,0.7303252735851993,0.23792195170770403,0.48118730694703477,-1.0804017482675834,0.1592744996111656,-1.7202550548799016,0.44785625353323066,3
-1.2495480563370436,-4.511138554886316,0.5748253173791369,-1.1717284309061442,1.4310369024882736,-1.1722618943413623,-0.46181803474012606,-2.110357870525242,-0.44787793182408214,-0.8079529461995711,1.299123320811388,-1.0263834417207156,0.6330949303779706,-1.3919365616536978,-1.0002706539847197,-0.9046895255799428,-0.2863719968905406,-0.10483527761205008,0.13436653454880929,-0.31490057278720635,0.42268414295242457,-0.47933177340490346,-0.03910826580371744,-0.04329662636706828,-0.16695998652484662,0.3531536851153151,0.5452698945805285,-0.5159792717126659,0.3593223460694346,-0.6737518386130533,6
-2.472707220053475,-3.7988727219652887,-1.1362723306010292,-0.5944823774436451,-0.9755569190210859,-0.12766414942644808,-1.012610875725085,0.48365520855012634,0.9769820158287212,1.1169306430591335,-1.1472022533992248,-0.48124708833397667,1.5334038853996717,1.4230409720293695,-0.9178689162177914,0.6094630821025545,0.3656067811145621,-0.44736494116900705,-1.3736964677400472,0.01554224394243383,-0.1285540923452624,-0.6925866296263109,0.805745539993622,0.34795677353183324,-0.18811135877704113,0.02965192012067587,-0.7964665565822064,0.8515081872464497,-0.017723880778673762,0.40143374879599897,0
2.668710755516562,-2.236566124357534,-2.213007268749143,3.192600122107884,2.4016838586985996,-0.7086114558740441,-1.3208443927575637,-0.2948301235967802,-1.9624537251998548,0.5264624838966683,0.4946160210228303,0.7106117345731278,-1.3740445131119936,1.829218191604985,0.24983547788718274,0.9016307059580653,0.1750081829374166,0.3421339716891991,0.14929694594598064,-0.19230456032110993,0.23564009050772067,-0.6497743549588225,-0.6987053114357371,-1.2819223192755136,0.7497833065144036,0.8206678804727711,0.4759259745526439,-1.2218142603006379,-0.9512632041038785,0.4212181771464667,9
-0.6661907845934923,-2.9183960737305856,-4.213868121513552,-1.781191471781464,-1.0985792779918728,0.021111447295378463,-1.4610884453070245,1.0149780181899553,0.26600488399468203,-0.07194134664264022,-0.4178556079329237,-0.7569806955414511,-0.44228470436511047,-0.22581932870635724,0.16392922063088744,0.0501724491892164,-0.38918305537356956,0.3575718195960875,0.7844187037566531,-0.615009221456695,-0.11285766472819553,0.23676191806187513,0.21960265281449434,0.186502132658196,0.44295247098145046,0.21087124515076797,0.030314385995087057,-0.019356467322397382,0.3785871619274686,0.14662772620586503,0
-0.2169159280869194,2.3995869610311864,1.2259761314650561,-0.8326909566418264,-2.1357358102669086,-1.040320283287666,-2.7071205661502855,-1.4491548001935861,-1.0528463005307385,1.8326046828675087,-0.204810554699845,-0.6831255026353988,-1.5330534824010267,0.9804932534259905,0.24041892740955698,0.12696408870973597,-0.5464539137986493,-0.06146535108087614,0.45026364332262725,-0.2724573528880751,0.9087009979938728,-1.539833417056386,1.0221102919182423,0.8927346223711292,-0.6091728295514693,-1.0200115825706177,0.7883359212982258,-0.003223570346966453,-0.30881783986709177,-1.1420703063891662,7
-0.8572655335366048,-3.1715182462336142,2.226726376480829,0.2886187610453057,0.6712885058433958,-0.24977638630280272,-0.8041731892284627,-1.346245927022408,0.7745249924435237,-1.6773593172703631,0.4675005796604025,-0.6476817407279356,1.8241739863515376,-1.7611633512885465,-0.18811386505981814,-1.1433650502064245,-1.130481416037975,-0.525836365142434,0.5291934156270681,0.7894805186806348,0.23984825980116023,-0.9728760973535361,0.18408872758027325,0.3928362957336994,0.11495536140534879,-0.38135318356247944,-0.46757376569011694,0.2620728981916708,-0.2864536457832665,-0.7738331162854413,6
2.009603837510298,-3.272156424097812,4.98701194615826,1.04981255142788,5.513467964763265,0.5311718077221617,-0.09876518268783419,3.5399924344649967,-1.4948923401637237,-1.2439834107111365,-0.9386729838604231,1.7286955995059703,-2.2800412315432825,0.35239359881246574,2.0048097698039764,0.024000370581607134,-0.07127598253066321,-0.03472281210117424,0.6244723993926367,0.890160655901711,0.3554835159270898,-2.129005162546167,0.3940507413710754,0.7736916514386398,0.08497198669402146,1.1785850785849104,-0.5924531764065915,-0.14042285339604535,0.18517806443344467,1.2203800046715951,1
-4.493308305950876,1.3683591202096013,1.3334116821897513,0.6899937211015172,-1.7893459971162415,-1.0121661494891174,1.3764029189037201,0.8388017227584241,-1.2403454612140168,1.1814247853264677,-0.12037519874703609,-0.7169844779907772,0.7166061968153533,1.0859123089399187,-0.28025279511598156,-0.5744582988690651,0.0830745876562432,-0.18589418776656302,0.2960809244908458,-0.71681915016886,0.3493080722336019,-0.3842383995977948,0.32016669635692846,-0.26133945780498535,0.3766572856775553,1.392297488869497,0.694733328031796,-1.6922694447796185,0.8722052887395284,-0.2878144386025256,4
-1.3033293799933148,-1.9498999914240538,-3.3154878903872524,-1.3911807799830347,-0.9366170097000203,-0.248783398118036,-1.4826422650934405,0.40178143488079016,-0.42453142973746305,-0.30446211534017215,-0.9947666603098697,-0.18402932945929487,-0.8824944958035247,-0.7683364015676765,0.5045560137396817,0.14896111751181176,-0.4127155745020581,0.06423781146307266,1.6256007616311632,0.20055986901424258,-0.5210920099013138,0.34766949051809964,1.0953351819246684,0.23537148514012304,0.8199667741316672,-0.061264510018542634,-0.0486102680637411,0.7684945696740724,0.35398721799808475,0.10770505723606338,0
-1.2254784369016833,-4.1643709876398,0.09446655907887723,0.7562514757187558,0.33816896710453437,-0.30851875190439815,0.4378064168759296,-2.296409113937447,1.2048971636206602,0.4984765663661692,0.12925578670634433,0.6533006170546491,0.32196242404768904,1.1671267399181955,-0.172516408192382,0.450872845386136,0.33805099505703146,-0.21845557263165447,-0.7158056900786962,0.6772306181267,0.6618816694753137,-1.497038422645041,-0.3611972472554204,-0.6797027372256631,0.22275574133684753,0.06470586629405588,-0.08013902059736648,1.453711371985317,0.23908106169136187,-0.2616842753960012,6
-1.8916799244776226,0.13804558035056536,1.260174952866714,2.043576007148234,-0.7960986786389402,-0.4555470055506409,3.537440278072334,1.0214408054895348,-0.42400901966004256,-0.5667976341767686,1.145560944002526,-1.3201366296780586,-0.8203255770160243,-0.44261020594329475,-0.6236198659069124,-0.8450312677754732,-0.545873215530733,-0.2678209854684193,0.7678001330850996,-0.6963572935802638,-0.5520847924666219,1.293237997588311,0.9386132549330782,0.25888045694786577,1.093000445432084,-0.31345212834958236,-0.04523411649830968,-0.5601282089388585,0.27597519731127423,-0.26508349710821194,8
3.667191548585426,-0.9713920834271915,2.259709356913189,-0.9993674568903497,0.7989873083314086,0.20768077318537775,-0.2682271775242323,0.9945317803810707,0.7991849350677366,1.1035967107160998,0.18825132125507926,-0.773543709318281,-1.0994052566299002,-0.24270381310352107,-1.5589635298831908,1.011503171988722,0.3517782261329737,0.08035563516707285,-0.5791687549166037,-0.7655694096402218,-0.3892852583449112,1.2863399531515494,-0.40841248269820574,0.6607668326475403,-1.2851562455494163,-0.054191249168322894,0.11591307468027215,0.2561166118175069,0.8075716561224154,-1.1134196534777623,2
0.1760906681639875,5.5174354560903085,0.6432096212971476,-0.025626946549538454,1.0560635148097794,0.10120836116712714,0.25686879743610863,-1.0495906166768267,0.25285124549570326,-2.3096362293417507,-0.047460869280197264,0.660096782420898,-0.12346337174033654,-1.0367108552607154,0.9838887417876003,1.1716404508711007,-0.9531554987256703,0.2864720458273728,1.146546572989918,0.05754783243732522,-0.5341033531808754,0.0739379027084028,0.6589592804431317,1.3359318891897298,-0.04366810603714515,1.415548112663589,-1.0221872907625045,1.0247519379164811,0.12816733792751223,0.016067515750366884,3
-2.019333813836236,-3.842921355884546,-2.2448224622732096,-0.6301257076802598,0.10632097230092329,-0.688868149770077,-0.4448033906906828,0.5473993602413885,0.7288547869082107,0.4443741774582162,-0.20646584349203867,-1.1182127303037024,0.11002707845095573,1.4728354412845917,-1.0873259006322475,0.49689612858685667,0.028984532446457306,-0.6656221655937493,0.23695014894536268,0.7052704758436695,-0.6661973006294201,0.5975762603219539,0.6928287155458748,0.0576538154377854,0.38183267329694787,0.46124067730299323,0.5817321834343533,0.021569256293681872,0.6799169798286452,0.631705181845303,0
-4.192998111025109,-0.8827257925012458,0.533580234269296,-1.9589112270749356,-0.25923652622775833,-1.9744670943921276,0.2469661891355382,1.0647597488011815,-2.080507719223391,1.2768093594252958,-0.03699161427492944,0.3848407038613452,0.6047386824249776,-0.1498936124178939,-1.2767707727202409,0.1634960403037074,1.2519814777196012,0.12246916677229756,-1.2098853635836113,-1.0854176478362094,-0.09106129572533352,0.360390122952837,0.24262154401284794,-1.2372320729908732,0.9682199268804373,0.3986525017126068,0.3981435702974205,0.27512343867821826,0.06279981845889242,-0.17744200921446715,4
-1.6229815102360083,-1.8916415640105426,-1.5630330531943653,-1.8085729612896086,-0.8427518329148795,-0.5525047945692952,-0.8086975421373429,1.4285897672379042,1.668858197390864,-0.010461894788832426,-0.9223879374739149,0.35346806594836616,0.4520009976628602,-0.5003670755490246,0.28693721327178023,-0.5550205373578724,-0.20687686418905527,-0.396705259978386,0.5375277377575325,0.6257147215101713,-0.059128505311203845,-0.3707525718201028,1.1438137145230822,0.2540308209295406,0.9780024092707953,-0.9252276806025835,0.027601784523306316,-0.012918696277970038,0.5486959945103369,-0.2724292747539232,0
-1.763798273762299,-3.2730108219914347,1.8478724095062824,2.2070703203591955,0.9500591801777266,-0.1450475649973034,-0.15567943174017032,-2.5096711628007387,-0.05589016229287094,0.49169099093396956,0.051842514804106475,-0.25244245360460177,0.8186785603555203,1.7614140891124324,-1.0873272896013995,0.02197522747462332,0.602283789548444,-0.9367607500002597,-0.9711250626989283,1.4880771660425773,-0.01201843325122972,-0.7462069188097203,-0.7974042967818177,-0.026367073491081864,-0.7588853221205915,0.16859900933750008,-0.8346074404731497,-0.05098425807578364,0.8267977211014783,0.24551653167345688,6
-1.5495305188423476,-4.2758834413705085,1.342415315690817,-0.3940425655282813,1.955756818995436,-0.7584777491829245,-0.8089490625659167,-2.1041212097390045,-1.114475473548283,-1.2411938940343092,0.3043925606220749,-0.1188652427022073,-0.27866494412601645,-0.6478612652666507,-1.3878519588208216,0.6867933747840846,0.7772019795170255,-0.5582544753163401,-0.41032359175581706,0.8469984184120771,-0.92368273311487,0.9468433327444091,0.4095424970938579,-0.7506699416101875,0.06065082088370177,0.15727717982538672,-1.0283981390070371,0.0194099509699076,-0.6297235934291505,-0.02455787284529793,6
-0.6498510461922578,4.52400539998582,0.11191437647290822,0.25781429670616923,-0.0881561879848292,-1.8002237839603161,-2.7138342482948494,-1.2205079087134623,-1.344259680262868,0.19035296354798328,0.7515830578949386,0.19085170793556164,-0.6602423594033697,1.1526960052110338,0.354742907398118,-0.2558335136338949,-0.5086345203150726,-0.6194152098370773,0.9852251582975509,1.457958049258924,0.25782442921297843,-0.7213478392417878,-0.3844863919700358,-0.2528665875304466,-0.6486932333873595,-0.4605737696526735,0.9471628529405276,0.9056185112460268,0.5111206673738888,0.2453731214604778,7
-2.4163267806823625,-4.017804349770403,1.3805082319605042,0.4796679890084492,-0.05702470353971315,-0.18797989616971114,0.7312741612577573,-1.750212025652906,0.9318392707041333,0.22214697346031034,0.05534696309331332,0.2083527331220275,2.000921196174587,0.32468429120574005,-0.36935962969689273,-0.4122369909451071,-0.08691453599083186,-0.3871594235922532,-0.8296551191593099,0.15400827675046633,0.8124122424884036,-1.7991879652770097,-0.011777599070497897,0.0707918936285528,-0.33638887121984135,-0.12016045188555967,-0.46677842382997364,0.9758323725479572,-0.032142945249966394,-0.30997798588164044,6
1.49594130617083,1.377430170366187,-0.12409782199480862,3.3794502768266415,-1.346633807914158,0.14468828535850747,-0.41364526924948475,0.7024874256025001,0.7831461103370523,-0.5102413324679239,-0.15988503704058646,0.23413055456853768,0.010763853077838515,-1.651760869947467,0.1699946322793612,-0.5012897449590992,-0.45185193320779504,0.2836007388071518,1.110384879174187,-0.10814821280974883,-0.29336970556384934,0.911859320968335,0.031909608804633546,-0.6483789718708657,1.0005254681220688,0.17090813503928065,0.5461480943734881,1.3577491456619926,0.14902793816240298,-0.46809000769684694,3
1.3416603725882392,2.2065262255321128,1.1371747480835293,-0.7007169195201096,-1.0912766396195142,-0.45952716427713913,-2.6927224298015946,-2.011522316199202,-1.387387705025746,3.1877246207873227,-0.7358973265573406,-0.16585251051639743,-1.33026969410997,1.2982749304498453,-0.1745699608737424,0.7335382292228668,-0.29124119871156573,-0.4433577158112656,1.0458495277846769,0.769092934619855,0.2531923587801804,-1.2913418346629315,-0.4072078991373977,1.4297217086792586,-1.102256703898075,-1.7138865668429295,0.19481476399425265,0.7193778424232931,0.47679827124171653,-0.8501151299758085,7
-1.012209895407498,-0.002410142140706952,4.644407004378968,0.5180725598574704,-1.1216078028978889,-0.21338805999280738,0.44164684255653386,-0.15466114235562878,2.259461057218677,0.6919450815646314,-0.14789493768158188,-0.12573793745770642,-0.1531647641620881,0.5946074591744148,-0.02604130081852096,0.13591455390571597,0.13499509046311933,-0.3045601024239205,-0.42960986411998986,0.04633854380267634,0.11967088981703757,-0.14018042300166472,0.4204606447520041,0.19895643077585978,0.11780836364749978,-0.0039792559922065315,-0.30826963576088023,0.10415923903800298,0.2796035540445875,-0.17706532829237123,1
-2.1288385469260147,-3.5611454242222895,1.616713785919862,0.38080408004246036,0.10166839715987462,-0.21508819857349273,1.144159973374624,-1.689321733360291,1.4909404312848835,-0.6286056376136318,0.38878496068037716,-0.04267012498999452,1.3023430746614397,-0.33074782993251745,-0.48272944395031114,-0.568531379495565,-0.1456167461371746,-0.6461942523691241,-0.3920625173454234,0.6545721865249309,0.3574673355250202,-0.8992429091263036,0.4513009173250573,0.39021247888261557,-0.4198504842079799,-0.7790843132560065,-0.2843728855446138,-0.10230149992078054,0.09846786962600726,0.048392129383992226,6
0.5385705654563882,2.060962462310622,1.5612676619803354,0.4575310333250697,-1.6495281698965956,-0.3450161059704532,-0.7143429632265514,0.4711176834710439,2.4466276537212206,0.20470777495467116,-0.43805101411814396,0.953641771444034,-0.13438637205266415,-0.49284625781275265,1.2957610952815009,-0.9238956250964986,0.2498677598673548,0.43951134227169053,-0.37317099346409505,-0.1466267179426731,0.34404308650842824,-0.1571796716725673,0.0010842242815740544,-0.18247030855803154,0.43670342167085063,0.6085523717227953,-0.43771525160502545,-1.3070336972670846,-0.054093134466270267,-0.1384040126475434,8
-0.8886257417601301,-2.3909602780110437,-3.453582873757543,-2.215462169400811,-1.5309319336361737,0.9678188180039428,-1.1673913609204813,2.080715213029021,0.49775407003999805,0.6751922008159539,-1.9152242341504777,0.3694924449231343,-0.07271996330871631,0.2956003835508607,-0.0571921805935844,0.7634537282427865,0.7560511262915495,0.4219741580034211,-0.3643132754185905,-0.48665544878945727,-0.0054519015661328545,-0.04791210834867479,0.7169158903248477,0.48700743142055125,-0.30241962301487174,0.0598788838563745,0.35951301642015815,-1.1338611173889819,0.5722113738397685,-0.10166878461353063,0
4.20288164657414,2.7946331669981563,2.2243040657127144,-3.9307655687057172,-0.41288046043978355,2.60753414890415,2.0174814990887353,-0.48856632380676696,-0.26730897495044414,-1.9627275336897565,-1.6824992868779012,1.475788443975941,1.5876104073590613,0.5821615118768987,0.5642991073374839,-1.6589019357407435,0.30323994289679684,-0.40996411520816595,-0.2758686387485401,1.4335542954605098,0.7410925295153296,-0.01979316108902721,-0.7106518823842936,-1.9866245737793398,0.7262317338098017,0.1325717820786679,0.3907263916686077,-0.6043183232668481,-0.15425310028019737,-0.3030637422848375,5
1.8161514562153407,1.9496261174681397,2.4567600294702143,-2.388505937663654,0.45244039541392383,-0.6575589133904983,-0.09968837999308447,0.09044118744210894,0.7687025502175566,-0.1266277475880736,-0.10256175562600982,1.8866774468613836,-0.3942650382930962,0.22802260375999384,0.00448843174137428,1.399430766056979,-0.47137977595450864,-0.7695349800461646,1.6261673760085256,1.2311715995590808,0.08248166589099613,0.1911100546274725,-0.22203133086271315,-0.8323417043087015,-1.0162517616675106,-1.0867246974621931,-0.8173469855175999,-1.0505766102081482,-0.7224370770860269,-1.121786176732165,5
-1.5132083047914617,-2.3293373831547144,-5.300553762315566,-3.1444879266592003,-0.7479466151636203,0.12490445353165917,-1.4895142462548343,0.9926109551800057,0.07118587646008133,-0.12733339896913087,-0.09558502699419545,-1.3043908059926754,-0.20244332476068913,-0.04449176562768519,1.030209199866483,-0.4522583648264953,-1.0781402639077111,0.6750463094671196,0.8353396328399231,-0.9181803029179852,0.42175115069052416,-0.38622879486044526,-0.8482424561100609,0.865815701728861,-0.4551157612631746,0.9425269930188566,0.24539150093305243,0.8104149926251104,-0.5697906863184159,-0.4348210838559864,0
-4.056369106263331,2.6499771490399175,0.43040582316735504,4.069885073574848,-1.0823293343373055,0.574972247867995,2.097860289185163,0.023161546998410425,-0.3352856305029482,-1.019303972006039,-0.27157365643310255,-1.1662823902823187,0.14244415940544045,1.0893028095812205,0.40104405554448275,-0.9491160072744237,-0.09705039562475773,-0.14116758162473003,-1.9518020982610311,-0.037288157964705165,-0.14740551999307086,-0.6619991989715612,0.6673108048569975,2.06710423178842,-0.5500376286621801,1.0609351509887874,-0.7729010053629606,1.7586307201728526,0.3652139825022646,-0.7087665275737571,1
6.653391569213726,0.2077685559573783,1.8544146550901532,-3.2139693556027367,-0.06192244093431633,3.2189546672300633,1.1982407637419665,-0.09620507148685392,-1.9293837607709579,0.12738501226606627,-2.473998585406608,-1.353692857033632,1.3132457349066027,0.6262821761211417,-1.8346970792817783,-1.3303483752035015,0.8219312727001157,-0.7741726214764005,-1.910989637187898,0.7372469209516026,-0.9925333409129925,1.7846760495539813,0.6447315179818217,0.03994257497728164,0.22937501542282596,-0.16087554465448428,-0.07721407035109641,1.048331802789306,-0.5260930058159705,0.594484552287654,2
1.9445754684806018,1.8172046477153425,1.3123263056157977,-0.857345669443885,-2.0099815677431203,1.54386542292366,0.5500786777717532,0.02600224416955872,1.9212638404727815,-1.3550950534416655,-0.6235137215897197,1.6771813664009168,-0.36647434873341267,-0.9958651505096474,1.8402363300976388,0.0009513240969895025,0.023899072629767558,1.1415886573706973,0.8295978145820442,-0.7936677178898579,1.0734366930941286,-0.4650684379983963,0.07895706332547738,-0.3501983239991857,0.08485517868064434,1.0327351639111704,0.20811583372543593,-2.127780214249285,0.3814461758633916,-0.23361428702573492,8
-0.6566857954995267,1.749909431206383,4.3363029623282285,1.1878868704150765,-0.5594696099707293,-0.7179655375778295,0.41825112676690807,0.1456107488024317,0.6159935700859164,1.8616631532938255,-0.20227021638377576,0.8859637104190665,-0.0822247834177313,0.7824082414888291,-0.704280853999103,0.9286695632994874,0.682303869844289,-0.5381939083634673,0.24923798469199335,0.6237447821176895,-0.37364846173810917,0.5898597025298236,-0.7007435781160517,-0.784748355899448,0.4149480261343852,-0.23288016344302936,0.6934451548644855,0.05983025593390164,-0.11218795243867727,0.44700668358754253,1
1.1865205451997882,1.5537413984466282,3.106207530237548,-1.0417270645048562,-0.4768689547285441,0.4232686397140519,-1.5391391129695036,-0.10809450039906543,2.5465240201900023,-0.6160954117360445,-0.8847503376820685,1.4854844031838716,-1.3940920130069967,-0.6162455945566702,1.0366934509447405,0.5797381742992578,1.2248553802062023,0.8305663156348972,-1.4813693302071955,-0.1620208516659326,-0.24624250067806477,0.7389796552927018,0.7087913058778457,0.44720266780412543,-0.8148721135373157,1.2697731903367326,-0.7431589014346406,0.4929646754225672,-0.12515687960468014,0.2735256486990296,8
1.6036007375340795,3.225053358862056,-4.050077060563982,0.9291708984388433,-0.14980697020613917,0.10593637423882521,-0.5087660634000479,0.16469970157275288,-1.8281711441704698,-1.3723983432074325,-0.917514387032116,1.0704013486364468,0.6440633112077376,-1.784675731635016,0.20815954277626267,-0.6581664267528515,-0.05065300737132828,0.013564922797662955,0.3316066016156398,0.6015265818788821,-0.7649052675960966,0.8302009693166688,0.5620216000381064,0.19942655811138243,-0.04189191082147741,-0.6091286219269589,-1.1001430430858752,0.49270310699918335,-0.32385438622464596,-0.5602937721917337,3
0.976295530792268,-3.48897670813225,5.360472248071078,2.622076383500678,4.1622235057050725,0.6296470680787969,-0.640179029895879,2.0925009613886902,-0.5465808804401544,-1.1128639621558276,-0.9103098559801125,1.4811372883197873,0.22188657855644725,1.2977869477935104,2.65869354884813,-0.5954392954374967,-0.8319442680570144,0.4340728170588723,0.6497923853700173,-0.17638240432617594,-0.24668241949503317,-1.1619610869193888,2.148582165920212,1.474162945920706,-0.7139880569486663,-0.7139524662917333,1.161031437264062,1.2781814690615665,-1.487417827094568,3.213813723740872,1
-0.375785367862332,0.20033584803026291,2.0324192462275263,-0.1904945508375923,0.31176096583229657,-0.5009329795110273,1.9236821944631828,0.1758671503450024,1.100069276437604,0.7000842757900635,-0.22509015248031541,2.864049708488391,0.47863091704655786,-1.154357948358064,0.5255273771276485,-0.15936679475903137,0.6219565270213415,-0.170808827280613,0.6454157443901647,0.638324150362017,0.24966160532178863,-0.15763820429265135,-0.9790225638984243,-0.7937683946007189,0.4207223202908291,-0.8608007284599671,0.028265723963149733,0.37169646977298476,0.5912395662749738,0.0473250193544976,5
1.7284410557842262,0.8679603740167533,-2.904120241251665,-1.7764354688815405,-0.14821709873696404,0.6820377904934463,2.6458552140945524,-1.0274548785869893,-1.6550731383437718,-0.7935747994055375,-0.4796682731618096,2.2654609784206836,-0.4947032252094906,0.5070983823944084,0.22900509882572914,1.0093994002222393,0.2539955908436967,0.3204114634907563,0.6353354599366564,-0.29242369247206584,0.6890932774755313,-0.5104592273712165,0.5683819120961778,-0.6780555220138313,-0.27891617145244324,-0.07140724135014956,0.1987969612045021,0.6890898743600146,1.2813910465618197,-0.5312482024493358,5
-1.7571932204861405,1.6268479343706876,0.9212801236321133,4.8362155218852285,-0.898656230931767,0.20716199297512125,3.632831113784718,1.4562054607768686,-0.02762986147700893,-1.1496123447429487,0.9133675043826635,-1.1425871964202692,0.17107522857334112,1.049766866052037,-0.45371250686913445,-0.43179530274078964,-0.7153298494219205,-0.28252252296246383,-0.6989942974562061,-0.5801680627711518,0.2741923112418995,-0.2794887872811576,0.4219373628576121,-0.2569009737898175,0.49008369644836297,0.0395456445132929,-0.1377220000987216,0.16772914197392566,0.09480790767245086,-1.4197594624005714,1
-0.8372274445089857,-4.608588637642996,-0.5261858851368229,-1.6853373505820874,1.2677539377760547,-0.8359467196747056,-0.1663094335916403,-2.315888435657141,-0.9801988328852174,-0.3825459214359276,0.21750511130836103,0.4419388294054881,-0.9629351290311788,-1.7743569954560856,-0.7196165156295283,-0.06535187363183963,1.1408399646100618,0.4134698884386923,-0.94426593350309,-0.6841915538391341,-0.27734958638212964,0.3189900064987467,1.0079306516503457,0.8239525933200961,-0.34911190835901595,0.8090712878765621,0.044919490658608,-0.054811343142979106,0.6004712522706144,-0.05856042271498954,6
-0.04377785235888755,-4.687924957687184,1.0348156856954438,-1.3833920703171187,2.110763806936889,-0.39174521632336917,-0.9292460240101063,-0.9783534083838221,-0.2085696358375624,-1.902406319723418,0.17758313175859958,-0.050852727859840734,-1.3608953021387844,-1.645929573140596,-0.7574507350290467,0.3770306309478094,0.481244784232773,-0.255918639174845,-0.7960044784748788,0.4310929046926511,-0.8796071769396683,0.8323854834334092,1.067796239768941,-0.0496486423382523,0.408918123675245,-0.6894638031738901,-1.6515551935583992,0.2892124606397834,-0.9834417919920777,-0.7366540777309702,6
0.7086235106729089,-0.051455796842930154,-2.901492961608826,2.6013147933335827,-0.7916574512765032,-0.1097182960175329,0.32619728632182865,1.6683179709523455,1.2580524066438343,1.4869126586655241,-0.5769204422925769,0.5753976685697224,2.1733211279329505,0.7581181437392682,-0.5803310361866626,-0.24138572662685184,0.3829356237819988,-0.4669693584528881,-0.9300474757504944,0.44006214996051196,-0.22829067075621484,0.011632483319182893,-0.8402358839860627,-0.3901002281467551,0.03160184534932907,0.11761435292913076,-0.4286691813113705,-0.8669682859212965,-0.9479996475311268,0.26578873971936945,9
-0.3110492316181017,3.431378146580483,1.9762207115317727,0.17331624475709612,-0.046966162426929955,0.2739108418727533,-1.9005244548742826,-0.9558926305149429,0.06703667976257704,3.40228769027599,-1.003851391366517,-0.07020960702275529,-2.068439273538881,1.7282509300498239,0.5226256576228788,-0.5559857245457275,0.23646055843592673,-0.6305646708815781,0.4216980166858523,1.3339734831845091,0.25373208299728583,-0.5180087784310232,-0.6963332825786838,0.7814560749585476,-0.8848135470498891,-1.4458955045480686,1.0726746696272913,0.8166184767904724,-1.5842567230862976,-1.1876253582762586,7
0.493286798195505,3.8778757735659863,-0.021369307183827912,-0.1806065386907263,-1.3408643091988284,-1.3659302648127527,-1.660288604921081,-1.745469885995268,-1.4409398708849719,0.7966062711515127,0.7389806026224511,-0.13602765831207927,-2.5528977851629446,1.5372585357144304,0.9833903764639111,0.12893797809878255,-0.8871444250575748,-0.2578250707693716,1.127277629273293,0.4129964863263013,0.6416976848286743,-1.3961039387383152,0.6016767543948116,0.43343016869174705,-0.11805201599152451,-1.1960345898066362,0.055935555081545234,1.0202248764820367,-0.14722842024068522,-0.9545781385980739,7
-5.093391073476551,0.6227089853850224,0.45359877828606965,2.3634595738934743,-2.8623142097390506,0.09877297353029,1.3658585020728475,-0.5178709037349797,-2.4983002514858366,-0.8863443059384467,-0.561798812461739,-1.5180783316713593,-0.21112050701505444,0.45919501610566776,-0.17601970536314263,0.5660892147375941,-0.09611046654648865,0.24838536169946765,-0.953611933977259,-1.418824194738946,-0.02618718229505366,-0.46102786745475616,2.27112155243503,0.750502920220909,0.20862591694146232,1.4760169446585722,-0.5905625069419048,-0.9599631374505694,-0.8200593795455067,-0.023671769209937004,4
2.743498966537758,1.1721750223250629,-1.3383318485581948,1.0989445168125225,2.372290731399074,-0.8131205612749642,-1.8791115292802467,3.719355028908895,-2.318726317342413,-1.5569437966500463,0.13023047013140643,0.46178516330771713,-0.6100342562189865,-1.7592389729926337,0.30778265373164687,-1.3265873520129217,-0.5057246983434974,-0.17165247721672566,0.3244751683936462,0.26838725580814987,0.3962808912400123,-1.0029092690359203,-0.24978627823498348,-0.8577760769378999,1.0406249445805198,-0.3347093415200428,-2.1123935479496994,-0.4159682290236365,0.3081994478078356,-1.3301772317564189,2
1.8395967892221885,-0.20946355640272135,1.1299867787857132,1.0497519456688789,0.18750771253417828,0.7845120036806282,0.0760969065418113,-0.5885331911390432,-0.8504095919930759,0.8865337008812026,-1.1962086178057945,0.4934787961958368,-2.340117117575751,0.5446772579410352,-0.8423930771027341,1.1250209671478895,0.5721981638617009,-0.48328796610490543,-0.7497963140007095,0.6765642166841551,-0.13666034438287572,-0.46915796420157135,0.7928303121072124,1.43573814304065,-1.2789449034377967,-1.924560631418939,-0.6231654064314599,-1.253757272938943,-0.24108503094834324,-2.508514944572409,8
-4.471815437232585,7.988911618524126,-2.5133145739097524,-1.4626635769215206,9.180889843853407,3.2242763642722907,-1.1447128396944046,-1.4920269458053859,3.39002453855178,-1.1893055504366963,-1.4403022556567826,-1.4942156554585202,1.8773248615818596,-0.1818570013765465,-1.8048126619013123,3.980151671117815,0.22998600642615638,0.9606762910690403,0.3373147179006219,-1.3314416266336637,-0.7351467907879283,-1.6334890735856096,-0.7051123106310568,0.4529693828639779,4.601785413030564,-1.7592148331249344,-0.11348908176609564,0.46510078435771435,0.21793095224114983,-0.3667950110197596,7
-0.0888614066878519,0.549399971923214,-2.2150120224825227,2.0896182545150133,-1.7382708377920062,0.6756065173515253,0.5986671064281274,1.3240494900538,1.7361504183128484,-0.9613890617018785,0.1728102103100097,0.5570759998816402,-0.9283620333147089,0.9461131695567402,0.18515380764038888,0.5549304854547087,0.20966211575565077,0.16866652772902663,-0.09189347560211154,0.07258115772288048,0.4823723655399948,0.15012995839013646,-0.006378634299072244,-1.6532691276564928,0.21821193667077002,-1.8298720899746654,0.19524243010639392,-0.031226397283770434,0.7546696239864702,0.5597053905712199,9
-0.05566155874553907,-4.0017358835830885,0.35979300366909184,-0.18127337928781206,1.4080702768899678,-0.4087269411384592,-1.7854023612763024,-2.3975386633708817,-0.7166497810551868,-0.8694824473283432,0.28897210545751134,-0.13428639615432678,-0.3851271837839672,-1.99078873582801,-1.0074686630760494,0.021186605917630393,0.796179799870305,0.31949777770274973,-0.8236216821220126,-0.12236185767339812,-0.11898162809224536,0.5056210014495709,-0.04768788731015763,0.12743854238771052,-1.170113389293277,0.4756762641845535,0.11899562094924261,-0.31938064532849475,0.49137495695945765,0.5599818848337598,6
2.011986728733711,1.2503081140699286,-1.5695975390776429,1.6560941511796872,-0.20917534257983425,0.016396096779841045,0.5922155051397756,0.0810704068582849,-0.1529501685306837,0.5722853251433917,-0.5448208365949714,1.468116761336844,-2.8797306859327754,-0.23649165186727825,0.8429504023394506,0.09259614117913241,0.6486493032620783,0.18031040881405466,0.37581531017023445,0.655216256609608,-0.35756971365915563,0.5828299799280127,-0.4291650062729644,0.07944534861084913,1.3462496293611714,-0.3852637079079197,0.08271164077629846,-0.5807048452712984,-0.5865107589160806,-1.219014826342201,9
2.9566520045396065,2.0764475936771967,1.4639848614816107,-4.4491538217655515,0.24743261200389935,0.18542728071153047,0.34791683184990724,-0.6037542353082943,-0.4113562451174009,-0.654530196347952,-0.8162931563754261,0.5410330209818522,0.028450390026329764,1.1844004027517663,-0.0826720391253384,-0.17971952217428958,-0.47914727783357214,-1.2955529586249082,0.8926101694264811,1.8667378593159323,-0.13747712161888992,0.1130452468423593,0.940663794124004,-0.5239130124719282,0.33626932439612983,-0.5518547155434432,-0.15815474313856973,-1.3454437485004804,-0.8130353765204933,-0.36275146777031736,5
0.16362097807005258,-0.47032523656541886,1.737676060039329,-2.081045132332586,-1.3402617502059013,-0.024983174478959126,-1.1979709563472418,0.473792358863231,1.465158713966244,0.6793323047977318,0.14588024084015205,-1.609019353078191,-1.598516534474692,0.4267970970406774,-0.21246551203091416,0.6221132485029703,0.026155048448188164,0.5646939049583009,0.08051537063239408,-1.0789486240221724,-0.06737511298776233,0.9042039723398132,0.587617405118537,0.7823478737638188,-0.21128576938192936,0.09492292449704345,0.5538912746540329,-0.19016005418128146,1.3817370765328556,1.1404253974031129,8
-2.205022157344241,-3.5001605214882634,-4.338038872392641,-2.5683632113593338,-0.6949372202098641,-0.526734503941841,-0.9778630802905518,0.9772754410008904,0.4823743544008483,-0.08113695726444246,0.12221592234968091,-1.251534121801971,0.34146326797276805,0.2206631395104024,0.5441320209969267,-0.5388125547009504,-0.9370943495398166,0.32528085782378996,0.6556625551705128,-0.7345375350728462,0.3926306099159468,-0.47023495707009094,-0.21415616820672756,0.25919607460499144,0.3427714090532244,1.1262136874414659,0.2907257783257544,0.431076178299009,-0.34891401133850763,-0.2888017172220856,0
2.3348699800180266,1.7196118693020779,-2.0705769701360057,2.804738184035511,-0.6021756475396568,0.43427345789668725,-1.0382715857404514,1.4398313191270693,-0.18674447949102402,0.06759131049013489,-1.2480135961093721,0.7977895518975525,0.5435378403589354,-2.3446986785198325,-0.14070785098972952,-1.2407251489506395,0.14917161530218356,0.28628018902559144,0.20687935898706156,0.0039948291153586255,-0.549435283165381,0.9666472214915921,0.29486462374485317,0.6948024954757429,0.5275756961175357,-0.0480259208369716,0.3078394480975393,0.6345516575637503,-0.11859501902752596,-1.7001600487660584,3
-1.457573051185603,2.120114731921488,-0.0012320637073520385,-0.397751487081216,-1.6152723391925456,-1.5034114662376987,-3.008472973333474,0.236974182047835,-1.2267893476380642,1.0381548165345276,-0.607772314496322,0.2783380114042375,2.135080884168061,-1.0726697834526353,-0.07933756950844512,-1.263458105234702,0.21638762662306854,-0.0869655346642401,-0.6450903857826167,-0.3474644215335764,0.11005913700713969,-0.5387922861709663,0.4309107356043758,0.39254103923007866,0.13388835285707215,0.396061530272398,-0.807617218681216,-1.6570848447580202,-0.013560487719055818,0.724815400520203,7
-0.0033626988800080472,1.3168264285637967,4.604123683152135,0.8760653002357486,-1.0852659090154,-0.27558094414989975,-0.6371364354147004,-0.9602988257924026,0.9842292309721768,1.2380884459844579,-0.10005121181380357,-0.13035489095401506,-0.32284483296121336,0.48043754637958963,-0.40279173619376607,1.2931193620422083,-0.4051033388488471,-0.42475748002087266,1.705326893512867,0.7768082388570682,-0.33966233792830997,0.5814209006642985,-0.6980347620723425,-0.719279483592764,0.19721477940665702,-0.2627993561251619,0.5646382815502755,0.8138913941205294,-0.28728495114246416,0.5843651030491067,1
0.34984743498194715,-0.12050880762840388,3.4509290597666427,1.1417594172430001,-0.7336871431032477,-0.1528063128098028,0.34415641492926896,0.4870181562831444,2.7141361642447333,0.533252355538263,-0.14791438379666938,0.6861288951716739,0.7270996854848744,-0.008269742482007663,0.4602656840206154,-0.8533642025733228,0.04379904863221827,-0.16768729172774746,-0.9011542631907867,0.1383636796441862,0.43480162055213023,-0.9535547993209103,-0.32902136748004146,0.16699843594437916,0.928627814834126,0.18046204819423398,-0.5029253325507922,0.5102787779086486,0.169947944738568,-1.166147854457367,1
2.300661717792875,1.3981316354265199,1.1726347030882354,-4.036511735215417,0.18524102035825862,0.12742111461974062,-0.3551700395883433,-0.22024381269431703,0.3720895569496295,-0.7665791479939943,0.0415760370225123,1.018973981299777,-0.4489157731640535,0.7609988399678187,-0.10576218716334869,1.1950218367244174,-0.34759591353607,-0.6424907455137302,1.5890282983292225,1.0520848683995063,0.2972095104674602,-0.04546712093449265,0.13802015095912207,-0.5770614650534925,-0.9700168386146961,-1.1702169840688332,-0.21785324526396854,-1.9656273470847048,0.27752328264351633,-0.35922063402439636,5
5.255180840481042,1.505650407736367,1.749524624861017,-3.2536405110751487,-1.9715544868598593,4.229111983658074,-0.8122276865518381,-0.11456260519573853,-2.2152646679996195,-1.1866780706455604,-3.31435540512427,-0.7792304499704854,2.4514781145958437,0.6727444316189423,-1.9862582590799869,-1.708848450873564,1.27122151825245,-0.4723358959464202,-1.9361932999138673,0.8724002870376365,-0.06412595093487597,1.2821722321991922,1.6959052516083852,-1.363145186569227,-0.1264118593134148,-1.961504780323488,1.305481665346727,0.3500865422051334,0.15265444749274365,0.7344258617315206,2
-2.433584695827949,0.5884242242678647,0.7975114255732555,-2.9272140958070434,1.4477388164459846,-1.9684114292308548,-0.14401050509784805,0.28776556867874953,-2.097449365228628,2.078520150538343,-0.283389805953189,1.8271224518150373,-2.1361499007565565,0.06188929812359651,-0.21177567482233986,-0.4255622365504822,2.070475227111578,-0.12227973933656205,-1.5600772188109349,0.32320920282202453,-0.4106362640950339,0.135788006090427,-0.0227808250809986,0.5655789179824038,0.1561934657595544,-0.8366376154288462,0.41678222957800676,1.0749767823996144,0.49961795576543677,-0.5607234841744805,4
-3.269143318794552,-1.4698366630471786,0.9564988837730906,-3.097040400676333,-0.6605989421149189,-1.3329984685772593,-1.8546099099740314,-0.1745073721334577,-2.9031397172572744,1.6415014617103014,-0.6553049787921097,0.9283562677864613,-0.8401573867385649,-1.078640908521531,-0.8875124013843143,1.4149719439008737,1.7873656686100337,1.0286313089892039,-1.97923585794044,-2.3130696301519205,0.15799708198164397,0.2095967544509879,0.3445719883123778,-0.6139194818921614,-0.26908457664567986,1.1910181212533197,0.06356468799084973,1.6783045977708526,-0.7195132019284964,0.09718076999145195,4
-1.9075853481417149,-1.3037774694869475,-3.709026568245566,-2.3166461911786036,-1.2269466882821538,1.1286447343550245,-1.323690028430377,0.6032059278644208,0.8805364287134603,-1.3012932511685145,-1.093802760827541,0.7595416326987795,-0.6385574622107252,-0.07312477765032523,1.8359570606473392,-0.31989787320048885,0.05145164122335012,0.6693303892285115,0.20850093741705542,0.0531753156950139,0.5399940308869097,-0.7624357778300346,-0.2975405729576769,0.0072949390059674725,-0.1565732735825028,-0.4443634090567314,-1.34194935729349,0.3754104596569365,0.45394384944131294,-0.06328161762750824,0
-0.9151552949852882,4.598907801483599,-0.15745054374467768,-0.5857721020843681,0.9903731967872311,-1.6622150004290863,-1.7990212545302091,-0.192831847736964,0.3307082290497758,-2.7379238427118375,0.690028583692942,0.7604804370568279,1.6929158626848828,-0.6179894728106375,-0.5647246922825507,0.6289652573267354,0.0006555331782731139,-0.07074431797779808,-1.3030679661395645,0.18845368786013034,-0.1430948485838193,0.039476155561673686,0.8710425995968489,-0.7753350153132204,-0.1430969528079754,0.242116751254291,-0.8388599404546578,0.034374947110773234,-0.5845334488137061,-0.5409454486394922,7
-1.383319607412839,1.3035909349882528,-0.2818080104280711,3.969076726236257,-1.0697900895685932,-0.017799646852214794,2.6948293470234415,2.47124778141095,0.498993046705765,-0.841873003114768,0.31315449014745755,-0.476160613378081,1.1920458509417815,0.11099882069737255,-1.1814379148631005,-0.31417646230250945,0.02140508370074913,-0.3891938245738473,-0.5444681016487384,-0.2672299840128248,-0.09736755772278514,1.0098606196828572,0.32214274123707193,-1.0649756313323395,0.19188397336985488,-0.4082201912987393,-0.03666709511198093,-1.6802833853223893,0.15186959637872746,-0.5591305464181614,1
0.0162233598356287,0.3891375980683288,1.2519949434906064,-0.5945416016227978,-0.7682657250550443,-0.09086831490477366,-1.0606272180387735,0.6025447120515324,2.187943163838933,-0.2920951933565805,0.04303973922858828,0.6275806111051478,-1.1330082384744748,-0.45724251572884866,1.2610007929735318,-1.591071556946983,0.6944823819064727,0.3934859770859471,-0.5964988223337954,0.20307672386962977,0.18738074218286255,0.12624934863698026,-1.0499643888597001,-0.22221928199473748,1.2129718115508137,-0.5437241941817413,-0.5032963956502761,-1.2543022584045573,0.9710608586266701,0.012816525528960178,8
-0.0584326316845621,-0.5477650464027566,1.1198946279566218,3.47315788206815,-1.3218901851272205,0.00876042531154181,-1.17368356175309,-1.275469916099511,1.7462989117726972,-0.08470703971705727,0.02700113584785354,-0.5668505938240228,0.5292552319171859,-0.25058126986040724,0.11888252843226801,-0.9181313741388827,-0.1190183172751483,0.10667514255984444,-0.5761168467447638,0.44158242591279684,0.3321216343845669,-0.6932705908034363,0.09432280311699938,-0.18745777022026636,0.46099192561939806,0.18634028638733596,0.8095657905340078,0.4126354635998431,-0.29615895917575374,-0.07164316196708963,8
-2.817662424593514,2.505270629869704,0.1635044621236128,4.4590474104936755,-1.496848096387523,0.15875268838981296,3.7555074691787214,0.68562241747935,-0.0067457638414496895,-0.9304503798924276,0.2456279829544524,-0.2387690522023664,-0.3517718443535181,1.0726931850654704,-0.21175402704458787,-0.07363728614193606,0.1991504582324842,-0.1604875337264064,-1.3333938824357074,-0.3142767282731975,-0.08812073958428794,-0.04644287750968684,1.3279505533080382,0.3934702244883467,0.21904291852328034,-0.16657202973723154,0.2426372838364796,-0.14829558387823416,0.17796300249607921,-0.44097482835625756,1
-1.3335994187304028,-1.7216837182260532,-2.3091347466968277,-3.3795766650345898,-0.8672545082698271,-0.5684420307785811,-0.8739553448200423,1.76251760864678,1.03022149004763,-0.07882209935152514,-0.7712551242331592,-0.5176901523220614,-0.2907185230064445,0.1860601996887777,-0.06084929183237065,0.5250087208289809,-0.7122179789724524,-0.2319027121604943,0.8857542055340164,-0.2657376021367666,-0.30335516809340585,0.36920849020303276,2.1994922968429904,0.8543843136689726,-0.3008047824439192,-0.3164800288891661,-0.22468474484004303,0.7465132765087452,-0.1969178390780941,-0.4915622668839228,0
5.391700028380257,-0.5510492394839376,1.9360102058374096,-1.270518452814528,-1.4178574422743968,3.2288179589248904,-1.528387998356345,-0.6934997655217783,-0.5512175268791448,-0.42887302897427565,-1.307224951340399,-2.491441191769518,-0.5656338792939902,0.3073334829029619,0.2572693541325342,-0.6510275852317571,-0.8363086411734291,0.5498744573085549,0.06827050431780594,-0.5772261766056749,0.9924605929110453,-0.9634819748892761,-0.1802764391732088,0.2462786510746523,0.17814162235850176,0.5735577418897165,0.32431553651014955,-0.06908106401095208,1.3575914877699509,-0.36724041955165954,2
-2.088985413864522,0.9240389983158727,0.574214947021405,3.292626260233871,-0.6407851985569383,0.8707790556068777,-0.26790718372337685,-1.1741804264407985,0.2319779054372876,-2.522654806720916,0.2770541454768487,-1.8518038679204551,-0.7854155864773634,-0.6022614282532415,0.23574160795512747,-0.45074552387128625,-0.777655192669445,0.2348217174163755,-0.11349877548719656,0.4455525658022935,0.04962112580300767,0.4565389163176898,0.011152895509741714,0.27311357951547904,-0.9490416321285408,0.2161169858699566,0.7712696522516967,1.4850050212896009,-0.25303949089217076,-0.14894987634653672,8
2.874650144363461,-2.24412107745597,-0.5815550400355736,0.4983994404463757,-0.845076136676325,0.8481075760345883,0.029807919513265627,-1.8817775723121035,0.6591212152751393,0.14024922400921877,0.6972317361590986,-0.3925092792081946,-1.438215240455295,-1.0457470113476848,0.5745124387500352,-0.09752061514921737,0.3921264664261197,1.1487477415251852,-1.1907792437296614,-1.6708262915586107,0.5145566659870399,-0.6430072231606525,0.15649767575552084,1.23780772434848,-0.08540575119915787,-0.36639752067783116,-0.1448063328419493,-0.66916640329412,-0.04819068414635454,0.8096675086338906,8
0.11387600892210402,-4.135976661647539,3.2511080129284253,3.1079027192071687,2.751239996198163,-0.17289491792082268,-0.8892023664816466,-2.722021407636309,-0.5581289896854748,-0.12406676600247785,0.5599652781590029,0.587889195522055,2.564940863015858,2.4490138850777092,1.1520424014783714,-0.27838970327381707,-0.7406379084165436,0.20249409661685694,0.5034698387232843,-0.1263205808356728,0.1505441319570176,0.17904267341148247,-0.5572927427752135,-0.03981237186021911,-0.4029802554094145,-0.25876832125212473,0.33341970793149156,0.3456552812422148,-0.39999855516212635,-0.19690310040864545,6
-0.3582568435009198,3.7956699523464095,0.4589192684432172,0.48112584222747745,-0.9363789744902746,-1.8636748452662513,-2.462368579396421,-1.060308559449121,-1.9153375429901252,0.9804773488841702,0.502571166745052,0.27035857840410915,-1.0085516620881536,0.3972436812886765,0.39030832794871273,-0.69977343478796,-0.332227825894474,-0.4252778025558507,1.1447643804161112,0.8085841196495679,0.26125215266549545,-0.609397922088045,0.304740449267834,-0.11193535827709837,0.26031310301735483,-1.0315227617998721,0.33757197869362304,0.029127549762690903,0.40108446358727606,0.23877858959901632,7
0.36444292733176303,3.2720749210548736,-0.17961339294676787,-0.8870541572860897,-1.7328731800915922,-1.548859925324151,-1.890883755672965,-0.4900236257042664,-1.8618481919826801,2.894553609458543,0.0076825110305347435,0.06448064839019604,-1.2380435592893855,1.7632949037875822,0.37238419508567233,-0.08024898648935193,-0.346155603323782,-0.24980519069308865,0.1910509205333606,-0.3706768507772345,0.6305402763034808,-1.8017316593571475,0.4615667486494655,0.8289384043669284,0.06374867246576031,-0.8149271663266792,0.4627197296235983,1.17457950335648,-0.2467977245166183,-1.45542879702342,7
-0.590304090466299,0.3228201791664466,4.4896983786719735,3.12413336442478,-1.0606117753280433,0.5824706856597262,-0.037681180103616874,0.0557806102456417,0.6299724507317737,0.32888736784593225,-0.4963493041429186,-0.7822653023883287,0.392340055233476,-0.030854286819686872,-0.5906137711092502,-0.19127613162268972,-0.31353622154182725,-0.41799650003628364,-0.2597209695714178,0.3600691221661371,0.09509388083633656,-0.36217609780495885,0.15532762146024162,0.3359672177355921,-0.2068082285855425,-1.0565215035712008,-0.6549119654792549,1.0830161884289782,0.7496814385063596,-0.563824079789544,1
-3.6777693043215827,4.347520114751841,-0.20169911878442742,0.3566012318815765,-0.2906010025580845,-0.6827375520847316,-1.6236317815824484,0.14286969302417518,-0.7053439198641179,-0.8763550812519146,-0.11380266968354587,-0.49381315155345495,-0.3510807078287847,0.31332903624760355,1.0579028517753915,-1.0969777776537606,0.017857367637850056,0.02400714811696228,-0.5997292872344769,0.6458354666501783,0.15949250648806607,-0.06986180413919896,-0.7972955230734554,0.7936920522581684,-1.289404415633406,0.959288762737189,0.4997869767081985,-1.0594809412560533,0.026797827587886534,0.4746990120106149,7
2.1342059792917087,0.6521570674277876,-1.0569262501111758,2.2399080816085855,-1.206352548476627,0.21096048499592787,-0.12855991283145268,1.0165625424036415,0.9392774497757402,0.15534288324297657,-0.8317441895880179,1.143132920760006,0.9301160564378127,-2.097222076078306,-0.46757291075364305,0.2515076302073188,-0.2336077772290286,0.15779204000561445,1.4087709197125067,-0.03732437198292514,-0.25307517232050175,0.937055980558908,0.5101216247023321,-0.4047135448918768,0.21803117356153492,-0.09969519278681896,0.9735658337142827,0.22995985760581308,0.07042339858551022,-0.5743718280698372,3
-0.808770183086149,2.1559185831351066,4.3805929081608035,2.620473924350177,-2.1907529529932535,0.1634053245421732,-0.04788326004136629,-0.4166249671513409,0.5387641561756163,-0.2841115123932732,0.37161212425122453,-2.0057926071566508,-0.721537450947761,0.4191223622913517,-0.152151442978708,0.31461249983483475,-1.0670171423341122,-0.21757292536628622,1.3551997653332248,-0.14344336615954761,-0.31556184421744027,0.9298305315503225,0.23272531042689837,-0.2033867190759166,0.0698258399580053,0.30192634493695847,-0.7839564363791695,0.1684197775711169,0.39942102932599527,0.5242758933547849,1
-2.694493620074869,-0.42044370491860333,3.8358726649128765,1.6771628757843637,-2.754984783161333,1.7516790761409415,0.9647907054777238,-1.575596695535752,-0.33552125956457635,-0.6894074682028764,-0.5491923146568799,-0.593265704988526,0.5916657506303081,-0.8881856402114248,0.19803248282382574,0.9634585201391199,-0.5177971213067749,0.519554914135208,0.9349393621562917,-0.8853205818343673,0.2824916932094455,0.16556105836322538,-0.3458470521588506,-0.12956942749036054,-0.753572312717384,-0.3037436617698105,-1.2995226093412406,-0.4399476753035897,-0.06712475876773354,1.52162913505628,4
0.8599039283403038,-0.7826045556547244,-0.13023074651535427,1.4737850834896438,-0.24010479408056265,-1.1952445754351264,1.0263439698920906,-0.9343731933910555,1.5150894659363419,0.29326595343420614,1.6623516442711506,0.23458216699668533,0.8950874809984423,-0.2982476549102218,-0.9568238938956202,-0.28013917138770683,-0.23179231029713104,-0.3904786762642679,-0.4133086040872585,-0.1876826448021744,0.34780313496864634,-0.08864454951395959,-0.05834483801661267,-0.10921458636645494,-0.2765648310612121,-1.1448492078209618,0.8130257354445337,0.3613951740743577,-0.4234731867133736,0.3900321671364475,8
-4.599239625167433,-0.3463273164620106,1.2033719935391949,-1.943357081887473,-0.2979124020105991,-1.4364711076359808,-1.3317680499708364,0.7836925102423827,-1.7429897546984194,1.4768740041724928,-0.5685047012631844,0.032434373077510875,-0.4901456627106021,0.16737242762716115,-0.16848640814666685,-0.6364735823728779,1.2757575433528496,0.012627256295268235,-0.8320127019212474,-0.19625199021248194,-0.19144178035723636,0.12672277073662686,-1.0464273019820363,-0.6467849219505557,1.0477149284529468,0.6052124998179281,0.1243073420704304,0.06400579061669529,0.6445905037860568,-0.08939248746784186,4
-1.2262961235562466,0.7016159820430746,1.736930772347982,3.181645822166584,-0.9439662621053957,0.09582558171499946,3.0008684851968503,1.8008131118491166,0.9347930759284112,0.1462515045889101,0.26315705931506994,-0.0716328986399054,1.0330583661599002,0.04751953629306635,-1.006649696879529,-0.08659435181182414,-0.08569801879488048,-0.4060596639489794,-0.022392853342651915,-0.22740485575662983,0.03221095812001347,0.7283537339587397,-0.28125106586908105,-0.7996423609368967,0.07666716978556799,-0.4448669176280518,0.4109565808005905,-0.5034795884762574,0.14785020266469753,-0.43447128894548337,1
1.3302971755687272,-0.396842234970411,0.4662343471263911,-0.18308867325829473,0.20278720865660016,0.028950479664138336,2.2207359379870875,0.15784324409073353,1.2216064799512003,0.6679919249712969,-0.785487182166193,2.354446197523212,0.9462171067268444,-1.3813024823650917,0.16985447895393058,-0.42886855340525815,0.7124425858916712,-0.5173106804918353,-0.12396154577992452,0.6662740533730528,-0.34281536302025284,-0.11846166050237497,0.48305617665048795,1.3767585791875654,-0.3686641455264429,-0.38803923289088676,-0.26108687726698376,-2.023393025533365,-0.04348360314885722,-0.15037912741745071,5
3.6668763688119954,1.1383080035743718,-0.21075654632602875,-7.301218394287873,-0.4988184558229041,1.1901047414346673,2.211890532415933,-1.5738020225799687,-2.0479898113960537,-1.46584855696862,0.050326953054576906,-2.8488913520210746,0.05911760067317663,2.853903841310411,-0.3818016719481172,-0.8858818088114365,-1.4105180726763062,-0.9796746427538325,0.3688138597465096,0.7066715213877572,0.5431140305451087,-0.4999896803081177,1.7431130855832488,-0.5061951729464956,0.5368605330585557,-0.8937679413634175,0.8146747376497625,-0.053024347323157084,-0.612184757849814,0.12132997500000323,5
2.5437454028838244,-0.005384109758948688,-3.512457432665011,2.4544745313851113,-0.45920070873743163,-0.7133133617102473,-0.3814847112033562,-0.4070580062588628,-0.9367073321970141,0.940140521163595,0.6675857905980166,-0.13890276046046957,1.9651266280017188,-0.4645119547500178,-0.8141154886501517,0.053906007306322244,-0.35281157520401557,-0.09606134302466222,0.40958721188263236,-0.46311078812462275,-0.3567154227635335,0.33190162736853845,-0.8250200103880563,-0.3870376154139274,-0.09143854808983873,0.7475571359892079,-0.688322777250893,-0.10128360926859614,-0.15114965882020734,1.1831353969293228,3
-2.661749321492767,6.734012723839915,-0.7947578992019457,0.2074451075251958,3.0817271055495143,-0.2606885137004918,-1.9503677179632348,-1.669165236753514,-0.2422558852708416,-1.5516216972242198,0.07653922802415687,-0.17119366643143225,0.2474853203069936,0.22843083318589213,0.4655907908032222,0.7658677538076369,-0.1297175550942376,0.33221128419641055,0.08009177601424006,0.7748930625231001,-0.45010673486105146,-0.8266409107461359,-1.278329380814402,1.5457228721651883,0.3790120268967836,1.1654266539593379,0.5538375577584472,1.213477627588094,1.8601770545095802,0.6454596277324935,7
-0.19837148282574202,1.2634824468770476,1.5207540577130798,-3.62970347477441,0.6526563891786946,-2.2242381782642044,1.363188669111613,-0.45873811707259626,0.2529654499314611,0.44979578007144383,1.7174133138328849,0.7866414878518159,-0.8683644086010779,1.124831329770804,-0.056524077703100035,1.1798169160337857,-0.8746521058639825,-0.5630753771239413,1.45819988435921,0.17988577464007605,0.6007610881562621,-0.5780144567401847,0.38789313629651545,-0.4767265896504093,-0.27900783103473015,-0.48477130922179396,1.2077914386457824,0.7033868622362093,-0.6694058679615992,-0.47636904965333393,5
1.2455432891254379,0.6563816039160401,1.7598922668390709,-2.1637410569630986,-1.28611768276308,-1.1792262616047664,0.10948321399179739,0.7167016571821585,2.4365588758272385,1.4510574799681948,1.1176150736284172,-1.1497053998707856,-0.32180106475864706,0.4567737401168328,0.7830364662538303,-0.03365909659296254,-0.5887445587264339,0.24112489171077536,0.2214978651738496,-1.064592671381322,-0.022254146769412363,0.2217308558533525,-0.4270604868063284,0.34456562282624775,0.7632860047881161,0.8469419224684902,-0.4344701843842585,-0.5325481639532207,-0.12004796223877665,1.7297492801045902,8
-3.267022481119655,4.274306233834734,-1.0958100111513593,-0.8915678494709228,0.2871928135981387,-1.6251734368929238,-1.1504278975910494,-0.2140557444272142,-1.740380165065306,-0.5339389535015027,0.11592240033425813,0.6745353522893274,0.6803832310736009,-0.34909558432541954,1.1071728934339056,-1.258549685277239,-0.013921331242223538,0.19505348898553557,-0.4097345665382342,0.06131426072698812,0.1814135850369693,-0.6680886490037234,-0.36726991616704296,0.8642937863993467,-0.430649100519847,1.6568849713693505,0.18058498792527147,1.0509359237985147,0.2874572062086836,-0.26468194531575645,7
5.7232723245443005,-0.6775728918562293,0.9468398925187528,-1.3045736464493287,-1.1387901077478186,2.4768263684768055,-0.785224688895324,-0.5875126334334867,0.2201224427168737,-0.1681239296928854,-0.5226297266251296,-2.2610972388804655,-0.8905976088656712,0.24565787866874125,0.5524678448243343,-0.4650818776878556,-1.0436474364389452,0.6307320745716263,0.5404815682288863,-0.6680240877815292,0.9066052466194359,-0.8149642154372408,-0.590444857185546,0.4179509350235586,0.4707102512420569,0.7666389649161398,0.09830713957965645,-0.361072748605641,1.0232801557905968,-0.22700651213362025,2
1.982543390390826,0.41509318648833526,-0.7238896141384727,0.7602968734502866,-1.1115086460008607,0.40177256756030605,0.45157622324171987,0.11543646438393068,-0.16098071590566906,2.076471607492825,-1.5597811510946848,1.0530558563796437,1.4052792514899528,1.4141154884444744,-0.8475619130056471,0.9072437769154668,0.3073342551400417,-0.7231682858402171,-0.3286017241659725,0.5139855126478498,-0.24213088786334305,-0.5163528219818286,1.1419911163303622,0.3174129626151677,-0.5382979160104991,-0.5556732598186275,-0.2654688595747456,0.5398402917366955,-0.271737100210247,-0.08096167180371307,9
0.3263941216323219,-0.7259361065481679,-3.190062959948064,0.8997871390831113,-0.6132991700907442,-0.33258376569183173,0.3008650561038212,0.856140159022948,1.099260380798517,2.2470933612133472,-0.6056408225919295,0.7501905767403021,-0.6499174650705014,1.3058193116086696,-0.18322610630796562,-0.10573776415475078,1.216850142243142,-0.04356208942382398,-1.691575243305949,-0.07619172988972608,-0.17167759439470448,-0.06749809147374461,0.16209018654515162,1.186229258510476,-0.4808000319280654,-0.2776008447451065,0.4110791088782547,-0.2570253174837741,0.7484393924426178,0.8007799653584284,9
1.965368308548452,1.8399723303299327,1.142757336689025,-4.939239947181984,1.200027624739187,-2.0896103652067164,1.96799286653116,0.10661699094076443,0.1269585550246639,0.7252891688988454,2.194988976827347,0.5191555965800889,-0.3263369185144257,0.871394111937819,-0.025325183560712953,0.906824870819935,-1.046199666210981,-0.4657438667135068,0.8707310816075371,-0.33039735130249576,0.4682459795305016,-0.41973139580769037,-0.5252866845153029,0.3087102165493986,-0.9189813648519467,-0.9447878353909073,-0.41173287098078426,0.21269684509454248,-0.24523553768769835,-0.039499769742759934,5
-0.3015855534786772,0.36442122125939613,1.405541341831423,-0.5009895038065291,-2.5570093594859915,1.2175812503011536,-0.9817277596305836,0.5904266564437085,2.514862863916752,-0.1981361164653947,-0.8068101775577116,0.9393702086653757,-0.8676776762948011,-0.8091515162550267,1.7020464942835467,-0.534302794876335,0.6344306379385446,1.3150063928047249,-1.115250540036202,-1.298045076902934,1.0916251955976073,-0.6413539633312924,0.19992470166564766,0.208965772904665,0.004292118434073867,-0.09024495464092595,0.4133932033589712,-0.8760467636343613,-0.17205393284527962,0.3580287256806738,8
-5.539360523189381,-2.7748658869284744,0.6866434559861511,0.6897502995489305,-2.5941140045470203,1.9877973738415888,1.6493507250622608,-0.7125837106716234,-2.2979782144849072,-1.838771215192744,-1.022546325942645,-1.076694801590996,0.7064158487651289,-1.062481509295612,-0.06310374860144545,1.088212348162396,-0.3948280233492949,0.6771118840221793,0.22816119636522073,-1.5632967066844525,0.5732790303621403,-0.41061438258568683,-0.04018584318457089,-0.05363287299228985,-0.7214152699052413,0.612822158175827,-0.9489888666401097,-0.8979919631008524,-0.30209127774172445,0.05760375306372865,4
3.277422959665413,4.340632448087217,1.6602612067430789,-0.4186853767040768,-1.24214345745705,-0.08343697113580356,-0.6850078800290623,-0.6112717255986075,-1.4055850160451382,0.2324660099366462,-0.5106980375437956,0.2458645424566679,-0.6205344476013184,0.1983144466153942,0.1363126127990947,0.1593295148431257,-0.5720322380772268,-0.36332524886187906,1.10304899952458,0.49041815199656874,-0.26134535978774204,0.5806599142338527,0.74753671853676,-0.5590540001310782,0.6111523000930945,0.22182381587820124,-0.17424007345047587,0.24078513363316528,-1.1298271974163012,0.003389008439877523,3
0.9795096573379274,-1.1241013993808928,-1.9621111473316906,-1.6620254659901812,-0.34624667042743895,0.6450841640435117,1.2209206329249531,-0.8509052974568556,0.27812865814169463,-0.7523263668652264,-0.14633405638295455,2.229589965164275,0.3435954656394486,-0.7137772023863659,0.45191023091764637,-0.024356074813785152,0.3252783176992868,0.5759411881341969,0.49021111610564205,-0.4575107002063599,1.096978640217037,-0.8560169027211337,0.1634170298047406,-0.4078809850868246,-0.7739900976483731,-0.5993999671071419,0.3553366866891296,0.5499713128364679,1.5459908943766711,-0.5726248317469419,5
-4.103937087990855,-0.4694933638916406,2.323082289266472,0.11642766366088433,-2.0601474421695003,0.10836295793791374,-0.12415435943139466,1.1409875854171627,-1.174792392016708,0.16510512008508424,-1.2268499118111935,-0.5191510168444817,0.4928441174353465,-0.49001363354641125,-0.946424224430596,1.21853338373369,0.5312793520229859,0.17692987235461136,-0.7586406022837777,-1.019242855358029,-0.3450420934852067,0.7079260605627433,0.8499404688613639,-0.9833706814292278,0.4978800141683848,-0.09174850284108832,-0.36702447551779466,0.30851933594125586,-1.2222343352178473,-0.017390270838865934,4
1.1065988118096544,0.3812057086707262,-1.9017586504591841,1.0519997551451417,-0.28668260365017634,-0.6201340649863015,0.18386666519272907,-1.4057311739357945,1.8821028684371037,-1.1382921269757518,1.415433157676153,-0.12829027948963756,-0.6261052912714755,-0.6293842542404153,1.401342657425388,-1.6206023940571719,-0.2864486691377152,0.3859477261975213,-1.2008115973060398,-0.27110715635372545,0.5630192547122868,-1.0028268972862555,-0.21726217154897848,0.6600113570886932,0.12391471999147463,-0.48304473899780964,-0.3459515774618114,0.09815352664780375,-0.24174510122557774,0.2659229705586304,8
2.561088581992277,1.2445997286932406,-1.3899848988089403,-0.7384514246911559,-0.2838679811358999,0.5787466206041512,1.824340258470789,1.4475951512719833,1.5670811881714446,-0.3885454516847682,-0.4286191731453981,0.6819138592273545,0.3713850618156466,0.13355802147535126,-0.18477701327559956,1.2234519187315318,-0.15907490006947103,0.2840586110698191,-0.6016941267143938,-0.5539368414161141,-0.07903325478767433,0.4089147272091436,0.4677324985497661,0.04662557617715653,-0.8612544965819103,0.12034435741997863,-0.5783058932054509,0.3929061566853931,-0.4156309291352568,-1.133555996440961,5
4.511501149051137,-1.0940148575719182,-2.398283258034429,2.4286614452074553,-0.3194747316542124,0.5527780856024072,0.026318828574611576,-0.9625713373870264,-0.6421043131876456,1.0715362388533576,0.11442851723248768,-0.6871607274517759,2.1774670408418757,-0.6897074040253435,-0.8792257897366041,-0.01072691037398451,-0.5639850601556674,0.04946812597772467,-0.26479109579949517,-0.7504619749034214,-0.08658155291937752,-0.5214577559596028,-0.6510790135527351,0.24098920441072919,-0.4201073208298784,0.5206985644448017,-0.3520801903953982,-0.19338033861447534,-0.9597222751136983,-0.1296228883007447,3
3.103389322411005,0.6186979836182622,-2.908706054318133,2.307747183216082,0.5558138284679267,-0.7688422829714338,0.6142959695718526,-1.0106050735222625,-0.5930502537029577,-0.3538732652457657,1.5074434673008117,0.19976208641728696,-0.08423484497342282,-1.3590347719433926,0.28511724506208086,-0.60776493158075,-0.28284958656636405,0.30245721194943814,0.12719200337913356,-0.3933386826128225,-0.10811860813244652,0.3613004316862564,-0.9753480121373664,-0.2345483842280098,0.3753743039806961,0.6002037152111929,-0.27165781702933134,0.05678086679070103,-1.2272330688930995,0.6181426980113545,3
2.358893604841313,-1.7135627660778647,-2.28467829188673,0.7681792060575414,-0.1844967281752277,-0.1501908339310653,-0.6209797025514189,-0.4520401589147724,0.37028211871570504,1.2889103173987408,0.3766219664515772,0.3423762231867533,0.7563116533780476,0.30998073408868165,-0.45052759102858647,-1.0312272340808348,0.8182961873050622,0.22615027432365073,-1.822256440605225,-0.7218513632944674,0.49454772710308187,-1.1542164033420095,-0.1497228189688085,0.9739121540130521,-0.27710488722914456,-0.3678876750591803,-0.2147755306068372,-1.3011923821676785,1.1193294554102646,-0.009935692114207568,9
0.5823193342078097,-0.8853382497651309,-3.0852479582420473,-0.8941714589683843,0.4718006295781257,-0.9513742120033263,2.3454711860360526,-0.9364174555983489,-1.6514550660932197,0.9015940977238432,0.28824187844000565,2.323786862715051,-1.1024638559912041,-0.29891645251260107,0.025925781155925445,0.9494225817603255,0.32566060558603627,0.1512836513689906,1.212179662714885,-0.3332362726154657,0.23916849203970694,-0.06625939812416043,0.005347544617707832,-0.3031678507618191,0.14841833671106439,-0.3463728448689615,-0.34030314410335616,0.3254307113249566,0.8739524576056825,-0.12689934610578782,5
0.0017173425524280748,3.7106927659697972,-0.08298398493660285,0.33934823051325874,-0.4232002612143719,-1.8881898746202086,-2.137823001553788,-0.37348467484452696,-1.3710997545142007,1.325897921243662,0.8401415971493195,0.24849633664904652,-1.965903976420636,0.44805602694268387,0.36886174208190237,-0.543524689737196,-0.09446220632564643,-0.3401027052229393,1.0102829369230408,0.7237047568752026,0.059282921781038674,0.13829054813157077,-0.6351104975303105,-0.3254486362642967,0.2353591583001858,-1.265206720838075,0.5432390947733268,0.0834612227830064,-0.04902036826178382,0.49057560698556074,7
3.9340526169930894,-0.6750617847969163,-2.6223365091871287,-0.9162385317446539,0.10808274920765891,1.6058432353463543,3.211133411849168,-1.6049446726344592,-0.3469290277042188,-1.484101125577542,0.0045228890988996,1.2565610686278121,0.40729161266251956,0.16482665283365594,0.3791631155235566,-0.730945579156597,-0.02189094175924052,0.3127969851202361,-0.6948354573693686,-0.10602063992204118,1.1615681547231744,-1.2735203045289636,-0.07519461706466952,-0.7189080828264361,0.5289124047394701,-0.4906370980969099,0.4180110122468366,0.759204461345837,0.18659615600479396,-1.227415596212718,5
2.932683303973096,-1.2069118586092549,-1.1916875660310058,2.7636010849124153,-0.8070441790956807,1.2872359574818177,-0.6994372542035474,-1.6595141843640782,-0.3991811922734647,-0.11620270525772414,-0.17145894640838744,0.7656226205878542,-1.073210999932103,-1.1845402994647287,-0.38609692101954113,1.2383305837607204,0.20006540589634578,0.8699420807615897,0.9609798325403403,-0.5250183709737726,0.3592688978386362,0.19732769536065672,-0.48766690161059884,-0.6125850285721343,-0.3767271354065322,-0.5034636627601832,0.73500654026954,0.7056041309292218,0.8251410922240343,-0.04747386693269541,3
1.6725698639509152,-1.9700486139558904,-2.487502572366315,2.558737892985797,0.682791678131373,-0.4707424497397288,-0.9144221844513287,-0.8367231183871249,-0.01189218951743614,1.3288910726546705,-0.3821170942984766,1.440983906455341,-0.0706264491705381,1.3962860167262716,-1.1113493297017794,1.4894545151010141,0.8952309843825111,-0.4182179565762829,-0.6146623932558736,1.0314806359162727,-0.16077586532852325,-0.14925414631527997,-0.5060290164619331,-1.1440940838400244,0.18809116738041806,0.04112797772091983,0.2382394743026589,0.26263469344858315,-0.5971955301516891,0.0744901631551039,9
2.761125653807026,0.3842254067058359,1.485660313714286,-0.2392230121247647,-0.6819119633527024,0.09360931444922586,-2.7562946309573073,1.1709586809294665,0.7960520783433845,0.5673139875420904,-1.0629493708783697,-0.6065023110976349,0.9136844344291528,-1.1766236869451678,-1.1695666068397568,-0.13940904496809503,-0.015840408960231905,-0.3195125450465807,-0.12062884170017614,0.04309406853828589,-0.9983652407414364,1.2367809807273875,0.7572910648202593,0.7259262143441715,-0.6013721591917269,-0.7541133733157149,-0.5683533185082023,0.19180909098449375,0.17502998625016808,-0.7089995444145484,2
-6.840565920606617,6.5467389277104715,-1.9451625808177206,0.7968699848112839,6.409152776794643,4.7787257115080095,-0.10801831501267828,-2.6047858062064133,1.5813277895867157,0.908560687070164,-2.0126469053862324,-2.8010032658882715,0.6262898309917134,-1.2345350026161985,0.2564937668128436,-1.6551323579087274,-0.1944555653548195,0.1868841442666327,1.5840073239486512,-0.5041724373344587,0.6068047372380566,0.11232280808374061,-0.3740250519093327,1.1316011082264006,-3.0732927317259118,-0.22479142438579455,0.4860662493618511,-2.069908987143824,-1.5134790889685175,0.2837866184997173,7
-2.5671309934924618,1.8100555343397093,1.592568265381839,3.993271446496346,-0.7163261417604088,0.11984007685649534,2.562675798256584,0.38933964835634255,0.16326259810731633,-1.05813186629463,0.46763438065388024,-1.011002602402899,0.4398172562306082,0.6447637454141899,0.28332041642541805,-1.0950926167798718,-0.5368894289558898,-0.17609332321427223,-1.2293296298997598,-0.25242573689971853,0.26304170798636417,-0.9841228669871681,0.7277941560276658,1.1501247726030313,0.3196081311768391,0.9579951058507788,-0.0943945124179066,0.9596978454222578,0.08181270827030226,-1.0975498438072133,1
5.163063572279648,-0.7100905641917464,2.8139867898557274,-1.3209719198017118,0.16175189844828564,2.0163492201294897,-0.7120419308921382,-0.06923087354114958,0.1744994490691686,0.6477941475607365,-1.5663870149255485,-1.5212090935683906,0.07137614888949627,-0.013627225941616285,-0.5057062425285397,0.1745626885742088,-0.5286184045217546,-0.4821172999398393,0.25654726461288135,0.6459275613173805,-0.7082385341239821,0.3541401665109441,-0.747990987199057,0.951813636140596,-0.4161657574033846,0.503941375976628,-1.0737613784934263,0.6587985681990112,0.5244135232780489,-0.8459926110941827,2
-0.3694244886337281,0.7035071100125464,-1.4406949170877834,0.705761714196483,0.27813493819607216,-0.760491163301766,0.5670012759764221,0.027101747091446925,2.172126024777905,-0.5274283321662238,1.0401511573954785,0.03952765907778394,-0.751975036903806,-0.44359523516074567,0.4324623401691652,-1.6458317625705245,0.43751300419061206,0.041521797094198565,-1.496325097700324,0.25779654534201374,-0.07520271038767083,0.46112551535629137,-0.41878684001488586,1.0816860851460828,-0.26149597984925427,-1.2152097819323067,0.9118481561310496,0.44385181462869533,0.1902585693155695,0.46774119240236983,8
1.0392139065115253,-1.2093327932700146,-3.178707283281436,2.6318685698918807,-0.05249587382401992,-0.3125345630860363,0.002626321261504239,-0.28152671760702946,0.45986325780171683,1.9374403840569765,-0.8135154586910229,1.9945148425593022,0.3233860307756053,0.8868989112897016,-0.04668009418443117,-0.015602042373803466,1.1517641524140056,-0.23374335665836943,-0.9719715168973199,0.7610835805419143,0.12931958518346257,-0.7119562204666774,-0.876061761900299,0.005990271479572546,0.28452861769985555,0.8716454291796133,0.1558855685146591,-1.134900581284573,-0.08528021251970219,0.0629814286990704,9
-1.3695647513898759,2.45267241033413,-0.741378527158122,-2.1484351392475163,2.1921012068836987,-1.6742640248990255,0.3842140133973103,1.1594321186366405,-0.945321497227556,1.625025302115515,0.7424045956778247,0.849623870690547,-2.2419353209525115,0.3599836319460193,0.3412819805467409,-1.044793684269665,1.7025121131890983,0.09182155597657281,-2.0213867550757154,0.2614886862213326,-0.6999137556535658,1.249130169349952,-2.090237972153265,0.6440544038643633,-0.1341392122101519,-0.9445733775057239,0.02501184047989853,1.440638227694375,-0.1716620927688649,0.43424841138027576,4
4.4360035086758325,-1.3210069828472755,1.6297840098808065,-0.7614475517207094,0.7416309830507413,-0.3759937105408281,-0.34601087392184304,0.8652093839396214,0.5904042198919605,1.6871597106377827,1.2738734468845183,-2.478679966520658,-0.6716426743920227,-0.1705068013929663,-0.9809721910921746,-0.1218464066875204,-0.79670812322335,0.29122366941218186,-0.47389026018547536,-1.568344823825732,0.1299686710589339,-0.10435437865801139,-1.0181162738255491,1.4066909864598511,-0.19422642558037786,0.5797611453610696,-0.02822367313788892,0.4025068537600294,0.7817705807177416,-1.1940081437998094,2
-0.08533895996774496,0.7189757314088945,4.600901924710335,0.5347318361188675,-1.0712175427457118,-0.3488642902811661,-0.75020063048655,-0.319687890276902,2.178316727017423,1.2770636911433948,-0.25518064316594213,0.12866047340029751,-0.2787842623858505,0.4434705620178277,0.12567043106067713,0.5646308794567427,0.10511803523418482,-0.12050240962761284,0.5962501486457437,0.46682090238156065,-0.22769036405576212,0.3277670251660565,-0.7041622225191216,-0.5094746918156683,0.7226870647642504,0.5572080484103299,0.5186828839423441,0.5289464378120061,0.07556250768105445,0.3540246628229175,1
1.0242895297902341,-1.203843381773958,-1.9613629577966687,1.5266840870253515,-0.41218309446679646,-0.754524476000884,0.6068328176880771,0.14327881259844996,0.9345764229960478,1.7150587798677006,0.6694885401960043,0.12205638104678454,0.9898143473007622,1.4248800168982858,-0.8814302081526881,0.013227506117648885,0.1673924031917439,-0.35683070705453085,-1.2255389629462141,-0.4232013852152932,0.45628996517498766,-0.8129476276730836,-0.17198749457220602,0.08502826178581742,-0.4821589187165086,-0.5621810697726285,-0.03031547880936812,0.24308729804949908,0.6719533968144228,0.5636733092736976,9
-0.8049568197293515,-4.141693332222025,2.3835107547766463,0.8563611746564409,2.8945067172643797,-0.49856353342228354,-0.4070839902997548,-2.407119478092486,-0.903377176830769,-0.8979159816118498,0.2164898448571546,0.688016799323767,-0.562541129907723,0.1372937047635029,-0.21498353483168708,0.0633047410274566,1.0455403224070043,-0.3030959458306627,-0.6713991232892944,1.0072006059573448,-0.7619398531316566,0.2849416495703045,0.20729295722599758,-0.016265551736831373,-0.3479451099233014,0.5271417725660478,-0.422884180469976,-0.421972909259508,-0.23387416973895134,1.1937859250484106,6
-3.892812004315658,0.09581942498325133,0.6603661394397535,2.5717446800565344,-3.056625927350167,2.0656329890755383,0.3195782687965194,-1.5911307748810577,-3.4340878188206534,-0.9859378514049133,-1.084760695352313,-1.391703458884905,-1.211113380764126,-0.541466747144212,0.15880870110688874,1.1503254198750226,-0.6030540044093485,0.4034064127175907,0.5897820123767952,-0.7752815666176782,0.1370657562245954,-0.32652252041493623,0.6018318262809794,1.4354774524445348,-1.3615154804471694,-1.143733605944082,-1.5783054039926456,-0.659182618974717,0.3533822657597004,1.353306543978771,4
0.3937833941579567,-0.2756798929275506,-1.0830806389973593,1.123806154497093,0.15751608724668553,-1.3023949007778268,0.6387509364426376,-0.7482434243557154,1.5133886919875206,-0.9795104834240598,1.4902457470357329,1.2820420032504254,0.4495889276910844,-0.5064529131509514,0.0774098468662353,-0.7986950073071686,0.13171721768236383,-0.2818259554908211,-0.6085268273774783,0.6004198290322175,0.4132343262887461,-0.23782185843156675,-0.680510123173125,-1.3683927920920964,0.3859484661747718,-1.1231251810038352,-0.041035277043603706,-0.0006688440082960481,-0.7803901452895646,0.029296146737368745,8
-0.9429089357607496,-4.421713579654697,2.349255587163868,0.5860385473247213,1.3837346540537092,-0.26764403305831763,0.10960313201371179,-2.159792311166669,1.1901219385330983,-0.8743824362114653,0.6033055961150197,-0.09652568141047706,1.1391324318847276,-0.5708551960790735,-0.15600176848746514,-0.7375039905969744,-0.43362766356691235,-0.6282639278036102,-0.03026591313070427,1.0070218597440677,0.5076745947811692,-1.506502940633775,-0.3788038051333226,0.06296046058283737,0.26674202010318426,-0.00845012678821294,-0.2225139794240604,-0.2956803836719992,-0.5856054428189241,-0.7788074313503536,6
-1.3241025671816717,-0.3127339962239781,-3.5910571175066552,-2.1372221266154368,-0.32592625949205134,-0.7478395525147014,-0.6012512395335569,1.4733651072172167,-0.13948991586533863,-0.8421490143676563,-0.3274755001966667,0.5020903650823051,-0.8508563876054314,-0.9816753289369189,0.5242641975304472,0.061755938903002454,-0.1558694288459591,0.15014244206672514,1.0322438461287136,0.014133361843197266,-0.2804567343831809,0.7692160823268835,0.46407308930175317,-0.705078389242604,0.428824093621896,-0.5869215293705833,-0.2423307174656865,-0.19076696464062598,-0.34000541459633243,0.0061490869726422434,0
-4.598736154906038,-1.10671830675507,2.258850210243325,-2.0364245432171133,-1.0593633742745991,-0.5586465253461912,0.003758653447034335,0.34853902477655413,-1.8225820579676972,-0.4461039227390594,-0.32962468438853704,0.2900149725608717,0.15614356549139424,-1.6254762417359425,-0.23338046733521783,0.6920645412549069,0.3847441110145826,0.5284808518257709,-0.35930686600442296,-1.2426635320812451,0.3468508218825717,0.14287679111658763,-0.3372241667911116,-1.7251422058854204,0.7102227047099978,-0.5250399376668686,-0.4268563471417508,0.9868687574816224,-1.1380401150700046,-0.24907433659506104,4
1.1371987657925773,-0.6889869682939579,0.05722775577239262,1.2002584995349337,-0.6363297510024337,0.5464658677662163,-1.1006618642476504,-0.7232913380963474,1.8425898980541429,-0.2601473167594154,-0.7316105396084132,0.6665650420861676,-1.4579320195044785,-0.9329002709290748,1.1633694934550443,-1.243724983426028,0.7921011409810713,0.5194731953067876,-1.2113455693603197,0.36414607382447123,-0.05450526584223267,-0.11515723573075975,0.0543238935534982,1.1138666304326672,0.48703039605663156,0.013509461531360213,0.45207322410778816,-1.274831840770178,-0.5649600537574022,-0.4673879170803593,8
2.482851492350135,-0.5021862778093105,-1.7702579259892284,1.769314374023352,0.2866779321060365,-0.6817546205108246,0.770462435023534,-0.019450018212535784,0.3551696647318366,-0.8989970981156237,1.975899131656936,-1.0637384286265068,-0.9682948825677149,-1.1074952380291798,-0.5636627355859145,-0.3808356493886794,-0.5085965793952679,0.24178812653193862,-0.1908993701729714,-0.9444297237696178,0.21634145758430823,0.7082459985025907,-0.048734801999581585,-0.6136888928113845,-0.25015043363282585,-0.8084705454433542,0.1944634103644451,0.11660538989035672,-0.5434191621931224,-0.04452262877250464,3
-3.5926869700954343,0.21658665810823716,3.0399895039082483,1.9864308547958964,-2.418670783004424,0.8203565066986495,1.6424917352806916,-0.1649213624236961,-1.7297104142113424,-0.06118839650971973,-0.9442780706683336,-1.3072783785628022,-0.2260218569390666,-0.2259873029603972,-0.7531980538366057,1.6669673382389447,-0.21232890605888077,0.11886242936546525,0.8716119516786236,-1.0682602046501914,-0.40489897107151107,1.0152394050399245,0.8420434983154587,-0.41081204199409,0.169920625168322,0.5236936071023733,-0.7999189060352663,-0.8140568691651283,-0.8059856391984684,0.04726427787446701,4
0.1665617017509908,-1.3934583016460589,-3.5154634341287108,3.398755909350364,0.06454412230213338,-0.03423138614199289,-0.43361870756284343,0.5840646744395707,0.8437138371123782,-0.4570249942800543,0.6821350341024199,-1.4002475039575055,0.35225257399831555,2.1156786281094035,-0.7111074008002095,0.24643413000730588,-0.4981288922791611,-0.4543739599677417,-0.9469348152113188,0.41168442001571603,0.4580492165770983,-0.5260391168441241,-0.605693657311859,-0.9603928336536248,-0.7397018226801676,0.14334947300634013,-0.23888388908927452,-0.6374190042456029,-0.429990343463497,-0.10486075654231909,9
1.6115165257242248,0.13853657781340778,-0.8964981313292254,0.09682436326562376,-1.0205277147236878,-0.1768163753914138,0.6891017552177711,-0.30292889126641614,1.387744598841095,-1.1885988203142546,1.7661479847411141,-0.5665587782314515,-1.9221257002661118,-1.3863652310455128,1.6948520045904305,-1.7228524386191753,-0.3155392597183228,1.1664389449886376,-0.726878799563679,-1.6111641824920484,0.6968600961153973,-0.20803739449042327,-0.26282299854315905,0.7006694837600523,0.8698025771062244,-0.39758501601563884,-0.6364510979097244,0.11271012097710793,0.7090193878563182,0.6861567635041204,8
-2.0949116012321993,1.2199225676698502,2.753550792192358,-0.09739319221532237,-2.0397010285415043,-1.1236601800183352,-2.3006530364151634,-1.4611627637901057,-2.087451777020129,1.737648160620335,-0.5625141134811282,0.35418191076935934,1.4163877256058695,-1.0243529114280523,-0.6126676090437049,0.9854399451479827,-0.09396825471265537,0.2894702428918938,0.5116379843602921,-1.0852354089534268,0.6043979459941317,-0.8549327624434355,0.4422709265294758,-0.27996078708741173,-0.2128950192045731,0.6682064585167348,0.7430566349320743,0.7863554226727355,-0.6757892152483473,0.6105235616431571,7
1.4290944800173684,-0.11502423754078264,-4.108254019952275,0.7200834775836985,-0.01903036380533592,-0.3885572243899747,0.03176447915364079,0.7669252804397859,1.6220152078937646,1.153745245903289,0.07044208861284741,0.49892227421931046,0.6839953895486879,1.60592616839133,0.18246725060834865,-0.1277202370276058,0.3252370667499662,-0.26834933387357435,-1.50176151418296,0.18398674663622164,-0.08082884994746432,-0.42199842201288895,-0.5409155922746695,0.8338177061950686,-0.8001626779233031,0.04165554640116134,-0.36098382252141925,0.2834240652161575,-0.1370424214704165,0.7845500578904265,9
5.191342835502295,-0.8801077021556045,-0.9209033914401619,2.8087741741614627,0.4699695985419527,0.44973880655963056,1.7780947274242578,-1.0754640661480255,-1.1816921980642168,1.3623267732695592,2.1268737936930138,-3.696155316760284,2.8684744594417704,-2.1787175464434454,5.817301805286461,1.2596625936567973,1.696123010723521,0.14827795488961978,0.19940069062215884,0.013046100702845544,-6.251863849468452,-3.6447581487517957,0.6965763754064627,-1.7646886508542725,-1.3422039485572164,-0.06880378781272056,1.1860349111588782,-0.9297704010471053,-1.5193549729346394,-0.22180364567831448,3
-1.5804001957000882,3.1252690988805085,-0.9845769584642743,-0.29952165523506197,0.6710474188324509,-1.895146759571428,0.9988767467801226,1.1459143302352661,-0.4530945477748861,-0.04142293184101905,1.7626970490785248,-0.033144510446011057,-1.3868065800354286,0.729847043141063,0.385832510105249,-0.9392251080798003,0.14980715552417043,-0.20087495970147654,-0.15603085415904075,0.16161681577454087,-0.07996877115249308,0.8720208712065736,-1.289643704933057,-0.7730779857119259,0.38754618188757417,-0.7577853780572785,0.4292422963917527,-0.09682753269401877,0.06220239892761897,0.6686631031663589,9
-1.9410942305456071,-0.7072215359533602,-4.29341518792622,-3.723279093698569,-0.810525639603674,0.06725829603430095,-0.43381657327288586,2.119262267192179,-0.3829921531865265,-0.7831882422177537,-0.5235128838814607,0.09219157665057341,0.01782578730146844,-1.1321525589441543,1.0673748797468243,-0.353815051282914,-0.4611373878670406,0.8908377929657536,0.24955745895315187,-1.2490217624819415,0.4379483615351236,-0.14852488891485083,-0.2769565316959293,0.11567981139026128,-0.3146621085366925,0.03982879320100963,-0.5343906101122516,0.703625375550802,-0.21233032526395518,-0.7167092700789414,0
6.797480998594724,-1.0543595247951418,2.476338058675311,-1.6568559218382615,-0.2016474962089111,3.1794689883001124,-0.42520986002918854,-1.2066894637918555,-0.5658386902780415,0.515062298131503,-1.114652650463724,-2.454902381153725,0.537528439026919,0.6978460490292946,-1.0693286877374464,-0.7305507858180206,0.32390098500631953,0.0995888805134863,-1.6162556292465642,-0.14159694615307755,-0.25425916153421474,0.45737843875394213,-1.0084078963018683,0.6593724556252685,-0.5160390511855951,0.6254169872230116,0.30497016960254514,0.4765165678467679,0.27589411554051213,0.41024081699702614,2
-6.3199944723876795,-0.4501090680376297,0.4102877880021483,0.20422724556841937,-1.1914433024969426,1.5399527291658444,0.1611373535902934,0.4001963546937473,-1.5845633023130352,0.8239877880421509,-2.3179557435466935,-0.5083757525264122,0.07989534954724228,-0.7158038778379961,1.4072989763906025,-1.2519450378714636,0.10945939782149725,-0.033772925091664935,0.3788114172544443,0.7837061046007301,-0.2880679846577759,-0.42987606459895056,-2.357579689426607,1.6591442081288805,-0.0389145630234847,0.028376901495870216,-0.5997062724534906,0.16728843557629383,-0.6844466893888899,-0.17318943313959853,4
-0.6079495157125288,5.427911293995121,0.18061577446142837,-0.4879109651387018,0.723914413470654,-1.026003213979467,-1.2142285608778622,-2.1583532322857035,-1.4902834933174642,-1.8300655433091817,1.026841927291169,-0.7783395897796648,-1.7368233298667308,1.289637648201457,-0.06095325781046177,1.2053846154181682,-0.623803287460768,0.12127403494061127,-0.31129876199639306,0.09258772505524748,0.04518985245946989,-0.6599462825062979,1.0771534414566655,1.0199982514580672,-1.2527545873727572,0.33684907881870013,0.166011023153152,1.9209942722163333,0.8651144287953627,-1.2575360145588204,7
2.0034610927027776,1.0735143361745396,0.17376787820673267,-7.503580512186232,0.012631141909649877,-0.3370678056306183,0.9492580985114306,0.3006474375621263,-1.4129961560327098,-0.905281551077041,0.31169770507081235,-1.4382623056184896,0.6770957246114263,1.0379508753097861,-0.41982348025768823,-0.10026887171723937,-1.288363763788904,-0.5253387215434655,0.7898350666687084,-0.26257880661826516,0.30709270486654044,-0.21674528331949353,1.305443563991725,-0.21902446191434854,0.4980114095870738,-0.07124562656355445,0.13282630790356936,0.5539467977393145,-0.31131240295095347,-0.6185940731346089,5
4.261841859366503,-1.0406388119779129,3.169738559630122,-0.4340227330041846,1.1733657543044738,0.6800499222744771,-0.209557455661284,1.065094835215221,0.38587313610093443,1.153580681921177,-0.21853145752958972,-1.4724059395722213,0.3010805438165813,-0.3955504562607782,-1.544577471467401,0.18760844869366894,0.3127657271453168,-0.26350049717613233,-1.6762369398074248,-0.5532128415751605,-0.9470771335169323,1.2328585009170172,-0.5357997761405688,1.343834099413872,-1.4707041446009876,0.17735805166199747,-1.3283705262095427,0.16836901625227027,-0.11257536753926756,-0.1812640885960631,2
-1.9285648879735624,-2.827223833629271,-2.4539206134785907,-0.5506535281221825,-0.5061060503694857,-0.5633466355305842,-0.12469042767484237,0.1609706783359307,1.866501051356834,0.4032282719766316,-0.6392523189839884,0.5188136529513139,0.44227834745105943,0.9065389084870354,0.5901415781866634,-0.4636004800760127,0.009951576414423168,-0.5725996261478566,0.24023559272385833,1.1324949846371573,-0.058438271311528234,-0.7848429742083346,0.5531761397565159,0.2865540270110657,0.9627360630708869,0.007816711453388376,-0.0023693893870078077,-0.18717770385169175,0.21578687995063617,0.5011552617770776,0
2.0317300103111693,-0.12202141010798723,-3.634653318184196,2.081288331271813,-0.6322991824115828,0.035335337320295326,-0.8067446657476847,-0.6169419589301339,0.23498876944874342,1.217044373912589,-0.5214702216457562,1.1521296449391056,-2.501353209126494,0.28476401838368187,0.739390099531975,0.3944502265764516,0.600300936738124,0.45746936667474314,0.20578943284006482,0.2623274577384939,-0.13847309974990032,0.11748601296051073,-0.910013207165078,-0.23561802230295226,0.8976732507817329,-0.08455355973173038,-0.16999762293099907,0.40099265429495823,-0.20028093214620954,-0.4705436260950928,9
0.029926777551181106,4.402897336846231,-0.8950339499744424,-1.7216269132771929,0.862160677511527,-2.3903933129566273,0.1613716418783559,0.4950742838840654,-0.1990385510828552,0.593175517491768,2.3841865930753667,-0.20420364506259828,-1.5513307264234488,0.7731451831341555,0.988593072464061,-1.250568405862898,-0.14305254564549286,0.04510170730859244,-0.9536754704583756,-0.3643995027432521,0.06514807853521885,0.2875817843884546,-1.4591774518289191,0.2364713122500599,0.08877196155474797,-0.5580939527111668,-0.07313921521186907,1.5326011016147658,-1.1733526991104781,0.4602235609155863,9
-1.0452762204605572,-2.8608131007484654,-4.720993960281448,-3.0582175566922802,-1.5712132387708007,0.21426143183256122,-1.7329531416999338,1.943439538349001,-0.13534431839813618,1.4892720105888586,-0.8602915791998035,-1.4714707089979129,1.3475305649790656,0.2520894249328165,-0.06798342431282013,-0.049788797079169334,-0.7658739543686466,0.5017180216425663,0.43467413853684733,-1.3856184716415099,0.15471662682310272,-0.3339086435204264,-0.4285127668094765,1.0518532046335267,-0.5794061355624757,0.9684043270549939,0.5567130349190024,0.590739317471389,0.08554557493079873,0.18021977000271647,0
1.4484621415692829,-1.1911964631883203,-2.842263584428291,-0.2791840808099767,0.4151614176618836,-0.5576961850847739,2.151916742334406,-0.4038280230545012,0.29836793541407636,0.5029282225710883,0.3256091714657757,1.8275877202914357,0.2010101671751293,0.5156634797102165,-0.3785938670959959,0.9267536629007478,0.21453396144616238,-0.033149571182518676,0.07146137180264187,-0.2572640626649442,0.37526970903290346,-0.37826513608183954,0.3505644377260445,0.2486835950984371,-0.9853791388282632,0.17818171756248266,0.3454713221484741,-0.38616217495016486,0.6786783676843121,-0.5262981418012141,5
0.25382775431135235,0.5909660821562558,3.6098739840118412,0.043772291672049525,-0.7901518341977375,-0.2613395666469741,0.45677752029163154,-0.6990080695444703,0.8107609994093445,0.32248958719327353,0.011776537780590943,0.8550223672002369,-1.4529073082522475,-0.5777366362919513,0.6947955530103759,0.20530807784852292,0.28443475252806605,0.23056344165501721,-0.16158081915524464,-0.3187036806830381,-0.049676009515718655,0.0801491928338671,-0.12284560004984174,-0.10013859892197889,0.6404225287385169,-0.28668469811451797,-2.1116530930698474,1.1157912210572436,0.20657603047303313,-0.3196050440015912,1
-3.301758721091683,2.840913328807513,-0.06734703343120794,4.5677960773133295,-1.9479251576274914,0.892808047348765,2.685790778424181,0.4813283238400593,-1.5360531899665402,-1.417393804155896,-0.714716295887769,-0.8911505995861903,-1.4453434375504484,0.40331821124638395,0.3113283185652623,0.5477228844916053,-0.011718106765102595,0.26266457412581673,-0.805339330705534,-0.7389269410544008,-0.44768675731834817,0.3002271411737763,1.9966981364893992,1.1346236320142773,0.20640218295590834,0.6500107016187039,-0.6783383096165568,0.8655931799372882,-0.08850210198811485,-0.5098859407078865,1
3.521891932442169,-0.5500992186900705,1.3887080411788493,1.5055972427108704,2.2074640649641517,-0.38768125843269624,-2.366684499239181,3.3189429319776376,-1.112948739532994,-0.4009532672779905,0.0010262608153328604,-0.23917896610778194,-0.3400387376277061,-1.07068100738995,-0.8030946366381955,-0.5002614415205757,-0.5984734291384525,-0.029250357144824487,0.35427505034272866,-0.43333602511623215,0.5874648211264757,-0.6409210060613499,-0.06283911873045508,-0.534541310529256,0.2520886795490637,-0.41800378174791564,-0.4873971534589098,-0.4360095818524268,0.6887742672928849,-2.1073417110230714,2
0.6034009522171347,1.550433770721642,2.906013806029597,-0.7567425367697155,-1.0435008493614948,-1.2841212628444312,-1.055532456510236,0.48385006611570336,2.4876520742918222,1.0239126780102257,0.6653846059802988,0.15980193513736166,-0.47494301339180045,0.6853850925199236,0.608807068218056,-0.20226367517268953,0.23852486405662146,-0.009215900515821726,-0.5251289939840607,-0.10378144432990945,0.04627874183449191,0.19544914022066776,-0.7718667294211036,-1.0515796160216482,0.94582173917591,0.01439447678810413,-0.8473262125859479,-0.2672883357683721,-0.49355747441193004,0.7988518857587344,8
1.6497731158711413,-1.2694382074081672,-1.7840222603193918,1.1124260599015188,0.34653715497925713,-0.48116390320049934,1.7194640276146949,-1.1238880735126944,-0.7530062924420048,1.5484996086759246,0.05877360264171175,1.2762397093355367,-1.3366526972312731,0.18780571558268222,-0.6990987520897682,1.1123178845049182,0.7622678991976213,0.19301030424791615,0.29305709589978635,-0.09820367703498664,-0.37743609772528897,0.4280440084039042,0.16868171111125607,0.43501063635435144,0.35347847794997767,0.33068729198100416,1.1538832942037562,0.020436626452937257,0.2682481474412852,-0.26441161500258004,9
-0.30682543869797985,0.2008861545253137,0.6163012695784861,0.6198224430625816,-0.28894951225699517,-1.6067392933270617,2.105533146849623,2.2918712313185368,1.4769785541121958,0.7831024760577554,1.6636781526873583,-0.6877505849380694,1.18983593644336,-0.317526908656796,-0.8384679311153548,-1.7526758484269374,0.11076243054964977,-0.3385588947561031,-1.598081487825943,-0.8420843287225245,-0.27679482011626877,0.7463289398638197,0.17470930442431437,0.48785561979671654,0.7728283156684033,-0.5071743223322379,0.2678174682880659,0.1110955038193689,0.09296930743335846,0.8596419421819925,8
2.8712620396485495,-0.9692532970664752,-1.2193061631987618,2.6701871493401383,0.34412777104225906,-0.3986902832447898,0.6253822712728636,-0.1349622070365128,-0.05958922311694699,-0.24981845147609807,1.7026633174090904,-1.3749695673571911,0.2106542701959107,-0.4822096656610434,-1.2118667039223707,0.4784966114268813,-1.0316162912630242,-0.028432511143189603,0.3363425336852418,-0.8623169572150606,0.41620593517912907,0.04010008057441789,-0.16355869016523497,-0.6292322989094313,-0.5654004072394048,-0.41851585929009577,0.3562509312916122,-0.27258255678786636,-0.9915526895281327,-0.46593293400959235,3
-5.14015737969009,0.6066011383726153,0.03829148855807387,-0.6309957724289934,1.0569273915448416,0.3322312665672554,1.6963864369690556,0.6082547507438766,-0.8248413666573301,2.1860713560308755,-1.0676122287166963,0.5655745637640504,-0.6525601442891494,-0.5154549622963938,0.9452022559856791,-2.3335152654614695,0.8891844067589284,-0.25664166862953225,0.6319209695805192,0.7471293365139945,0.1293522491461789,0.026684782929366508,-1.7741574874277486,0.5431304576196756,-0.23775305605284835,-0.5003139955393815,1.1084466951253842,-0.20399275793593463,0.2856222295943589,-0.3877250707952515,4
1.5707016054201,2.967773534190111,1.559556421709428,0.11755201539465279,-1.3118746204904996,-0.7286200106913102,-1.9293100359951088,-0.6515940655753303,0.4299260852208621,1.6375899016325752,-0.16274232995335705,0.17590054480752,-1.9690748659886912,1.5304326348095612,0.11666220695151516,0.5440612003984903,0.06665536799465002,-0.23825135272780293,-0.03039190786288724,0.42616829393664984,0.2303835409965567,-0.37640290987502434,0.30539130475482784,-0.06572780088363157,-0.0971263559140462,-1.3828405108414923,0.46318781884130655,-0.002527599486022591,-1.068635396410323,-1.2563075703639432,7
-3.136513922054752,1.9398790007774231,1.5483966261330566,2.106283949690378,-0.24899350811922005,0.30516084827416273,-1.508082138786836,-0.1278645755813861,-1.0736729781836278,-2.8176022363648445,0.5051133068054704,-3.440039458780521,-0.7226264503533457,-0.19832838765164182,-0.09489263411964415,-1.163031522198908,-1.0669586953416885,-0.1012582560100282,0.097001505884396,0.4682652942357443,-0.33164699533393566,0.9882877103566828,-0.6638715127672286,0.24473468646643365,-0.38936048666004064,0.8091748337367146,-0.33720010661253913,0.14277063643365767,0.21494465211166727,-0.8190199549136122,2
-3.6222555964105903,0.2058648785793974,0.8601680489243925,-1.4167862229973138,1.3730914954597988,-1.3548856035736885,0.14208771780783355,0.38112118901666164,-1.8915591565760626,1.119565285143167,-0.5662933911626735,1.3358285940475658,-1.1098313321904187,-0.18092083518718066,-0.4072250266339846,-0.775562559994903,1.8048004167918534,-0.6380900600773011,-0.5291190453616968,1.2120113047053813,-0.8342463116852624,0.777749243920792,-0.5249426934048049,0.22742725080528814,0.10784928002318135,-0.8732867740571695,-0.007207492548049656,-0.8693671190929407,1.3864810860191654,0.4725141133264275,4
-1.6868770252011287,-0.6428597696447952,-2.2418909117307906,-1.8674311814576592,-0.28452211366856794,-0.13825689150178014,-1.4563348015424624,1.405091666835549,2.148299453533408,-0.1191696589602847,-1.4051669926137405,0.5999915500673176,-0.18857997152475597,0.6831246706454971,0.9716829196541623,-0.5215245554655278,0.31601365360886363,-0.44501431176140854,-0.3711671127495196,1.3783489712002939,-0.3858194444592799,-0.08271006186284477,0.5874873076429643,0.6046262212394589,0.07243658709043672,-0.6393929365038024,-0.9764410186363689,-0.5795978073556839,-0.22041751975192286,-0.13402337089935407,0
2.2721952444880387,-0.7455956049571382,-3.9407842233444237,1.8272909918669602,-0.7509027863714877,-0.22958138390753297,0.44582835411544447,-0.24579877935634123,-1.389366405915062,1.9819802882350965,-0.17118943712586226,-0.6052620843980341,-1.2512259524016949,1.4794570093654023,-0.8229023161547027,1.5868220714339547,0.22053322797468541,-0.19332299105735365,0.09716687981031832,-0.2515054868533471,-1.0672093968595755,0.6200163646263784,0.4282943475044056,0.8811954426016377,0.6404367164217466,0.06787493035979253,-0.5768686481618084,-0.35466879349231156,-0.2946522827466077,1.0289752323902377,9
1.0811974569099105,0.07314984177296326,-1.7802859787442205,0.8055858612163965,0.4336898332943078,-1.5029501754784615,1.3959610350776566,-0.9092731728337808,0.9047625903037976,-0.9211523218575545,2.4564290702710845,0.16097063284098614,-0.4633070152400801,-0.35818639427223997,0.4921040860089867,-1.0306519452552283,-0.2383643861252246,0.22248254686924854,-1.2251856365708433,-0.5821445729279822,0.29990842811766694,-0.35554840175151986,-0.7306530719115387,-0.22792046811926564,0.8122796804798208,-0.6719062161757028,-0.877496030043983,1.1184306426877861,-0.7653656226469804,0.1765159112965182,8
-5.518458182119237,7.721665166423531,-3.1379246166566,-1.2530410740485156,10.957354856750229,4.981196749427646,-0.5786459419419309,-1.9224816203927884,3.445515432134246,-0.35364137201730916,-2.2627713824852362,-2.389131072134186,1.3815858204828535,-1.1357136325126262,-2.379826505989045,4.334265320187236,0.4998285373732589,1.227941460229916,1.4687586700545592,-2.1195714594039625,-0.9594129729846727,-0.8632043547584844,-0.4761187416094785,0.3550273280441817,4.65625850910677,-2.0608120447110028,0.17497591467020007,-0.47595311902918835,0.3520036236612125,0.42539351795388425,7
-0.8398313552076321,-2.8583932559976923,1.099927110702876,-1.4560841292476314,0.7193794743369568,-0.8524930477954807,1.2499296843920404,-1.0597002436680314,1.5708316435200813,-1.2657939306079957,1.1489690263800327,0.08487843547792,-0.420404748220167,-1.555435289461482,0.5912504434525716,-1.0756011781705754,-0.7124942003954523,-0.12611225892548716,0.7511064261264476,0.22755807869269482,0.5068792333582623,-0.7122749660887827,0.27183791054863815,0.39703518758391315,0.672770132100457,-0.3167669338824452,0.8937853089267017,0.10161297900933026,0.08153870805690741,-0.6496852105827714,6
-2.3613531483840826,0.6095177963979691,3.1890184126326457,-2.9436965632416685,0.06491848300710862,-3.4479144142579035,5.434067925515862,2.9485016319457933,-0.6478124769220256,5.587762936125629,4.6899858345841805,-2.520956140296896,2.3775550665531746,2.2463792431383616,-7.634089848438629,-2.746356923883266,-1.315623272098363,32.713253434537485,1.9325941106122553,13.83810653183061,-1.3266482175321581,-1.3964683425025248,2.579766406911101,-0.10114839558576866,-0.6772220536590328,-0.25049072022153795,-1.684535961516083,-0.36411576463596435,-1.1077027319447312,-0.21919089289473667,4
-0.6908035006040121,3.914503214662989,0.6579707587319398,-0.8053540818389097,1.732609962011742,-1.6863796409759486,0.9707112190435003,0.03235810496909675,0.4643589447591295,-1.0292407199540863,1.6218508512546368,1.1602300677504187,-1.6667977240710172,0.6323799710316483,0.3737554440344204,0.7875590131778561,0.37739986520114494,-0.07392398108840542,-0.4153857138288776,0.4223782805328034,-0.11122311820058538,1.1311142178457416,-0.953513460268505,-0.9864111617570922,-0.6788896155415456,0.2877272503791481,0.6498633696606957,0.5462692562151499,-1.1073475953524667,0.4538823721060511,9
-0.1678966311548492,0.9078043550441433,-2.4901417757655193,1.6669627240087652,0.30286441036629747,-1.1543111531108996,0.8276212597179359,0.671072432214291,-0.011362602208000075,-1.307264611341417,1.0363208251499347,0.5034984771335093,1.2306051993268927,-1.411485113013149,-0.9548487488537091,-0.4546153802821705,-0.019985464810971076,-0.25029465242283205,0.43046740901714214,0.16812969103103725,-0.3339563665112396,1.4990795402887438,0.17419475965523581,-0.9038880608513026,-0.39748236257509517,-0.38641650684964685,0.6391219606233891,-0.4776071462993615,0.12839167411305386,0.8393714487482106,3
3.683195145606758,-0.6939792724803312,1.0396992452035032,-0.07928369810842385,1.4522150211282625,-0.05987105835244312,-0.07724794785663526,2.750686229784262,-1.20920761029231,1.3642972860249365,0.3608974245438668,-1.9712108489404339,0.06516618437706607,-0.40858546635116433,-2.315998449941258,0.6352131743203516,0.19474827155950428,-0.13499020248040242,-1.5337015306958406,-1.4202860924322709,-0.8968348790325521,1.3244787725504747,-0.0851781721429977,1.01350105700797,-1.3698070677538687,-0.6875575267277061,-0.9946698638006982,0.4625213644700886,0.6525685141673768,-0.5610313398092762,2
-3.1597196971159494,-1.0472630884405547,0.9813460824315114,-3.484781142669169,-4.193999745319266,4.482161374569775,-2.677709277104464,1.5468323448547276,-1.8096637333197594,-2.705431624064483,1.6040600899378008,0.6749659952612476,0.5887966321167685,-0.3262679349588153,-0.5437445419845307,0.42707986996832964,1.8458937931064403,1.9978925987815754,-2.034190537375169,-2.793714386680148,1.7856129969447472,0.016620531506089265,0.07834707084458359,-3.41406212106743,-0.3521219289757988,-0.7079267561352144,1.6016742970676434,0.43266990406800626,0.5090902503532898,1.4061663174942438,4
-1.4206913473569662,-3.8478337225710697,0.6115082466801901,-1.6683474559400482,0.9556197937076405,-0.9487185579033899,0.3927167655563464,-1.68366274033329,0.5751773563912856,0.03374979820358905,0.20549805100039079,0.9597064290685777,0.3156666627421401,-1.1514512227453906,-0.5630050698835241,-0.2450920977241894,0.8569429990013145,-0.1694649632407313,-0.6112744771153333,0.2112334541273018,-0.10120520346465575,-0.08660421625033884,0.5092429821318195,0.4530025012004207,-0.27283308421265945,-0.032089178864025354,0.22388476540716887,0.5285661416746826,0.5432487951573108,0.3983689574726141,6
-1.1632833262357083,4.154660350470394,-0.7754292734812555,-0.20528917266330765,1.0890903300657102,-2.1199461056982902,0.8761152266424297,0.8801134818422638,-0.3048561330472815,-1.3676183748277686,2.0290697952971364,0.46276624342536665,-0.7541262176174945,0.9920989259743798,-0.2061620013931468,0.6273664797438194,0.07584257141067134,-0.08012365358281706,-0.6164024601553086,-0.053187597690789755,0.039905479493909,0.8412021329051534,-0.6212670716355067,-1.6511933935088752,-0.04704666413805196,-0.142816730705213,0.3892991760068037,0.6636603308925464,-0.09691796328007732,0.3936675543129801,9
-2.6743369376067623,3.366056710929187,-1.6769410042645776,1.0271180284956656,0.7138570685221485,-0.27049486817998736,2.000613001884875,1.327788882105643,-0.14894291155540798,-0.9574670842933539,0.12287314841773206,0.4364042066492847,-1.6019660455383915,2.462604554552743,0.038487239522948975,1.5380993088997388,0.5960883331498473,-0.46471434669327205,-0.6936134305225472,1.0267136846201987,-0.3374302481986853,0.9720789880969786,-0.6773922610577578,-0.9688251574027967,-1.2223573941130803,-0.1664477257526396,-0.2339925917205347,-0.5958934940222886,-0.2419199490955093,0.45958492142786234,9
-2.969517994459303,2.2266945782587064,-1.5940726944860037,4.883747295099389,-1.3555808052493579,0.7802765566913185,1.8541252316810382,-0.9323868820395836,-1.994688795410927,-1.5029238448355378,-0.5310094215491127,-1.032716981941161,-2.1627970002518535,1.2891994086693688,0.23648630215961833,0.8825127999739385,0.0015519800286090879,-0.049930557653860376,-0.9668375365588523,0.07593142270348788,-0.462785226116907,-0.11340001432202465,2.3153608400337276,1.5426078223291837,-0.5467906188530098,0.3455741680237977,-0.7086607032556884,1.0793068659498473,0.015446370655098523,0.14706936659365205,1
0.9993698166071441,1.297844145675105,1.8770771879582226,-2.497390121471142,0.16623463944360495,-0.249128356236801,1.610117116511415,1.751129599445891,0.9375589040601706,0.8245705010770806,-0.7044272037904593,0.630955894155054,-0.9228416457114974,0.9227366717634296,-0.49334220305739857,0.4256177822661309,0.6817673495258736,-0.7172169617162676,-1.0830063990004977,0.3170852410772602,-0.7327242452756708,0.993677501227087,1.9872632367011804,1.4261736160337366,-1.024684173258275,-0.18921423176731358,-0.18368756811092593,-1.4038374645528733,-0.7872580803230358,-0.25642157240256885,5
-0.8720753640850541,-4.243634954847205,2.4636857578742126,0.6136923608294678,1.6034634624790494,-0.33276254944106076,0.00420611111087179,-2.054704424997486,0.7732525580885872,-1.282123227322571,0.7820384507590472,-0.5326094570451027,0.5703862259325663,-0.770645282651331,-0.1337989878038182,-0.7700608981936135,-0.5668555446893029,-0.5525858204830465,0.11019038961697109,0.9663364919593067,0.5022299952194005,-1.4891575615066195,-0.25342267475538943,-0.1001971791083288,0.5942227428727398,-0.03209698943529969,0.09431681213824644,-0.7322973801346199,-0.9597798820508847,-1.3093105558169789,6
2.3587566681974153,-0.9136149292567479,-2.3519579650797136,1.6292282119291397,-2.4919362229351916,2.585716653837553,-0.6721518114477559,-1.043504325029167,-0.5915565566363193,-0.9749471074056357,-0.6503972406616444,0.8866246985571739,-0.47434075429870026,-1.6605515642850133,0.2440453773095729,1.8502301891983752,0.1903504997844958,1.6353265575456277,0.9964973369403731,-1.4751316572037583,0.6574933895627663,0.24137843808970702,-0.6521037470471773,-1.0403691142429885,-0.7662573449457192,-0.5804333794614567,0.11354806399292501,-0.02144965453955066,0.45680051887913903,0.9920155345070343,3
3.4587003875518523,-0.7627060358941931,-2.3855972958175293,2.2172866208714352,0.5627609886615257,-0.7062948752075366,-0.10080210669909885,-1.0960788671794393,-1.2785896591555426,0.4676757095648073,1.5803516866884502,-1.057236354689186,-0.0044347491888805535,-0.23507380925811214,-0.9233167988607758,0.5895942026398692,-0.622135984346421,0.1216181557433828,0.7293782972233203,-0.5569405606955703,-0.050952675491619775,0.3950190057512537,-1.2227006730035084,-0.9089020970366869,0.1748084880647903,0.5493999315038766,-0.3340426791031883,-0.29161834890448135,-0.6377734933025893,0.3412550745137661,3
-5.347550860225375,0.1023305763846523,0.7588672264101461,-2.1373846082737438,-0.1557368805405153,-0.4350657941262715,-1.2993672859645424,1.6331620468733272,-1.2543507122077835,0.27763005226687837,-0.7975290187683084,-0.7354881072615946,-0.87693817611717,-0.7332653637099485,0.4036353010035276,-1.0830240230610464,0.9585889958045268,0.5166563775125361,-1.022806448987918,-0.43586273519131835,-0.3331943057819121,0.9406740030163729,-1.914244468568388,-0.39635604553349174,0.6872640162396503,0.6324526381684659,0.3128860016689072,0.5303276485156604,-0.507426039208991,-0.6636499343152806,4
2.626178399133738,-0.930133506269782,-3.2862653990070445,0.8593921261544933,-0.12232238459478244,-0.39586323470605544,1.096341355757424,-0.4433377179026356,-1.2810615692137786,1.5920076828292669,0.7773530475960352,-1.0890673851496986,-1.0375031166999424,0.6786196929518761,-0.3783226291811227,0.09329954300815582,0.006808483299748642,0.02569781307899734,-0.3147114279499811,-0.4640823086663001,-0.6382129763828707,0.28062935494468483,-0.5795803653419729,0.5740463009663532,1.109249566384393,-0.15528180447855752,-0.060669461215737054,0.6150079468764231,0.31860748036650727,1.4413376889478915,9
-5.590412744814595,-2.622545068814719,0.657514927341327,-0.0265290286924931,-1.9664611985781797,1.1866941710574537,1.6149486212570785,-0.40923028188693555,-2.1594910286114026,-1.4021811146861023,-0.8804249545147818,-0.6889528201414551,1.2389109366543685,-1.2709315689575793,-0.18441739241839145,0.6059049324728705,-0.326042624584672,0.3894257135752534,0.5950483573025042,-1.1509857729187405,0.41905011462672304,-0.2618032469260254,-0.24773265259788008,-0.3192070387594089,-0.33906474215082305,0.6810633495708479,-0.4908062877220103,-0.9139289091863892,-0.18754055291198327,-0.02982392799301535,4
-1.060272737122315,-4.515618263234733,1.1045861565573252,-2.041981333695982,1.3422042502680376,-0.4319156759521459,-0.24722837361899225,-1.4974984377763891,0.04596377238672409,-1.33413809690052,0.07439562849685087,0.7134129491733481,-0.6490602622715436,-1.7190510912204582,-0.7156559555891566,0.13866689573935903,1.0127291628708017,0.044996000968640856,-1.2309754142307603,-0.0014743518417144527,-0.5637920549702706,0.5836386831351241,1.1192157279497548,0.17371358612112314,-0.12694106351078568,-0.3916724324667765,-0.6877728303785189,0.38950382106326664,-0.693318758276097,-0.4629230537874462,6
2.3583868589907673,-1.635539427010841,1.417209173879013,0.9517749793018189,3.4882338770256287,-1.5893116026355463,0.39659553801157066,5.690512011194025,-1.3484274892590429,0.9222794118497792,1.7668667760615016,-1.2169492933893535,1.6677416903424302,1.028546757897884,-0.11339508086714646,-1.3237549891860083,-1.3077079707795942,0.6027453129805173,-0.23608913544203036,-2.6811804968755446,0.09154212800588461,-0.129336131714794,0.49077732947130864,0.6085284518997093,0.1513051978142085,-0.041503574810967586,2.034450202979992,1.127088271679609,-0.5915109864288702,1.8436047310256882,2
1.921552716660842,-1.3646381050438756,-2.459237224352158,0.7938300097390412,1.607664821585132,-1.3420920065063309,0.3057927411747776,-0.8260902892733881,-3.9186509093747843,2.012798469443519,1.0137944266305892,-1.084668830968305,-1.3384381916349073,1.575620385360273,-1.3226284580004544,0.4241977607141443,0.41800882855801635,-0.11415290171373609,-1.1934349956983115,-0.9874314709095016,0.27950449158340174,-1.3229546665608194,0.8192628702970368,1.1263677786829633,-0.24668159820323957,0.3188103329627257,0.0036716307720118463,-1.8065795089748782,0.04171912969921737,-0.48064423855522126,9
1.8800292282289603,0.8715628822379393,-3.908536893015353,0.1826902859021916,-0.7051459260381236,-0.39229239813188893,0.8488079790726024,0.4682089201277315,-0.0067644898992067215,1.5829560578679425,-0.46639867208335173,1.3549809609023125,0.24633978229857567,0.13593719066835103,0.5841220828971182,-1.1051446564549283,0.5251288203588043,-0.01136730041651683,-0.8952777439993775,-0.09126627189510023,0.13743361326975984,-0.6607251015913745,-0.06197249553039431,0.9305658106448104,0.5461006851826314,-0.19574802012039016,-0.4039873972266905,-0.5615598240108777,0.12416540173139061,0.06568360763426015,9
-4.653728330543501,-1.4793065312499665,1.2902258112701301,-3.0201511829431347,-0.24403585405718842,0.03652532144260565,-1.4263789644470404,0.9302656778769187,-1.1524967829464174,0.42977008063257066,-1.5481238196855565,0.8750318764573537,-0.5184850700411635,-0.5401747834386067,0.17017675657627862,0.3274077253022026,1.3726039738856575,0.23516289461323048,-0.9018591908114442,0.11313958417076567,-0.193364012140812,-0.012992257166462325,-0.8951701209074835,-0.4145572226727861,-0.02662713873361181,-0.7404791834617258,-0.42389327433788654,0.6969923871876929,0.153748707858612,-0.1890852604265851,4
-3.951450662417631,1.2869064040348492,2.51157351754168,1.1720485675399819,-1.5058334321507938,-0.18649987045030778,2.3281521918364754,0.37873697462565653,-1.3973888081426369,2.5966500615330785,-0.5470600214311498,-0.2759751898632681,-0.3710850396131434,1.5884864929389095,-0.10091281235544135,0.12263448977110261,0.09798494738813739,-0.2841333621717354,1.012255576716514,-0.1788551080296802,0.2871143541043337,-0.6836010561134206,-0.8928208694870342,0.2838913692552574,0.14981049262117185,0.4990238404648976,0.9893072501840636,0.050080844063169414,1.2902716554710254,-0.4956230458798899,4
-6.616900731321556,0.7021196704253706,0.1562868057897012,1.9902986013363198,-0.14107389635648285,4.2963446825451985,0.6034821738913981,-1.5393615619462877,-1.7974114013972804,2.2228428937075075,-2.57754384314956,-1.9934448940854332,-0.8164928811863944,-1.8004490728347302,1.576856830785969,-2.143200967008438,-0.5714005743542766,0.23272168210993543,1.6173702424727163,-0.3384496654803672,0.5572319178347807,0.20979050320658765,-2.0038934191018845,1.6675350260810955,-3.0261501972648315,-0.2363220302016578,-0.8913037890747783,-0.30707417739646553,-2.2209398423087956,0.28284224013658965,4
2.4385365883733128,-1.8550495482615876,-0.585056971404664,1.6195642529301624,-0.11327947693165745,0.7815560985505687,0.6947235888805621,-0.47499214038681076,1.4273843780378388,1.2012963131659342,-0.8040503492294745,1.490364191854096,1.4291136661215353,-0.7638390752378641,-0.7792847436885163,0.9971655755414511,0.3897325853207931,-0.09989909596264107,-0.10027335363927237,0.26226908375115926,-0.20073221978885067,-0.020291350287660135,-0.6726882354276409,0.07781408745226562,-1.1444557396029809,-1.0011446245924376,-0.18152068447383463,0.9167077101213198,0.0720036046716099,0.06854727676530385,3
-5.265783652177717,4.03548651603977,-3.369246951724174,2.8602445864522243,2.511223308972442,2.9259660677486496,2.4601023509033086,-0.2980708061747957,1.0827057722838016,0.714044718571946,-0.807739830134552,-1.4927250466991435,-2.131057283410724,2.0060958859100184,1.2042837645124174,-1.4650274370264007,0.17446341109269337,-0.36885806431231233,-0.1570147861838011,0.7136167277390271,0.5568032710799142,0.4686023045928925,-0.6638387818723503,0.16636902067238804,-2.9479237650817516,-0.060672825540157356,0.503565469572297,-0.24751913058437058,-1.7935908484656595,-0.1630664554315633,9
-5.511891008630155,-0.6411102942012276,0.8463268070819934,-0.1749831870047039,-0.8754693609827192,0.33702903795569655,0.7616319406957557,0.35720146990610685,-2.057321226353576,-0.45637036522704,-0.9676955786119221,-1.1382087238948333,-0.5510597585298387,-0.3328111339549469,-0.1921537777523739,-0.47194179270738706,0.2057783122945536,-0.2997999212367443,0.4445346409844638,0.4293315479830739,-0.49051635705749236,0.5462887047633656,-0.33372366673716425,0.11034095059277886,0.27065714928619944,-1.1232145825510313,-0.666402951523006,-1.0560291675118205,0.626026063767697,-0.21014292493321676,4
1.7278311520202911,-0.2601727090783571,-3.0570515125293345,1.9817481273818764,-1.3483403121368471,0.6506606523623507,-0.5567296953719709,1.3671983550908624,1.4548529539904473,0.04426845740331383,-1.0348707044567524,0.6085425554879467,0.25240075674120366,-0.3563954988897939,-0.1852279648195797,0.06778499762654408,0.24188973557900476,0.03354562894692164,-0.12613665519314893,0.43840705993422296,-0.32076642678749184,0.21908571566515206,0.2674821383509131,-0.5090142223818018,0.445026926989973,-0.9627349810759164,-0.38924445348924014,-0.5994171122064642,-0.169686664953041,-0.8419815683403897,9
-1.0876945171678616,-4.257503268738817,3.395047095443397,0.5977679832050117,3.0636998128008925,-0.3298869193011431,0.10437875051962366,-0.5068703638713145,0.2379114580844,-1.6248055724603148,0.30005408758845165,0.9989849422792408,1.7728668599968194,1.6237410937734587,2.0132110262698637,-0.88001106879089,-0.7629456124312294,0.06362993009831126,0.4936370734645007,-0.13133830358896778,-0.7193736673120698,1.5300892388710476,0.9443180286821662,0.3370156896983029,0.2911169101216028,-1.6347978387178566,-0.9521038917079494,-0.2298964969712168,-1.1815233371926286,0.6468940791602114,6
-0.9730696268641013,-3.81164083731647,2.5941826725412067,1.5901300075814442,0.9675860181940401,0.1342257034975625,0.1728053113296957,-2.366282328118273,0.8550505440570098,-0.14241284124406883,-0.21378291034261365,0.5743290771751571,0.35543465426694476,-0.23813421951608776,-0.31827844336756494,-0.009577793912179255,0.7585440456569976,-0.35100186157773433,-1.0246466049040899,0.9613134903762132,-0.15860988229853526,-0.690217155250462,-0.1165924406492414,0.30454703489699647,-0.04091950818969844,0.3263941616322381,-0.6520749541281881,0.8003924041132862,0.20385544894321522,0.19605913625202592,6
-1.8879805083841232,2.005591507289993,0.6310331227293395,5.043338587056279,-2.258562689605149,0.48206816166005617,2.322585105777797,0.1675036336299105,-1.7822354654127148,-0.28654879999694066,-0.37260393683584764,-0.9581211555208499,-2.086100204503604,0.4607099812688216,-0.13370614448396853,0.30980908356916503,0.045140037976958744,-0.08300503867577273,0.11785947586038498,-0.39254908047161496,-0.5436928788494887,0.6072248332109931,2.013781666591916,0.6158515759617297,0.8317673636789614,-0.3298720859181567,-0.5772778765596119,-0.09317160088176472,0.562062139979376,0.17578730617206886,1
-1.3988814091055923,2.498110213149895,-2.670114624548681,-1.8502577756124405,0.6388722735480818,-0.6624814847648977,0.870869151681286,-0.012118035528637296,-1.146989821981972,-0.3394808577340821,-0.3818168699073785,1.7756014780522338,-0.9188959614387684,1.4419286883743276,0.7115117989186576,1.6064956309439078,-0.23013485285560387,-0.3812276216577637,0.5652086783586923,0.5810002644728096,0.3802665906431854,-1.1402622313491035,0.29245950717056746,0.33047403049528495,-1.0994455990653367,-0.0611182079289216,-1.0618549553444872,0.6067153179330483,0.6788181988353811,-0.5467409452719985,5
0.8868634037963778,2.0569015616733584,1.3082068774350923,-0.2840083616452229,-1.2349518183911796,-1.6285074109792192,-3.220917864251934,-1.744504431949471,-1.2646432027545818,1.6564350099433998,0.2720849523663414,-0.32964667761533095,0.6362116114360913,0.0771126576121325,-1.300792188259624,0.6070641502372441,-0.11047069646760695,-0.272546938317604,0.3365649153640368,-0.3222567253237483,0.35288965029990266,-0.3176660953615006,0.5977186750298619,-0.311922821010526,-1.0156575918822466,-0.8467801886505235,0.13386411157461903,-0.6656415143614736,0.1526743303899763,0.06732836891422216,7
1.4670423988438626,3.7100498950801466,-2.3750993757151884,0.8755024079273643,0.16971082789002173,0.5383174018493473,-0.5112531789416471,0.8714944076710409,-0.3414986456377554,-1.9020904392163294,-0.8018504707861268,0.6046186332505603,0.2975641525262619,-1.841234700233256,0.4756356857476211,-0.835597878949769,-0.2724410648370297,0.21638722298475685,0.29773551274885435,0.5313398635676803,-0.7569785011809429,1.4332252169829858,0.011455951052011477,0.5037741291416876,-0.6524992209234621,0.1134125452750231,-0.27416725267676806,1.4799332937553082,0.03818322116288352,-0.7701762103097287,3
-5.372841654939411,-2.0231391927329683,0.5865028116056413,-0.31415031960284495,-1.4289353372053912,0.006231976474672454,2.0249601032873907,0.26076280399213636,-1.3088246239183792,1.027401279405792,-1.2178340281420144,-0.06217018670847999,2.0489896826749905,0.3284714309292969,-0.20101085029069887,0.06695890554625678,-0.2718497173952225,-0.46915078321311215,0.9338184957148316,-0.0703540175150195,-0.04893170276458279,-0.8024466817846553,-0.32038481875086766,0.41268106857053655,0.4963217304995879,0.8040143456951641,-0.7921123793690424,-0.2760698570180935,0.5319016482814818,-0.16639125999576423,4
-1.9594693233009135,-1.5607820751656585,-2.4211940803322465,-0.8713129144724604,-0.5980504697962095,-1.089133975208475,-0.978507247487459,0.9918236276294614,1.7606838324275211,-0.2356118920267073,-0.17488822937697768,-0.4526108147693185,1.1746860762080196,1.4977811869336024,-0.39886326983063997,-0.28206010016396843,-0.22714688555169066,-0.8557872060869538,-0.24183983759736627,1.1118622830408278,-0.27674222241635515,-0.18504381547505086,1.291896835600832,-0.08628921972502246,0.5175810665354821,-0.5201179710597506,-0.35074543095344546,-0.3992027994667731,0.23172002411730636,0.34024597479263446,0
1.2886756854905053,-1.361698187228665,-1.4240041228896247,2.495255031744412,-0.46393190452076094,0.6721399469228396,1.185737185206246,0.5949296156465887,1.543989306493813,1.3307279761673727,-1.8148298897529942,2.385294034363578,0.35519113809149033,0.7059833975808764,-0.6126902819911533,1.4122443599880001,1.5820693625325741,-0.2207480836174943,-1.3387535361182237,0.525601637832231,-0.51003796413115,0.39053081087926655,0.7765433929278612,0.12744221655225618,-0.4762359213075432,1.0443477214510857,-0.013812138977102659,-1.0286388765774521,-0.6627778318501077,-0.19841444996235344,5
1.3296119757900846,3.2296206875042195,-0.16277683807710625,-0.5167876983619855,-1.9942125459080073,-0.7720671268568973,-1.7992717040671915,-2.290914917477525,-1.9911970840439421,1.4692850254209304,-0.03167990304308115,-0.5306551273047707,-1.9449930375798024,1.7497116797010823,0.7803023424026387,-0.1335982715650694,-0.7622459133293492,-0.242809492406164,0.7740335317731561,0.12247955193259885,0.7101808779283225,-1.690193317200368,0.9322192889772165,0.7706213607494621,-0.126580509887115,-0.9705975131052598,-0.28083915048581404,0.09859620850993343,0.004020607374775132,-1.0066022564997839,7
-6.325280331723352,6.313065611086157,-1.0013373773451373,-1.992180455521765,9.56474484208298,7.645853807180497,-2.764288963432127,-2.7152094689941584,2.9514420969340214,6.3533837147843775,4.364936527246282,0.32413926646915314,-2.4248284300853933,-0.46960589918841433,-0.6604344222839923,-0.3121817905592097,-1.3231657886888843,-0.8924444056857626,-2.7845669172154137,0.15351472452875592,0.02657338859783141,0.39088942337415405,6.49021635238208,-3.7625613121124997,3.8189546652326887,3.2718793967552426,-3.205755664424314,2.5791943310842247,3.7817478868163517,0.7599769581856539,4
0.8637690484796765,-1.5017244218462795,-1.9939020482614846,1.5505153169180086,0.48729549538413525,-1.0501927933855195,1.9775997012756041,-0.7857989512311443,-0.26312085568216925,0.5414300807221707,1.0970919974475557,0.5088748420770782,-1.2625776545254361,0.05521302398098325,-0.09712157131403606,-0.3270923245128973,0.45614379025585017,0.21389728467895874,-0.40074595223574744,-0.19016701887626541,0.13597852408489453,-0.16661401306631785,0.37057601841918236,-0.14380162602402746,1.2010980454118863,0.6405589603525358,1.1663703931382066,-0.39517703141963445,-0.6826782221913287,-0.31657515492878274,9
-4.653805365811715,1.2095176332206,-0.8076408453865188,-1.8824818763742759,2.940230168616127,0.1688573182175485,0.5260157866038379,0.8124540011746855,-0.5286205684418368,2.9673591134460673,-0.7570449911708412,0.7090211133023808,-1.3932704553855155,-0.9226756472921853,1.0344090388680993,-3.250610670903643,1.4848769956970367,-0.11954605187138903,-0.10996005123133651,0.6461863128096279,0.036493583288473,0.7622563236405949,-2.4287085114275464,0.36549066855376156,-0.7917716752898358,-0.3812360860368775,0.9501344691422356,0.3751076265999204,-0.06512296648875422,-0.2628687271536278,4
-4.495770574719992,1.4612166671128155,0.7009025874506746,-1.8503740202674754,1.9516266219432428,-0.7281492297415733,0.49119200798205653,0.884017048183388,-0.8863006121418282,1.8855663826727063,0.012082704785506937,-0.23125013705454014,-1.9503635542405167,-0.1518880418021217,0.4140986621157994,-2.3998388248206983,1.1540369849988712,-0.1880270589290119,-0.1539654566956615,0.4757771901212333,-0.23914298904233186,1.1102476042184708,-1.646385512963077,0.1008293868466218,-0.03897223248930812,-0.33381968176491705,1.4282293427265709,0.41779208957587655,-0.010203274098703509,-0.4502037834884832,4
1.4859315894945604,-0.1669567661729867,1.8975435694061547,0.8115772064314786,2.485621411493863,-1.3363885064884113,-1.7483636930890267,3.5877421015051136,-0.9835132655029803,-0.18296177679186976,0.25045293888940073,0.6332235968907066,0.6508379400634566,0.489943882815601,-0.5842135226486904,-0.0641823534624618,-0.2489077172253752,-0.2815300742090457,-0.0987209925823876,-0.534218165440849,-0.3752166772257879,0.4316344495383423,2.0481824769173076,-0.28494827151047325,-0.5918729651062445,-1.7325283922934946,0.7889234153079414,0.03253345054649669,-1.4732205522146804,1.540989105817651,2
-1.1801774069306836,-4.413518088605387,0.7204216670867213,0.18742043261921315,1.44429389041798,-0.5322700159688815,0.22300170912623268,-2.6939776784355436,0.23750743767506122,-1.1143023267303307,0.7168510022391066,-0.12887305778443472,-0.3832276849268898,-0.9094253084105057,-0.48989249769595494,-0.36375598493654937,0.15965209422454052,-0.3110285908325967,0.21410907539846263,0.6113243904062743,0.23788090292107525,-0.5563677312183012,0.5155045260290851,-0.09654919064571697,-0.029986501587681753,-0.09119415912502472,0.9055857385135536,-0.6902696399851763,0.20253360575989285,-0.33138796298455603,6
-1.3023211256079843,-1.8867254226824692,-3.220255887368206,-2.272643767516794,-0.9798507297637814,0.029275735152294945,-1.6993195426573566,1.7721421186700559,0.6002491276621543,0.19181153997100236,-1.1478080935151798,-0.48787898612081304,-0.2553424186504071,-0.047109290627362764,-0.054821294377574825,0.3636021568104523,-0.2996769571304025,0.024475408886909814,1.0559152152675628,-0.030038018700890696,-0.35343940349446273,0.7345546570842798,0.7393076781645842,0.3806311340597492,-0.46493703283106025,0.3821497207169422,0.8636667597392291,0.013643871827576244,0.05811378260601165,0.04202148659597348,0
2.9737897433573393,1.0951933304242225,-2.789768046523103,2.8777746451716877,-0.19376554824745293,-0.25281953381213723,-0.23057489539298318,-0.05437477362002621,-0.20036408757817153,-0.5773847385409077,0.8406601311943792,-0.4994990685783454,1.3357801209731577,-1.795342404644483,-0.35447767194071284,-0.8455451847171458,-0.4463245154449727,0.35521574003394396,-0.6541187398238734,-0.7986984134025304,-0.3332748591043082,0.35380447762172335,-0.14485322221774588,0.4329632909335611,-0.2969947247262102,0.09678162800283262,-0.3109655752612712,0.8416045893268438,-0.542181911068415,0.08183051040479672,3
-1.618297412898925,4.6561119123701875,0.06529653174985443,0.4878740819049701,-0.048230479103668,-1.835162742092357,-2.061029495420773,-1.7240577900174767,-2.885835566684087,-1.0685797641330244,1.1167180984556122,-0.29399811391270403,-1.4459675823634937,-0.07552461764921196,0.6261791333394379,-0.6523697047764684,-0.478197287962296,-0.14069589372257668,0.8249160131599399,0.6179983748391249,-0.2151050219896479,0.035393950362678776,0.19047701639928985,-0.10927500818515916,0.2587401943707573,-0.27564127477540207,-1.0279026261892772,1.4345456863396127,0.4233662457386171,0.3595530980887661,7
2.0802441499810573,-0.5129595336730253,-2.4634616106667218,-0.7013362398908717,0.16466681458015925,0.4200141475111835,2.6142669202487268,0.3384909181246463,0.07202170354925375,-0.5454804236643999,0.3052905680144645,1.3705943840793353,-0.32792351573938683,0.013368091922520519,-0.2920976561251597,1.1535765928031674,-0.03690895374734395,0.26334420421738025,0.941869259400885,-0.12911361308826885,0.4298785221269099,0.2583350779174511,-0.447821959939641,-1.135236710768142,-0.1394181481449392,-0.5066340910219025,0.3982181603782848,-0.0004528277651090643,0.3871924204162657,-0.8115528366000908,5
-1.050429765014278,-4.942804315368195,4.432032641774892,1.5518794858463902,4.393928577058426,-0.06969534395327029,-0.6179440051354711,1.3960264005065648,-1.2934740033282712,-2.230253699151974,0.4545397633683152,0.05845848127609102,1.4562553257875288,2.873802079275772,2.960062478726692,-0.5830388718173718,-2.1134781999194647,0.4067342917067697,1.2638648027389137,-0.7940478436670358,0.7063160703631995,-1.0757982963903368,1.2197272274545736,-0.05537101733396154,0.39283453858226763,-1.1883008631987049,-0.1900665947330513,-0.3862368638730329,-1.5177539580352228,0.6834902094897649,6
-2.6331396008804258,0.7960365430749343,-0.983480979503325,2.408291129242752,0.5706304930848405,-0.23469115156550072,2.7927283857240597,0.5681649435739229,-0.2653175222822471,-1.5564256751149945,0.8621925787692387,-0.5034873943493573,0.10378684328008538,-0.03943809879372948,-0.3369313966994273,-1.3677771897409468,-0.11193584062645058,-0.666076217610866,-0.04609299824996031,0.8512853826357456,-0.2929021658458737,0.7351416733903601,-0.546635358613596,0.130634897543884,-0.11773027209725272,-0.9835968644934037,0.4366358775237146,-1.273578445418476,0.6289487255660174,-0.17323174637383423,8
0.5611678374437452,0.8696666423014326,1.213092471317316,-1.6843223583345817,-1.616861532319638,-0.6557926479566211,0.2668688626177867,0.8124424044273922,2.2022293855622985,0.8066964363075473,0.5961161649281225,-0.12464353654304465,-1.0701886890139767,0.08012090351738749,1.6379049946386923,-0.34816450683403816,-0.013659364078777169,0.8869336054515728,-0.3810576214855337,-1.423336195305552,0.5501536559087487,-0.20942111615199985,-0.44315962431881206,-0.041514588482049114,1.0693245635650444,1.4308647004512791,-0.046238392513979036,-1.646501096018523,-0.4489778431068564,0.9375764750867196,8
1.9474722689535593,0.3693446890242389,-3.509274392321848,2.425976395427926,-0.8134203204758181,-0.5559841895744703,-0.7629750681967838,-0.05290078302412407,0.22087138303526266,0.37683267434008644,-0.0163529463763038,1.0016348265671924,2.439542073767576,-0.1532540598214658,-0.6184899013888414,0.35328402094186817,-0.3180500592858415,-0.21948626581803146,0.2135047435523298,0.035725774891470954,0.09825535920972235,-0.271750797048388,-0.238151915888565,-0.9030511881661877,-0.38216204769008905,0.6606698378460599,-0.40148405230121964,0.30287495866179986,-0.20931818609672412,0.32786479133755003,3
1.1227119582045453,-1.7835843020457933,-1.9665937348186324,2.4153149198636723,-0.14505355195065864,-0.16902194197620074,-1.4914007094196544,-0.5759028210947965,1.0878757747229153,0.7412203744425205,-0.1744850894371257,0.678060059584438,0.14265672170856514,1.4340598368257509,-0.45850520044656046,0.043802126300362905,0.6772476895702767,-0.17852186888159927,-1.0788714569120563,0.580528500562743,0.3959429979300045,-0.6735100691305086,-0.3750729134272214,-0.9046918677183072,-0.09898981322675156,-0.16740140280366483,0.00873307003944124,-0.2575261959152663,0.17764611944702882,-0.2629031339932211,9
-2.2052440088724494,-1.2665190503516266,-3.0225245653073967,-2.607546341012591,-0.540488876070273,-0.3858269525310679,-1.173277780501798,1.3974037595873936,0.011481170530721577,-0.30719361424625746,-1.118980831886697,0.21707392002860876,-0.5669317952386622,-0.1897909028424093,0.247671496829287,0.7364009523849923,-0.11059989645603728,-0.11173758038591891,1.0109946833060468,0.1477048719400627,-0.39848939453736537,0.6741577709286681,1.069292490750741,-0.14309891134897762,-0.4034486559426936,0.14653906489251614,0.13750692385449528,-0.22044151500299175,-0.7815018723266483,0.0911325289195452,0
-1.409518137991038,-2.114828693141171,1.2279544722842521,-1.8738683366377553,-0.26353504313033965,-0.46729531598823904,1.1078472932489256,1.006253804752657,1.3454228810695419,-0.8909970350474815,0.4039722849416466,-0.36008013982910003,0.3677864187247689,-1.6123988821785702,-0.060355109014590735,-0.41242357568700627,-0.75660234525844,0.10820165521010901,0.9139721690750929,-0.701960645607545,0.3258411978887224,0.28082447490750234,0.23855359815646665,-0.06849363364262923,0.43443153662818723,0.09502628617911227,0.7951666690518999,0.050598003728865505,0.14405880003106425,-1.1782833640938764,6
2.911274613323077,-0.5515814061875877,2.0285481485815784,0.5650582326716675,0.44416631761357195,0.5930120601163101,-2.7398946560717667,1.9942195410388628,0.4007399853872265,-1.178776222582568,1.0946152430813394,-1.8486130469096582,-0.8335783480459532,0.27216365247571495,-0.5491978584924457,-0.7379982593896016,-0.3885743303571199,0.5927071802087693,-0.6457487999564779,-1.2120537658551587,1.2994923635621138,-0.42881696908305894,-0.5889107472937976,-1.0031652365978565,-0.7355475761670509,-1.1969670123933824,-0.07164909005209327,-1.377050940147817,1.4514671729946127,-0.7861988734268772,2
3.1156675085763976,-1.6359310603738622,-1.948903849145259,1.421824504783726,-0.004118295227661027,1.6007022722239987,1.4301267287945856,0.4034175472083202,0.24463217611958218,1.374746374573829,-1.8977570273108726,1.2435440351223195,0.5495388747796428,1.8908140145728105,-1.1519352446000866,1.070296919639325,1.4959811096027238,-0.38394416884997007,-1.8491824671020514,0.916217861840233,-0.14693467296028853,-0.10537986142481137,-0.1523101261498089,-0.6275451464775996,0.22817524021195518,0.2789941192626594,0.36527062146702455,-0.802432067777158,-0.6534827794054479,-0.314938897068655,9
2.0536969925694453,-0.7934294973359051,-2.831799358605963,2.319896356412078,-0.6210591407082181,-0.2025794191050558,0.16493861117872669,0.09883953925341082,0.5217895262005866,1.8258472337493241,-0.3416657262421394,1.0279008816145474,-0.2922743056142201,0.5220559901441989,-0.5174305891495042,0.5901493712292029,0.5558399585539522,-0.06594663340360449,-0.5035621843901593,0.0033213117047272873,0.012824458962319873,-0.30403275463573237,-0.33274587821571183,0.09436243509276011,0.5261797453569081,-0.6633214778311758,0.2571582127602084,0.1890058000161457,0.29064246664356097,-0.06165317294181831,9
-1.7626456123150667,-2.0446478511698274,1.5991713764115358,-2.824090092612928,-0.4670175015720572,-0.651604110888064,1.4356681495597714,0.7705936047078096,1.690029955764346,-0.851491886452524,0.663526777345055,-0.4564555503390958,0.39583702591594977,-1.6112180634118305,0.6296658899902661,-0.9934194631960711,-0.9692966243814041,0.1220816044125807,0.7428268877505744,-0.8096608598154325,0.37440674183116096,-0.21193773105095212,0.34856430187037923,0.7331233927520105,0.42742971007522734,0.20795262098549513,0.2855828378839842,0.010584877041149137,0.23395050615979887,-0.40509710237379937,6
3.964634857055706,-0.9792422579076957,-3.5101871494767214,1.0709975106623544,-0.2559777549760137,0.9348502388456412,0.39350218517372143,-0.8174166247788859,-1.6419390603707336,1.4120561455588034,-0.8334382076561512,-0.7121628207095635,-0.3072194442229086,1.629294330075992,-0.5546145324488394,0.683484572766631,-0.11371429690176996,-0.3520306187971839,0.4121793529315944,0.49364832640029976,-0.5700872572372857,0.2038882388536269,-0.8741906325728845,-0.2064598243831223,1.1357042183649175,1.4131333840527485,-0.46652719097681905,-1.0220186488738534,-0.9027543622430526,0.046538143084954985,9
0.5553410966345589,-0.995556415359826,-1.4821304473737622,0.8427380304991325,-0.06794358842680484,-0.6616585409461102,0.8711954562210772,-0.03559565500154058,0.4487025197829345,1.628164174482972,-0.8999873555788755,1.271325640845696,-0.18772428373911512,0.8904763391483368,-0.9107088502681565,0.1754682257709475,1.7484330734274838,-0.43438913486278385,-1.6487066668544343,0.5077298785364557,-0.6889623223001741,0.2480263662403305,1.8606273895294712,1.2480560678573878,0.08325237178003884,0.6241242855103526,0.6113814363937924,-2.5678646542348686,0.07394855079198824,0.15773022727904823,9
-0.06637206431020819,2.2785023145729686,1.3999527806584018,-1.151981537042775,-1.521699209292879,-0.24378900135392367,-0.6133736862521821,0.24706272192473122,2.2419059961864356,-0.6989514623440054,0.2860811309295739,0.4495795018547912,-1.2734756228085309,0.49088415788439976,1.7133824846551042,-0.08301410483657777,0.0652446242342533,0.7249822706222323,-0.42507415106282626,-0.637648226879827,0.7499906977396754,-0.2697343825443662,-0.1341573440992322,-0.5712213081398858,0.09043594146809285,1.0158143123932115,-0.39550205144370254,-1.7969586466286172,-0.2470320284804546,0.29179349040047076,8
1.3959039039376067,2.204622262168062,0.3223472604193701,-1.9798710218568472,-1.344905978181017,-1.8272165780398235,-2.280861787966057,-1.0331705152639896,-1.8864753979357822,2.927914792747006,0.8322282839878485,-1.139311554353875,0.6707772145607372,0.6134348854020938,-0.4243571527581184,0.05706576977869285,-0.2429514658047949,0.028745789173873684,-0.7480706465527104,-1.3470067810959567,0.4158838812707045,-1.128593491096082,-0.1299703407973378,1.0944202169854174,-0.9514624507227586,-0.3032081169228327,-1.0246433218549107,-0.28901947874497563,-0.24935887809477836,1.104203338949495,7
1.9352140368509045,-1.4987369399869401,2.947606775920311,0.5689268375122998,3.226579407888775,-0.4697986383606057,-0.8804326044009033,3.078008608660269,-1.1621843907058942,-0.43956372359947465,-0.007734633198094681,0.22020832922595127,-1.3953782380886528,-0.29855226144936325,-1.2719177018887884,0.9307501448636942,0.3415979749838405,-0.14192961720940508,-0.10484435958038964,-0.47371833374196015,-0.2818558352306073,0.9510288684416739,0.9402342566890102,-0.5029189330531497,-0.9391577291993033,-0.33168609598140164,0.5263437637192384,0.1730585740637069,0.2596522687895148,-0.3946302416126223,2
-1.717663001402627,-2.9723727233267017,-2.9884363027134078,-1.2123881963688163,-0.3659540519783713,-0.5763744028746215,-0.547424020366131,0.8745019062723285,1.3384048976554577,0.3104073939892653,-0.7800013773509524,0.08177955792983295,0.536970529064541,0.5595867079801139,0.02138008021997854,-0.1658795843792521,0.18537217374288414,-0.4307468123028541,0.0026510221856285176,0.817498842224049,-0.26559217709041383,-0.2708213551861477,0.5501101130736921,-0.09314211217096871,0.9535488237331599,-0.020679359115094123,-0.055193534643007656,-0.4801999353894608,0.13512720489770863,0.007137797469469632,0
-4.146157418625024,0.39418167841379037,1.0948981876129908,3.075226645743364,-2.3461705384366756,0.2647290144093482,2.230906199072327,0.19728192130733485,-1.5372310513691114,0.46655307577946337,-0.8820811837195397,-0.6118055153951236,0.5298635256358881,-0.02321949499299705,-0.17668815680089311,-0.6558774462390095,0.07992851400438851,-0.18998012963794456,0.13636724101859019,-0.3948089920859265,0.020906571560929506,-0.46758395855775275,0.9959439290455898,0.5419774516534623,0.8558303323860581,0.18963140388604538,-0.08341122832779331,-1.0219649298548774,0.7651362968440901,-0.07102640680466356,4
0.055895189403899447,2.3723027180538008,0.965119758569259,-0.9531710658697723,0.09318555329815746,-1.2405224762690719,0.33625893808709195,0.051073571005326786,1.6036163574316389,-1.2680961914639906,1.6089768419269121,-0.17079054464684643,-1.0752692557592967,-0.49532866822334287,1.3629524113593219,-0.5697339932819796,-0.4301223822373672,0.38932660154411025,0.1382943710212503,-0.4393985250952094,-0.13038067107305676,0.8032144596418815,-1.028506427056122,-0.2660332511722651,0.5821634238037615,0.8322935428038079,-1.3559163387054611,0.1189257087103883,0.2542147400847948,1.288131590367667,8
-4.057701187172423,4.913669031816045,-0.12449972699865987,1.550730044907335,1.5230939843007039,0.23669078404419291,2.616358298775922,0.5346961720667474,0.9376930246934145,-2.416531811545675,0.152777191580084,0.07516469068244565,-0.7002309476547266,1.6943320669690969,0.845978649856129,0.5482014617688614,0.468390903752969,0.13562190600060772,-1.4325373412163587,0.653789592624434,-0.30709225112092653,0.35024953652545415,-0.8426310726756733,0.40721913761724304,-0.6875603618601557,2.0245570728078097,0.4946292556543623,0.19365323677793575,0.452831863837292,-0.3260145168231847,9
-6.97313986072767,-1.5654590924485616,0.04158946919597168,0.8358370562783437,-4.286006625001963,6.078126177830974,-0.8888843703606615,0.47260526984026974,-3.995301075276102,-0.1473408052773253,1.0389207137567025,-0.2044942821748433,0.11946075517814221,-0.710236413234469,1.4112683279662563,2.7960950580176527,-3.794068649987438,0.3503226884818717,-1.5947197267218145,0.6369322755672263,-0.9708020559396695,-0.43940557117295626,-3.3167548549764994,3.6692859185442503,0.46501973307325745,-1.6673478255251069,1.0866957378399347,-1.0980892953605,-2.6868880598588154,-0.40654203555254453,4
-1.2092474145269063,-3.2952613321438124,-1.7860607004503375,-2.2007520875630706,-0.8749770406681795,0.27758287079340355,-1.375452911877231,1.7939572228568645,1.028023015512001,0.6127605056385328,-1.8616282687956827,0.10000840834290145,0.12277284166431553,0.8759576025824528,-0.9893551598888103,1.6322920739349533,0.5970829346248308,-0.06440414049507177,-0.5338199093077991,-0.2188039196094287,-0.5071748430782577,0.5797179859210573,1.7717464724152405,0.2842250357433745,-0.6810015023021125,0.6734225344586839,0.19297245906519064,0.003971944663785995,0.06136871597784068,-0.2235151752733355,0
0.9972201245788808,-0.16610072456352099,-0.5339257994620313,1.2205131604509494,0.2304651460500259,-1.2740867435678964,1.2856162962970956,-1.2757597322502272,1.301915177797733,-1.249472702888762,2.5381092319479612,-0.7979845864201146,-1.3564855151461557,-0.673613708830754,0.3996943477473838,-0.8856710666555662,-0.5243194471522836,0.2183057493057526,-0.4569718821230846,-0.6037157846003114,0.30932910258994184,0.24705712661001253,0.04438256087622474,0.21967430255015583,0.23172371924403784,0.03292466455732948,0.46922320939283035,0.460144151924467,-0.30471098959299814,0.9570885484986553,8
1.926680731755205,4.4489466170678895,1.6317218768444157,-1.2577768920843766,1.4846424664641409,1.0437008075448873,0.222872906622047,0.22500976653924698,1.4920302456946593,-1.083567376751734,-0.8850693243314736,0.9193522446961927,0.383418546157337,0.17091960150990404,-0.31264310105032456,1.9595688301482976,0.19805331320237365,0.07787762724129783,0.14080777628700852,0.20108451784568165,-0.3562214036995355,0.9378045270349381,0.17693265268014796,-0.07650078305314509,-1.645884838835129,1.1904629136120652,0.20524451645888778,-1.2099264252104691,-1.1805736090813763,-0.899174786048736,5
-0.2191588810086182,0.9016339630388499,-1.512010268495781,1.723809197937393,0.08252242173653866,-0.21034337775585063,-0.6038759352614465,-0.5311562281517438,2.2377517402176963,-0.5316353732290369,0.22798159463017853,0.6409243584012027,-0.5779166813717486,-0.5023014130404957,0.7328210899014327,-1.2661627435218787,0.5123099259855636,0.14305211347765998,-1.0971230761462163,0.8765601668764229,-0.07829967947802229,0.43918144863522174,-1.0837043498555123,0.30050858334332997,-0.33656463170987627,-0.7445048808474909,0.3425590969273285,0.5863388953924495,-0.7202453188193975,-0.034125922267957694,8
3.9853361975722397,-0.7621806023490014,2.8342099690845552,0.8954758287160659,2.2733884101820974,0.011972786085116585,-1.3586906841623663,3.3215278652272904,-0.4463545746630687,0.5505211000855406,-0.3220070378721569,-0.16866923974517972,-1.0110047876463177,-0.7678118172229326,-1.2631939422702936,0.5017628774585551,-0.024464605032902584,-0.05492742125829945,-0.2289155247175294,-0.5396763501477186,0.5687580922058674,-0.5435484527407864,-0.30498027143147066,-0.03867117016586694,-0.3615155705854584,0.4730623869877848,-0.2933767705870335,-0.6907463783864631,0.7183641784204872,-2.2784139307539975,2
-1.2088750538854252,-4.153619061372378,0.9899030255869847,-0.6926998451282563,1.651869943860105,-0.6876915888882414,-0.22270548641592572,-2.7704046221695298,-0.46606014295844256,-1.2147655097018997,0.35302594814520627,0.19858492200252903,-1.5197742852971488,-1.596080939405908,-0.6195186290008693,-0.05883307153727422,0.9580131068264438,-0.21560068089216344,-0.24467025306236542,0.7016793524929519,-0.6274237084989973,0.6008675937620825,0.9465114778598875,0.34521622055305723,0.08470873893948333,0.13932717669582087,0.47765977527925046,-0.2542953634079888,0.10961805573857338,0.177698578319995,6
-0.9447997805533096,-4.40735823551743,0.7471632527842581,-1.2331781173775525,1.8897688499638658,-1.1386710287089585,-0.5153600326925427,-2.5981039147355167,-0.7767638232304945,-1.0356244989009047,0.8838247257044837,-0.15676134686308546,-1.0171120239827147,-1.660795771190682,-0.780081551029934,-0.41816697317211005,0.6217793636877209,-0.048847023968433156,-0.32991338609594983,0.09843297113998839,-0.22327356074842808,0.15732657336699418,0.620116093591476,0.17837004969706055,0.17729186456104315,0.2841517392771433,0.3621486853153553,-0.26070975094713217,0.21259212804711536,-0.37891140484194813,6
0.6982354473291581,1.3597041665472474,-0.6844370592287795,-2.1084289452067573,0.1736573132094053,-1.2533576283373349,2.6710000444200976,1.019463346340571,-0.7489370364279389,0.6162728618470338,1.0077215490353704,1.5540530126941312,-0.10944982189810708,0.03309944630124046,-0.5045088058231051,0.3646179804948456,0.1658320399270648,-0.119784631649939,-0.433945445791219,-0.8053708454373304,0.5547071997497157,-0.11446609372169833,0.595451276139039,-0.41121738763791793,-0.4619280626349479,-2.4468236280418822,-0.43892039145559664,0.9948255322084067,0.45036275319042246,0.20051664417318432,5
4.596714732303653,-1.2588604971229471,-2.3482097793351353,1.0007125302443665,-1.407043977660354,1.888554722274833,0.3477194361884165,-2.4309795993245387,-0.8528108089466157,0.8966439536731096,-0.2036275964262115,-0.22234644473942927,1.1307229551653162,0.41711178977156826,0.09859860291294034,0.6861183011323371,-0.36449471301069586,0.7137543305200063,0.17747224337849826,-0.9797593444089128,0.5627628773938307,-1.1524500286367088,-1.2455376502341229,0.09255270960877554,-0.4365596988092715,0.3687956058207456,-0.9413833579073317,0.29884439044218103,0.2727724271352614,0.7032279305866723,3
-1.8219772562574068,-1.947034771953978,-3.378550469769782,-2.257893201192434,-1.0950220101655617,-0.5818982031199361,-1.458479921221501,1.3308479462237879,0.7254276963830235,0.035012112754881725,-0.5268338153381515,-0.2297846190109553,0.23020591056273457,-0.08784133219103045,0.4621769146951949,-0.6729047077900271,-0.3177947978134229,-0.060679290413152405,0.3158923369230203,-0.06017305878692015,-0.038070742878932924,-0.21259906159551542,0.7465744059213723,0.22676737938409988,0.7498660476095489,-0.8007598436714259,-0.7944632207096195,0.2785205015436907,0.37969759294606226,0.30976155733910676,0
5.02756116520634,2.799661202714141,0.775464728005058,-7.113568600125776,-0.5860231958172681,4.025400834418283,1.2318479915708365,-2.5884793964579513,-2.6413784842682846,-3.6361012976263765,-1.0568349505665424,-0.4883865841009257,0.38333440273859976,2.5925816269449875,0.09573280798390565,-0.3408055934177396,-0.3113758049484213,-0.3004036153103959,-0.48151183467183345,1.3762119454328579,1.3846427885372246,-0.7581836178056937,-0.3956506427813153,-2.4376946250056784,0.1672962291332661,-1.2806988305529747,0.7629168671099189,-0.18608432824731236,0.35072105154190614,1.1889777270927329,5
5.545609376009568,-1.0374550577094825,2.164258146701656,-2.1760478980681035,-1.6759624909049387,4.856190933690677,-0.7912940355166431,-1.6449097978377674,0.10507002912602753,-0.9848576749494041,-2.476031758997789,-0.8274185840738105,-0.6631481558315654,0.7258650908053601,-0.04176707925774259,-0.21551696976447937,0.6731237631622707,0.7162292482320248,-0.08247350900365492,0.4766415520343562,0.724620028161089,0.14504900662438214,-0.4006077008822568,-0.29306231921115333,-0.22355907500364086,0.35704529882967084,1.9969885627599178,-0.4772310545633568,1.8859769932234574,0.44544751315947945,2
-0.09399141941815513,-3.0975339579219154,-3.4082399173677818,-1.4047808014411873,-0.33433596045613256,-0.7494268992563825,-1.6493284455826607,-0.03740964757081086,0.1892949233418071,0.4074013888760818,-0.17395608627067918,-1.078460672167952,-0.7927090936585742,0.19608770058400513,-0.25660074121932563,0.4164638025296849,-0.477019321425298,-0.06205237174023093,1.4024727597827709,0.12786294791229774,-0.7771801296183891,0.8200690494108648,0.7729392340006035,0.6754264432567514,0.6903613026453551,0.5965560938556533,-0.025194348322022046,0.09138609065308205,0.7252965819956687,0.8622553649179506,0
-5.598489825574157,-1.0622876660626224,1.44431713677225,-1.0881026110221377,-1.9701413754785209,-0.5344818243805594,0.15512102509404263,0.8613383030343269,-1.9297055957725655,0.9420996488201657,-1.0077034067060322,0.08841691197959514,1.2962852552384818,-0.7062057261880077,-0.1935313912415281,0.1789084156101654,0.7191329868375159,0.640986764592644,-0.9039344249768577,-1.774732038350348,0.4991258642772172,-0.444416833482346,-0.5014960563111082,-1.0435703080016099,0.8882595561524094,1.5048694415570751,-0.14554866753013768,-0.11672271303842609,-0.44511913563259686,-0.16185254567460913,4
3.090497959618367,3.1559927026715764,1.2188849844231713,-3.7184603763146415,0.6336239300257644,-0.2820845448949315,2.480740719724181,0.691243300515804,0.09768946451421467,0.3031046672127246,0.48192480580118197,0.07835636371701936,0.5961510020348205,1.1331604743403256,0.08815204283542928,0.06182957393345804,-0.3721486459054026,-0.6889591137626566,-0.42005335307581143,0.20302813901398314,-0.26074302339061045,0.44633325789410067,-0.23575150293703262,0.5298731442768089,-0.6577620789483508,0.33685350380586393,-0.3304372233037316,-1.2115066110239703,-1.5103599255009126,0.27602712105437927,5
-3.133166581081916,2.918444095020067,1.255840607087881,3.4687354064133022,-1.0765341932624732,1.9794567356278765,-2.1112970593702354,0.9296019574152592,-1.0330828403266368,-2.9700205865659375,-0.15245770536185949,-3.87445100086141,-1.16543712504651,0.34756591850353835,0.31281111817933277,-0.8915283060351841,-0.8670316828260352,0.6573516607802723,-1.513168335297068,-0.5418137112453576,0.2081109945202621,0.2890925311495548,-0.9139395177555409,1.0651903532930653,-1.5628187293299527,0.537912564348129,-1.167707325680042,0.7776799923992034,0.46001246067093937,-1.1755226754715744,2
-5.124279464849399,4.036844106973857,-1.1297997949010015,0.14612686640443148,0.03948315868491165,0.13918357291765868,-1.9319795403846451,-0.07224167030846539,-1.3162629628317442,-1.5441997057973915,-1.09059306274676,-0.4694679830692159,0.7858759481942916,-0.7655233741886975,1.3868242911463367,-1.490142241729503,-0.17092945920235153,0.06183008196655271,-0.35567767884174484,1.0381064703264633,-0.18590279704052912,-0.09630667438843651,-0.9693926557786264,1.9731076983894902,-2.0511227450271643,1.3902624358074276,0.3985276412364551,-0.11806960446483113,0.019136153521251476,0.5273994465623346,7
1.1298191370283766,-1.4018558372527152,-3.0437902805463617,3.2816600278964656,-0.4837059517875843,0.2546016385997641,-1.1193272932920058,0.2918564631534334,0.35696974063950077,1.0531310466643542,-1.2744703837837337,0.4771662673947907,1.5312810047715106,0.9021678022985504,-0.739637023175552,0.7026884288870824,-0.13271351681646026,-0.5316084084440131,1.0544583777601901,1.3830541355468535,-0.3595346390193358,-0.04633640884895987,-0.6819084719094498,-0.7583300046259154,0.6582829238205204,1.514260202989859,0.6337434389334072,-1.151762976697682,-0.5416413539305227,-0.6600309058547426,9
4.904706246550644,-1.5453796873015588,1.675582218735922,-0.7891270645904166,-0.3570313471400125,1.4896962821444069,-1.2848360564152903,-1.6486533493187052,0.7168329918069336,0.8124254336297801,-0.5846725999795266,-0.47693239127305687,1.4800079049107318,1.2218264892790587,1.3090132123394442,-0.24976111200808598,-0.7362361962347815,1.0095227275251373,0.21756241530662773,-1.6205196016020038,-0.3843875578944494,1.6544231874558797,0.12072706105166756,1.5301995584059938,-0.38121812129298477,-0.3613137116917998,-0.6594803299622591,0.0680465320303214,0.2447654362828264,-0.03153576034590078,2
0.8486805159387398,-1.630776059857347,-0.9917665926184143,1.0464987098168739,0.7520590143979345,-1.4824642240552472,-0.25011197091908166,-1.2089747682701566,0.025987530264897304,0.44669587491162277,2.2162214969057676,-1.7716794764052903,-0.18748959632600218,0.5984038145577879,-0.17740186310604425,-1.9324297946776101,0.07426539902000569,-0.10956528791050502,-2.1755099212025084,-0.6115359308214096,0.5758690247393781,-1.286405274695768,-0.6031425797869311,0.44619609329280513,0.4979847984326149,-0.43312902643914825,-0.5693144951743155,-0.7418425919872603,0.22342259587849955,0.35362713116185074,8
-4.210892420537986,0.23287581396780105,0.6195097468231171,-2.0137088670812977,-0.5562220327941667,-1.8056383528939337,-2.3854742919691065,0.15638460727621128,-1.7777627554450963,0.1915964687902989,-0.3276110917091839,0.5785699016416119,-0.12511102670081667,-0.5792329535615848,0.04473915634820101,0.13271531601655137,1.3100504564842745,0.5081498300314078,-1.6703507452529283,-0.8534771613951347,-0.03458941774959925,0.17948133148246398,0.11702925310311157,-1.300618464986897,0.8829250940644133,1.4297038804875872,-0.08296405582919417,0.3648115968142146,-1.3504233996850414,0.4132224445070635,4
1.6671366149140074,-1.4807353423362146,1.7409013143928458,3.832734120037,4.1264548641386565,-0.49085583397356214,-3.317738760656994,3.74083019147126,-2.5952132496850653,-0.9316075814772095,-1.1095352759138248,2.309187369930256,3.610751317476866,2.2043736671646412,2.751377789420752,-1.4956137211900162,-0.8951422714107554,1.0277123871139369,0.7869242279828661,-1.3512038292762647,-1.0390283968458016,1.6257516341826592,2.3964149776666264,0.2370841904974126,0.24298248063074404,-1.9934672923866972,1.4059221698639004,0.9036620316588029,-1.517900336143783,2.346457123555603,2
2.497797111471543,-0.6658369767866421,-3.8501814335917417,1.0286418732462415,-1.189109019530461,-0.38017249811581205,0.7689390653894282,-0.054291240854065184,0.10820886283054339,2.0048007203479914,0.41838298555915765,-0.19516802174790474,-0.047353048237608886,1.0058816136573039,-0.03674786657806539,0.3110989616429121,-0.22335668829978073,0.15993962164361247,-0.30070893427936074,-0.9637155084798937,-0.017341379389968985,-0.5939580528787058,-0.14901973490638923,0.8062475220628585,0.36591575895132,-0.1672571305936285,-0.6219770670831599,0.553562563684015,0.3175097553052207,0.5953529579649763,9
2.056532382127778,-0.23609282202770782,-4.763376865542575,0.472242877093231,-0.2073839964019944,-0.025047337790885766,1.0812347500957438,-0.010756289330323649,-1.5401868152203508,1.8095810481252965,0.023833477209115148,-0.6495567622927184,-1.5792159301272142,1.0948993051640112,0.21659628461008248,0.26822119791405297,0.17712950649100861,-0.10868387145233017,0.16576653228925195,0.09443532334527502,-1.111972174057591,0.9491198889931716,-0.9325189622907191,0.9907876859956302,0.8977091746297338,0.08693660752208807,-0.7146555119285398,0.6444836766640646,-0.3483604117008875,1.7342286775410627,9
2.2062756107640498,0.7449412695099019,-0.1507066893731147,0.5945847742930008,-1.3058014752243081,1.2387728989789788,-0.17191326996513448,-1.4924704482201183,0.5292574420252352,-0.5244328383743979,-1.5676618574015782,1.164207040951787,-0.8682358465250564,-0.819166313615839,0.49443321479202174,0.22355934915013279,1.0612311266989307,0.5653856359634946,-1.1531500720236114,0.1535181875381398,-0.29163350970004265,0.362277916163462,1.4868736132524245,0.25492469886806873,-0.3540925570607633,0.37595494923361183,-0.48276475828382004,0.3358802167026579,-0.65375381152289,0.2088997474745683,8
-5.5241982608853855,8.309314879866088,-4.714719551224504,1.5393998044539625,9.487747543005295,5.985575599409249,-0.3769450535134751,-1.9486300139392048,4.822763288446793,0.7699613537551762,-3.5652466065753052,-1.8427643816637576,2.3642584781357954,0.8272866689029569,-2.167069095704232,6.12159878243834,1.0773956372016675,1.8266835741355376,-0.2690382183847725,-2.8260274534118555,-0.6630910397780699,-2.4779131664725016,-0.8033266486913692,1.0273653468886823,5.314656588723808,-0.8907624159750369,-0.5800686691048751,-0.07112961903645389,0.5087593104296316,1.408656378627736,9
6.170453894679129,-1.3440902319967494,2.144917146095211,-1.0653338417170863,2.086447347153433,1.4206957621322367,-0.33916613969954373,1.5406171902442238,-1.623572556079828,0.49633420017785923,-0.8202232965625462,-1.4375381383818893,0.36195576318114364,0.5305123745444796,-0.991020624677155,-0.19524732433247946,-0.12241718876256391,-0.02291469114476394,-0.9877165915676571,-0.9079891666246559,-0.8773712354333677,1.1137034368009813,0.5779121948436312,0.900859500956011,-0.8142978581048643,-0.0029017341786812677,-0.0618830815960252,0.8687037057275995,-0.7970592640219952,0.5469777159343305,2
2.2162274298298477,3.655607569613285,-1.6054495480697581,0.7024961140053345,-0.8590254641577004,1.4557651274285464,0.39504057521151703,0.20705418376470275,-2.4968972828579292,-1.7081913341683095,-1.8271256508385352,0.46863032383856457,0.06895547423026276,-1.544216658234347,0.08149804584727434,-2.3135667817224577,0.7018155024293582,-0.026365857682542942,0.1728452830281416,0.9588963911531059,-0.7383014465305431,1.839900011041993,1.0518605392454232,-0.49349529735758446,1.604499584531867,-0.04144100598009441,0.9676597861422214,0.4558895439537637,-0.2765773065368784,0.03217016323492691,3
3.7496657522635144,0.8441949968758066,-1.1353037094763057,0.4753838134437726,1.8576134905577033,-0.4747241995760783,-1.1630041808689155,3.943362138382624,-1.5874488795813742,-0.7973907632383256,0.36590857460181336,-0.7453800340775508,0.678808065244354,-1.1003124883232975,-0.1915749384864523,-1.6404278621511499,-0.7233584793085956,-0.2897023544053023,-0.6964831950476525,-0.21239513639068258,0.4503734272496727,-1.039801824609476,-0.5906938784740314,-0.45148914026864895,0.8044957938609011,-0.2629633083122329,-1.8998222645173488,-0.566621121698671,0.20081592647522398,-1.1577291350682943,2
-1.2052456701692136,-3.8370884110622385,1.5019079247999303,1.1961324814882688,2.0077557863652826,-0.6522688538415845,-0.49829591753079533,-2.7671248277124274,-0.43049948675886346,-0.3048541085635407,0.8329402939707381,-0.4016425303702688,-0.06416272782388395,1.9674654108490877,-0.056869054742468096,0.3009725449912797,-0.2015697476371974,-0.521839545251572,0.6128550048046606,1.0618552002976627,0.19497342043056282,-0.7992078265771507,-0.3718121559856611,-0.6962154047534559,-0.27661822276586706,0.5697383626620615,0.43464165632542556,-0.9492082022371866,-0.17706669799055932,1.1246285005469276,6
-1.1517274886675333,-2.5798317600169134,-3.235197013668559,-1.1446097189154587,-0.40771752319144594,-0.6667255155670198,-1.0540476631363074,0.640252535574503,0.6172103533022727,0.13858799391231355,-0.46025864783077647,-0.3381896817557153,-0.8892173000675915,0.22201495324028767,-0.24212657000561458,0.293880558526371,0.005660869878119786,-0.21129215690233097,0.6663947325117956,0.42137444590899686,-0.6132597513715895,0.6737477405398065,0.9024674049503147,0.15398661337094185,0.8375274187578333,-0.4403865896036732,0.0846026421541995,-0.045185187423247924,0.5546739928072575,0.49011477494214745,0
-0.8420634570586233,-1.28027349829674,0.4484623988803006,-0.393084282329635,0.3388423779578699,-0.6271808748618116,1.183380957237808,-1.8943758251193614,0.07629113457433909,-1.1872853468775286,0.5317334263374566,0.6942083195104427,-0.07884685763784736,-1.7596562702454563,0.1237755117012681,-0.4169565278120195,-0.24970590835742626,-0.3164267903485414,1.3346767524245036,0.6549433003868183,0.047528966631527204,0.046222299802018245,0.6729340351125231,0.45474445146747566,-0.25093913075014873,-0.16166248809717526,0.6545544387865997,-0.9885558027569153,0.43679113520536145,0.2767707475030126,5
-2.0800939958205955,-3.548518736220929,0.45033964627708944,0.7504271779327096,0.1316178788275315,-0.5449309832195136,1.0942527444587151,-1.263379800214052,0.8302047767303186,-0.08794769428691242,1.1118302121858814,-1.0557500939967976,0.5531400068328141,1.8162364071282286,-0.2902022394117285,0.06997159523697913,-0.6311282927449212,-0.23958519387470925,-0.7465291097284048,-0.20568967809137648,1.3040716474406164,-1.9718077132549592,-0.21005472106942794,-0.5574604746168584,-0.29794870465430184,0.5996700675856097,0.0985408855227028,0.7097770747638479,0.0401937461735889,-0.711889314665162,6
3.369690835380318,-0.5369938496613765,1.0300590133384948,1.3742181026250515,1.7827533529632507,0.2836798600141449,-2.172031335759735,4.097840289076935,-1.1114748494037952,-0.37147955385288406,-0.6941541287423765,-0.31614926700088064,-0.1393283335258043,-0.8482113410781215,-1.140007191920083,-0.0919666228737484,-0.3314747233759966,-0.25369484351288774,-0.2963741405479694,-0.17792260939912374,0.6610648458213073,-1.1746667128633674,0.532422678411915,-0.2068656396627706,-0.37523902980039414,-1.0032786963024896,-1.008599075780667,-0.6524307061038613,0.9851392478247518,-1.8753758650137085,2
0.908551393847019,1.3615921891618628,-0.8104475803410153,0.6798277848066323,-0.7845772269128582,-0.8937831104103067,-0.09046327457288075,-0.4218516679326343,1.1686792746714025,-0.5868868179538947,0.8097304582305327,0.05583617410487789,-1.2020541384817143,-0.592921020997561,0.29770380538292623,-1.0217381656682276,0.2775972156229919,-0.019026260326844346,-1.312123489325487,-0.24264213333277607,-0.16944399019953688,0.32529810366863177,1.5406366289437528,1.1054560139960747,-0.3548143242830996,-1.4418599381377637,-0.2634111372790649,0.05611402300960851,-0.1452250390327611,0.6369781345271961,8
-2.610131134132125,-1.3203343370859895,-2.221198246753412,-2.5643594983764233,-1.208788143645166,-0.17063507310354198,-1.4021766820439925,2.70929890345968,1.0864880773320125,0.46502583006842096,-1.211222430179122,-0.2759808371925272,0.18600416752473647,0.5178200806033151,-0.21138590504839008,-0.13206933182237043,0.3689574800273143,0.025665411206508955,-0.7108431712991707,-0.20521908206565848,0.004964228568616343,0.05249072625240588,1.258216728741462,0.21106218668271057,-0.047719576830195204,-1.1036822081512496,0.5309477636514662,0.1952996365813215,0.40337363356682726,-0.09414556529403961,0
-4.329348612429082,-0.04743934689728414,3.435214702844772,1.0753906711820551,-2.410094118052393,0.1592394323202242,2.414345854549854,-1.0497050216944206,-1.2831298520652286,0.7859974031882229,-0.36308081496313754,-0.29975966049806024,0.9762539815766375,0.020654274969282734,-0.17443382915826058,1.0003635668900885,-0.3241624404245279,0.16579508451424543,0.424509101706081,-1.427740708987515,0.694547520180105,-0.8338243382368964,0.21686818586629678,-0.2247042554972037,-0.283897778513804,1.0748677339509471,-0.27740981995788316,-0.10598648403033863,-0.7267991888166828,0.05789984615971464,4
1.6171877010993758,1.4971719599909168,1.2644789186841379,0.8073588236911322,-1.8917252490366092,0.1514959962340552,-1.0143403605942702,-0.1813617094584527,2.144708274776267,0.23066051298668214,-0.7519680012639044,0.9235353278221271,-0.30826709307849587,-0.9397055678026128,0.895495205865569,0.05868412494660861,0.04945751835988474,0.5390011938190938,0.743508086488122,-0.10448627753258616,0.15179772460145463,0.17229570322880947,0.6992254422741749,-0.10016286336176522,0.1682303393198422,0.7928927258811438,0.833614588301233,-1.0768110630564904,-0.4682989712296418,-0.07395073249665839,8
-3.3806607016855845,-0.4255056323010045,1.4080743911820268,-3.247301232713996,1.4796111957676308,-1.7360382106510195,-0.5700274062280791,0.4466464743925924,-1.9058974543214438,0.964206480569281,-0.22110597307960264,0.8952437655011888,-1.610398853378885,-0.24322968865281863,-0.596066437745816,-0.012845465023525647,1.4738854013701341,-0.47341133938926233,-0.4045282970742157,0.7900271202735069,-0.7266109568699498,0.772827167139525,-0.35693072987445945,-0.1337184220513845,0.24061775339452843,-0.6734196160957561,0.38274067646585813,0.20439095015004005,0.5396852670126405,-0.15977388215258967,4
1.9409280095372097,2.715936052553839,-1.2009957486053975,2.813332801232249,-0.44947597159853653,0.023114268229195892,0.634484283829708,-0.36927894395030625,-0.17988799614662634,-1.4849418731584625,0.11594306252275013,0.7652091560277913,-0.3258011719865891,-2.344734884315923,0.4421988391295025,-0.014703879896806445,-0.5276805204198761,0.41108135892816056,1.0240048677725275,-0.22850735872160008,-0.5316254930281883,1.044881473906422,0.5556343541498424,0.5719917122330224,0.17860706614027624,0.9617760545268313,0.2973007463514356,0.7485998468790578,-0.4518346233332437,-0.25048570254921265,3
0.08224401192282611,-2.1241368078546925,-1.5768023811621776,-1.404757430538035,0.9211224009696941,-1.4271831167346332,2.9758173268886017,-0.38093711684194764,0.15420195698271083,0.3091843574810183,1.3078853249504956,1.4362187468997463,0.754178885817572,-1.4878423342637994,-0.28442911402579146,-0.7712950968461891,-0.3073054432941524,0.10356309449295356,0.8174676314770626,-0.6280552692381851,0.6213358364306152,-0.632502357855045,0.2282826212206867,0.4608638787818308,0.15713431983744683,-0.002722733038631574,1.7894625066089926,0.5983753354003151,0.7345708564738879,-1.0392271039272547,5
5.293054501689283,-0.5232853841030727,2.1015958281665528,-0.787538730004491,-0.15096357146714842,1.7266461231459715,-0.663570890977597,-1.0358254753484653,-0.29568884050756344,0.7480221381281129,-1.0678515038815104,-1.609849396906062,-0.5403690474848574,-0.17378967495354522,-0.33274283316781494,0.22411071020104822,-0.9813384129621299,-0.21622149473647193,1.21891214211632,0.48575386049891023,-0.2917428144364785,-0.0685566040228209,-0.9320780799399765,0.8689179284514763,0.32667801634952964,0.5457834355374426,-0.22416404232308504,0.16128958624483683,0.4081035460923531,-1.29897164057228,2
-1.5561195146149962,-3.6275029345747862,-3.1640370590812736,-2.0950103918758622,-0.5827142500150636,-0.5138032353492128,-1.1261899846223897,1.0506674480551903,0.5968512449912863,0.290235828177791,-0.0372578337646847,-1.3478613356409852,0.18270557421197295,0.5234390346001062,-0.3432804690705947,0.013261958817228081,-0.4157481161505985,0.05526566320118622,0.09512655464246972,-0.5949455703988062,-0.052589529963467885,-0.04193521343454727,0.5437042079642556,0.3798374393573042,0.3253887548103781,0.4972463693328822,0.6159077084823485,0.30810303093016117,0.18118522183954472,0.2672988305355272,0
-2.854063779637111,4.237805005762727,-0.45771400485788455,1.5024732805876757,-0.2059110689523116,-1.001981355418703,-0.5040724127658068,-0.29740830179742517,-0.738643757069904,-0.6357753638086029,0.09228863889726795,0.29018632981840137,0.2196149363091547,0.5347540089671934,0.7732867131514805,-1.0254627019974556,0.17829104483078712,-0.29146646792867625,-0.060716062336911694,1.0101615776081996,0.004897870750375184,-0.10278457690900908,-0.3865712725967532,0.4153443407752148,-0.8032882474285638,0.845208296724448,0.4209776625614697,-1.3748700978051758,0.9880793680318312,1.004485814169793,7
-2.1216337361117312,-4.315734268493265,-0.29768901137278747,-1.2788953595998882,0.7356273511392399,-0.5957885540553289,0.14006027618098651,-1.8530503380304104,-0.2913429443754914,-0.4463801106001617,-0.09788071805775489,0.8834634474329294,-0.6542223281135561,-1.1275668860584986,-0.34931556992432644,0.6119090282463945,0.8061276568663257,0.12157985876733851,-0.04757763214708373,0.010873425731093036,-0.17507186456554077,0.15253141413806912,0.5649021990382279,-0.2607400857505795,0.023144614561474083,0.473017206106639,0.4608191239759452,1.0164246120383433,0.3003964286723199,0.5649793212747811,6
-2.2391708719883825,-4.469384266253716,0.7253892543388323,-1.6401887989423787,0.049121510786207,0.05355347798513546,0.07869036188124806,-1.5352893845728788,0.5139790780167404,-1.0096257084824536,-0.37125089619484075,0.6925890234520402,0.3005089024259779,-2.202061156012652,-0.14493468736471193,-0.2715653301308873,0.588399912153443,0.3707768831440375,-0.49477720349467436,-0.37431272665700965,0.19561663791169587,-0.3292247917513279,0.7608607679760226,0.403183840927234,-0.17585003498578353,-0.0069240896083089445,0.6485202673142878,0.056061945304821975,-0.018514049552706104,-0.28833131955654584,6
-1.9283122373773693,-0.707784581278286,-1.2999510574896538,-0.9003341226545045,1.0171003341837772,-1.6389424345757373,2.7169332779840225,-1.4375344875522975,-0.30635549872560014,-0.9289218593781152,1.3580182510544285,1.3496621486219575,1.6993370305586597,-1.069564320628601,-0.09933042916388468,-0.3582185561992509,-0.41177845841817606,-0.040683665587991726,0.7518436796562807,-0.29773208743017204,0.44490135170140577,-0.7877306219294605,0.45230235580688993,0.4688395204764149,-0.32228699564698726,1.392913403896458,1.2813232331179165,-0.002887264357988336,0.7440478188092214,-0.05660764398966573,5
-1.2711467282681688,-4.547853533140556,0.47830060779762346,0.02017967527176855,1.5951121780194628,-0.6575925106158704,-0.16508096517450563,-3.039744250542079,-0.1406007303199734,-0.4934058982439799,0.2203760926712459,0.7481334112329783,-0.8254142839991155,-0.48357163549697807,-0.3540995975797009,0.37672383160924305,1.066098055451632,-0.1414559280680398,-0.37612884556808446,0.7051157346266147,-0.1545402940969375,-0.13896917532922234,0.14076799510136306,-0.3682330657136992,-0.02240816865670124,0.9474741218377716,0.1753781068045659,0.29519884860391576,0.3557368760483994,0.4387541934495091,6
-0.09943176591423537,-4.575979886343571,2.062038499546828,0.24286601137135155,3.5733776019307713,-0.7522274037541399,-1.013857273481077,-1.0630247381720768,-0.7847144786931421,-1.7600239694512212,0.6655481120445876,0.2548103417710732,-0.30832870297956577,0.2151076535390598,-0.005298143064447969,0.21672155410299437,-0.2139570606983903,-0.5512335530644792,0.2687355409744416,1.101096352171442,-0.5229808421117447,-0.08690164081579,0.6466260298968045,-0.6646923517173247,0.2427681743467204,-0.6517419997949594,-0.3898858700816366,-0.08774574301318093,-1.7183722057309794,0.9494666652998812,6
0.17009183071837955,2.0944349564886107,-3.7128006010288095,0.736199048918706,-0.4573443932156006,0.3607015298866878,-1.3861482334505804,1.4430801468718855,0.6637580447642492,0.11134421619567869,-1.4978285007537262,0.8910716831243338,-0.09258011363056982,0.16734519679827417,0.9159493349343085,0.20280940133737085,-0.3436051133704428,-0.3208108656537953,1.2953732046523168,1.5833404520765615,-0.6885300593678423,0.6404235029005921,-0.8959531108298474,-0.10054902933389002,-0.14807198616601183,0.24682015391897677,-0.7871252478489026,0.425560584206662,-1.4013654580190722,-0.6068883263100056,9
-1.7428976665495552,-2.0100491552840247,-2.893645934271286,-0.9735976603134463,-0.8337611433667047,-0.13304924381312788,-2.289569516694395,0.9015136768002361,0.7835252378006334,-0.37781209130214627,-0.8327117144903983,-0.959612345532738,-0.5372145534740927,0.21554853074213484,-0.07250709995399227,0.19718904680882923,-0.4283722779014412,-0.25266020947877665,1.0285292459036914,0.5944494696794589,-0.46169886983713077,0.7461489544630415,0.5653561437199567,-0.056434293928483446,0.041975214548655965,0.10722385528506492,0.763521456886878,-0.11876449334378923,-0.19920336017547688,0.2250033910295267,0
5.082839177420886,-1.0362831027555635,2.5256996201260167,-1.9281017273598067,-0.09089422909074556,2.238831567341129,-0.30121519909807054,-0.5082128279010393,1.009604365752048,0.3575221910850684,-1.15889174937484,-0.792674316706312,-0.8808788515889239,0.5418700891974993,-0.4243391882158308,0.15872119591692985,0.39956048123858406,0.2026809256568986,-0.5761417250496876,0.21373059718501913,0.25672979614102903,0.2669635466001748,-0.9281826450894057,0.13291138362209146,-0.2468185535422845,0.6528782281265266,0.5305605329023115,-0.8134731795297298,0.727068665216427,-0.693826852826851,2
0.08362084788319518,-2.111640748467278,-1.7010155359450445,-0.09004078350547397,1.8584465552251914,-1.2057477692562253,2.361777995495008,-1.95634209589164,-0.7002690210826246,-0.5715748842916878,1.1671307253037442,1.7518159906962163,1.1785300874840965,-0.5826691687040129,-0.22507536203906184,-0.12299115921074168,-0.2367211880768592,-0.1204456285444633,0.7438674380512386,0.22515573375269313,0.8527894528703082,-1.4575566237902404,-0.3468461432767727,-0.35800209326684845,0.05128533224206598,1.4363668270101084,1.456811875625427,-0.5123213671432768,0.16561216758152025,-1.659675159765822,5
0.27237181131041543,-0.976723315747702,-2.5892563986815262,3.088900749951352,-0.10252471831935332,-0.17900582896395564,-1.119639743588072,-0.7659375483255909,0.31640047918261066,-0.2433442677013868,0.33389585965918334,-0.27915761550817764,-1.1727589522864406,1.3792278920734946,0.07692483550586239,0.5827466218025562,-0.1458904015354218,-0.18318764253141093,0.6726004437585537,1.0853402849697813,-0.0865275541358141,0.23411741455816198,-1.1692896352912006,-1.9558065235259972,0.6838811062312076,0.30966281489157443,0.08818533609710269,0.4922581778309422,-0.6463368038347181,0.19450398865570345,9
-4.238761925328241,-0.05189098004377017,2.718509706194762,1.6197412632714496,-2.800736652853182,0.6045306621790655,0.9927420199216815,0.2295230462024233,-1.2292795514273596,0.4400968313978725,-1.2971205137487538,-0.6224951628078554,0.5404791655004768,-0.5058698635391763,-0.22382784324788974,0.8252032243617983,0.23083375191408018,0.31886682038085296,-0.2641190722549455,-1.170045691145561,-0.05341454282008107,0.07617257789432512,0.7162151478620047,-0.13397393123678558,0.615541815963232,0.6634707650873076,-0.5484657018948091,-0.6757561698477037,-0.778586369743058,0.3612274018315431,4
0.3752484119838267,0.8871013694969527,2.008960704003867,-3.416958073732668,0.8533584054031705,-1.776293341286491,3.009402219154298,1.4764387217934054,1.0214309836129394,0.9263286910050634,2.1442996540104327,0.3887863134933354,0.4488109725618427,0.2871564235708782,-0.02420750306813439,0.21646373428908589,-0.7034465213479025,-0.21057288756168094,0.8277089424398845,-0.6669122405644138,0.20862229673242422,0.4336363768473337,-1.511579050645796,-0.39031473476269957,-0.23759577870977455,-0.5466399941084501,-0.1913167574707804,0.5803942361828891,0.3233657730129118,0.7682246896337835,5
-1.6956109569380982,-3.7985990041798736,2.3422043944992152,1.1580738286978205,2.0715845351847664,-0.5037557993686972,-0.986038499698305,-3.0276921734661855,-1.0700471154843445,-0.6505559924267358,0.32973462041358975,0.1604454914090575,1.4275897165221592,1.9717583087033195,0.26297528583230984,0.28195621118319014,0.04208494150531467,-0.2597589239108413,0.5333356624905743,0.7146970966753268,-0.7383456809882195,1.7980353919110805,-0.9316504869993564,-0.8144688049445679,0.13718053323917434,0.22887177871431016,-1.4270810272863852,-0.14662843828608307,0.5715520394941702,-0.4912272426484261,6
0.06637620865666694,1.1890054145576365,3.7238088991449114,-0.39527241182871026,-2.2853783947606545,0.3866660989062766,-1.6546663253663254,0.2831913650918142,2.3102192751635586,0.5501659521521585,-0.6791022877642033,0.6095678133457149,-0.002357901677495029,0.15578525425014036,1.0137157618359398,-0.02897114215879851,0.43924104920919144,0.7544602102752851,-0.9379400727153331,-0.6824035446451042,0.7131866239225938,-0.7558410865041036,-0.2008065941411612,-0.30175702072341964,0.4418876636407475,0.632612242028227,-0.34025974030862727,-0.29640078681906135,0.15682759123382634,-0.1734293474434951,1
-3.252408874754966,-0.6739424123441878,1.6845329378113487,-2.7188261375093865,-0.4091391640048325,-2.104810600236196,-1.4084627911497931,-0.01655888813713349,-2.270167793100911,1.289815849996309,-0.11374163890114315,0.8312403675608808,-0.5889569892156243,-0.8803476315111004,-0.8474621612725616,0.8896354601351183,1.6909422900252982,0.6397717135977163,-1.770944742886685,-1.8269417340725427,0.006109938897544999,0.45056034224539354,0.6959820791588414,-1.0835810385461542,0.5381334351417344,1.5259387664953659,0.25839255142299294,0.9623253864423368,-0.7755393400348276,0.41055819697858525,4
0.8772251768643167,0.9934164936990517,2.482179928906053,-0.24331861433367694,-0.3979954043245733,-0.5286033894098233,-1.4739270259626078,-2.6192730853035555,-1.6912059997354512,1.8385512108859479,-0.9469684318926452,1.1686488933924712,-0.4517929207717263,0.3702847262052104,-1.2184734141629474,1.7187792185405457,0.7648365959048249,-0.4371075951980564,0.1719122227011953,0.6278361289271815,-0.052274437225845724,-0.3750533163685118,1.1011965303038713,0.5403257912099638,-1.7088413931762687,-0.9249207819011853,0.13768057614272355,-0.16519435777545632,0.17521268100620152,-0.36022886931635006,7
-0.51401249796511,2.923521727503422,1.1690781557643537,0.08312329295762301,-1.1669556417790303,-1.943152929343949,-2.722106928578766,-1.7455588965170896,-2.1279538617449107,1.2119040066153042,0.3448721227925773,0.21655087955837274,0.42000683344062084,0.039975970904629746,-0.4362266495188826,-0.013116532887752906,-0.3448960881352672,-0.3327443187801276,1.0408405638831253,0.16314182926969625,0.428289892222783,-0.8089959076059255,0.7163504808727468,-0.18682905972123942,-0.18838561271117454,-0.39445554819914697,0.1572281237266018,0.2731623930965629,0.5844157707525497,0.20401120398385011,7
1.866918778942368,0.8937646899699517,1.6145935583591886,-4.191203489221027,1.0362434281569604,-1.3888334475726793,3.371543512815919,1.6650480805240742,-0.05528649515789304,1.8220192290371482,2.0009233216013937,-0.40787880880374805,0.32046964132620787,0.3488878029865281,-0.3050259531621543,0.6265932478800574,-0.4538307489250579,-0.3113208537786812,0.3568186083186534,-1.0532014193346144,-0.5415858669791539,0.8890582418111745,-2.1008976737807967,0.013034578749987551,-0.2868992654591412,-0.5838511674088892,-1.3760115675164393,0.05678707700856012,-0.43265984497967974,1.1605983770332904,5
1.4419525691068882,0.5341685989515811,0.7882558261609683,-0.01097129541437715,-0.382816239929503,0.1944990581336094,2.787035727776956,0.11297356890406063,1.1924759242205019,-0.054086798957171445,-0.26606178845632855,1.2391230411002083,1.7586494736990943,-0.6640353690003319,0.653467247048047,-0.5202579994689003,-0.8751276817665327,-0.8774309724505955,1.0184399044161905,0.8403565644818576,-0.21741986559022602,-0.6441125230543638,0.6063224585835424,1.0230437304444975,0.12738755374248217,-0.14748976478466733,-0.27451192291469534,-1.436408176798498,-1.3220636628168343,0.019475512218033078,3
2.745733283711628,0.5712573064066582,-0.2592266673609763,-7.398516905968773,0.20325735887114377,-0.4302351650286571,2.2794483565576913,0.8705825537913405,-1.7087151578756739,0.3413730993936412,0.7413902297280922,-2.4607505077414076,1.585751526169271,0.8352547057371454,-0.6437964245482584,-0.47422911671860957,-1.679678627747174,-0.7104046583932718,1.1071663267088943,-0.5104589568243039,-0.33148193489045863,0.31630870242199344,0.06007660539865994,0.3262735010759226,0.7237470364540263,0.30261595816930326,-0.19390555907810847,0.9728310941421128,-0.1260732903098556,0.4875008493202763,5
0.42352712166251066,0.649796021246318,1.2702485780996853,-3.192425841909559,0.6282642741591008,-0.9064823674083138,1.5245857636718991,0.9915469894619855,-0.06933264332601254,0.1600115830569237,-0.03868616043633894,0.8599649593600154,-0.6909476890214434,-0.6290380162569525,-0.09852099877568342,0.18996519849832394,-0.14556355823552775,-0.6002258475579045,1.4835598063109627,0.30051821183717037,-0.5298237444372674,0.8348808968161354,1.1143052341498745,0.9966526019094589,-0.48194529753838694,0.028257089563860194,0.09538237803094106,-2.1893355154284038,0.7216084715930157,-0.24705402603338408,5
0.31803352001617424,-4.088043328255455,-1.0302911213454877,-1.1720516033272486,1.7487041161291577,-1.0751376792230958,0.040214669766927745,-2.4936997682037,-1.2807417525804217,-0.5846167262146902,0.8085113953817331,0.10729849892058022,-1.506810065030366,-1.7463854462004393,-0.818740029667743,0.04144521759976697,0.7173321729153903,0.24991577249896393,-0.2010040591878993,-0.4039952455970092,-0.4139351567257036,0.5375719046428241,1.0014941971692175,0.6311689685669969,-0.02414744982479716,0.24415624210005782,0.22284159660401137,-0.5239942661151866,0.25061697155029405,-0.17239210917523806,6
-1.3084363978500169,-0.009767649449271379,3.158844423864466,2.066591880095617,-1.835169000339476,0.8409036994975786,-1.8285161356328805,0.814176719775785,1.1123871228293813,-2.0381845387566044,0.7078441858188225,-2.8569838004206227,-0.11188190256179305,0.5940291656415654,-0.22938259163972138,-0.5997820339960619,-0.8927775531110456,0.3140119176903717,-0.7444802396243136,-0.7405750685057391,0.965708400742721,-0.14709096433917934,-0.19153753756244984,-1.1383960142494847,-0.4527216779493972,0.10818725585332256,-0.2561916699337996,-0.5751484584339913,0.31867113648449685,-0.44443019080219714,2
-1.944126653784842,-1.527019241866378,-2.0322213615923386,-1.1087102529168706,-0.49996451222208926,0.24794874497854433,-0.6616435898891349,1.0666079267861017,1.2522857173891822,-0.5173060932620942,-1.5596187430017805,0.5120774596462934,-0.4076739698475476,-0.08996074301399501,0.4647211871708485,0.44987021521102666,0.14027284754987904,-0.42410240389462833,1.0685287465951054,1.2412095540405852,-0.6196424211585778,0.5248037881583575,0.9088645301078541,0.04100300540144071,0.19639852279630474,-0.08262225317005581,0.3585464375752515,-0.7273606120084265,-0.27263851773532777,0.07706738517688105,0
3.897587971433496,2.293091358769779,-0.3376223722519236,0.8998999297819023,-1.7121168270369862,2.0858732902696318,0.29532775922873183,0.5889751039888177,-0.01668397632610065,-0.7113893044556556,-2.272819446795172,0.9239674045030045,1.4457107917592424,-1.0928953443840885,-0.032109684436764895,-1.0296358156259118,-0.05359753061246886,0.03170412521508913,0.03220644148905987,0.4496377156284874,-0.11615196451203444,0.616964856169148,1.2827700141813974,-0.24764352011095975,0.5997025368937665,0.2405961771399912,0.7736205285449987,1.236042491867871,-0.4238493466343006,-0.7073197304930939,3
-0.4352319817493771,5.075798546201691,-0.07987180683210296,0.17824649015934463,0.04158198611038006,-1.5071257471367174,-2.363774907201356,-0.7943904573458264,-1.076102449431152,0.09518690993056705,0.5945831722382396,0.19060665610912605,-1.3636919681577049,1.1386960490720068,0.6373917425696849,-0.32546575775539893,-0.23324504774951477,-0.453931928219887,0.23848143344610404,1.236062797778572,0.05447793574268326,-0.35153516843185606,-0.36593007775674535,0.4567014731586379,-1.0785751813895295,-0.18577458998811103,0.4015484034186957,0.594306817928929,0.19230522846765002,0.15344714112671148,7
3.125012728921343,-0.7721043947827584,-3.2164737524055513,0.8015197419797605,-1.0847761241303855,0.8614322235284089,0.525417949886675,0.23196001299022506,0.3433084603434893,0.183611370906077,-0.023541377129663726,0.12059504622215567,-0.27497731995833014,0.7634451463253085,-0.18731667880296785,0.8923778162020118,-0.06321615808800667,0.1735068704624825,-0.34489597776381115,-0.3163394832541995,0.06069253269540175,-0.303363495924092,-0.19038798448963906,-0.7167932993013563,0.526185484839519,-1.24083808922379,-1.2304787005485576,0.1969121154668286,-0.24205497153302885,0.12362109653973286,9
3.4610812973591147,-0.6529679321653595,-1.3827807841214506,2.148427289976135,-0.5565297278824305,0.8017674121503856,0.302247839285607,-1.742011087790923,-0.7900837808317628,0.5893651596672677,-0.5876982779775467,0.7948164223744837,0.1609243593416317,-1.2942159736438847,-0.4153892126917964,1.068355171687184,-0.35894241606678917,0.14802023526914462,1.3928057691943274,-0.0061843775832111396,-0.33029986341293216,0.24228617811740305,-0.2924134648004754,-0.14595504746424978,-0.07286820496791829,-0.0827391058783798,-0.11530983122254587,1.0689774286717748,-0.2823301930579551,-0.04499578741222515,3
1.8966371726329856,-1.8258479457478245,-0.685596531039537,1.6572283276264568,-0.18778893478502393,-0.055548882897020355,1.4684120257954443,-1.6476596263292191,0.4589210956402694,0.2720554961474194,1.1318099548806633,-0.40708693747137964,-0.904805813412409,-0.5912784307849999,0.1367624071140522,0.6808581201244384,-0.48956958822615926,0.38508720033635374,0.260466751881966,-0.7355705227821151,0.29916130365640964,-0.531553696492713,-0.3561487557559839,0.025219442698875112,0.35379696945290323,-0.31945713480351656,-0.39896920369584327,0.5215597873231004,-0.5706163533208229,0.39161641963986604,8
-6.653387997319993,-1.365821805422116,-0.1722264543489803,0.6754906893438565,-1.3914219816896578,1.7014481117159896,0.8266800089111351,0.4321580266003602,-1.9342966298894273,0.11390985712095696,-2.1118665930198643,-1.4545427784459493,0.05617858614673818,-0.04409333726167094,0.8159343369943715,-0.6894177534088555,-0.3512468487893685,-0.28664452805451207,0.7132678380406612,0.7432014765164529,-0.36663170195437683,-0.21514713799893856,-1.6875728972473838,1.250340813756368,-0.021842988884538717,-0.06108942195330413,-1.0561276490788603,0.007374241997030307,-0.5132216008878016,-0.5754250215698558,4
-6.238226590303258,-1.1579632374105533,1.2599463270300206,0.8832961869061962,-4.009374355989517,5.678738623404911,-1.2831432686949262,-0.21422863446404075,-3.7332462732462526,0.292900231466109,1.2171840246020074,0.3221000723033328,0.21810552096914998,-1.1894987264384986,1.3925748834577183,2.340883270547595,-3.551896365935653,0.2555947023219117,-1.6752939320806035,0.9831531128597586,-0.9896768290308517,-0.4906957306161209,-3.501944061041695,3.7942265547341054,0.3231743907696952,-2.438306331845838,0.7036027832438407,-1.5201595198126339,-1.7548690851975293,0.3602735760511122,4
0.5478649686595644,-1.4139863141433584,-1.7697446870104225,-0.8938891206149177,0.675075861244019,-0.9089518640731526,1.9206210881191228,-1.3717457599781053,-0.8130255128174534,1.02834299819917,0.2292558691143554,2.451236838047542,1.1462714826368403,-0.5061134932064023,0.3222601754112869,-0.5297519459775922,0.3803661410983559,-0.22332567005733509,0.013629341157544413,-0.030857523305979805,0.49895603320193255,-1.1874026658216623,-0.270185582997224,0.5172655093315869,-0.36956042445450343,-0.24310499072852193,-1.6758401211010183,-0.2199524336868579,0.8243420961694067,0.19141295271755673,5
-5.063908065186757,-1.4123837233993477,1.5270291226155701,-1.2178907469298852,-1.6668430497641928,0.15170950512893047,-0.7126266455647924,0.2915252154506428,-2.1200959038230502,-0.01813287427268395,-0.9571886243997513,0.026489522594205308,0.7615588545843558,-0.694788705612368,-0.27788158533326224,0.5753277876489342,0.8159659023544273,0.639336743171314,-0.6103231596109635,-1.3080658769080364,0.3329510041183468,-0.002153974341408824,-0.8617877178356931,-1.5377500051532,0.2787395335818601,0.3797731806086645,-0.978139927015559,0.055832861277238424,0.23811321268888672,0.3976903775833101,4
-0.45354062823282093,3.9861221725813594,-0.04014103185798174,-0.7009362794073992,0.37315072580771763,-2.563481915960623,-1.9823325003560683,-1.0926781608428555,-0.5709914920161738,-1.2746028365859403,1.4879475336454377,0.5393707317787073,1.4859074002309889,-0.3513187400679213,-0.6065613893722922,0.41344669681744933,-0.12364328125218985,-0.04323565315652283,-0.7868617934490243,-0.24236191874888263,0.30192505740214726,-0.24039690492194907,0.6727735651328267,-0.6349259246627916,-0.7089155545048718,0.773599971531462,-0.3587373559983137,-0.2298006803400069,0.03670428461890692,0.6564505791768113,7
1.792047985333016,1.8507117455748516,1.7498310813718325,0.1312599976560017,-1.461516750961837,-0.4379656648355898,-0.3530757305317493,0.06620087031213254,1.7893720238692903,0.620745588244208,-0.12028026905120134,0.6456127555153023,-1.0336345863097094,-0.47889158896994866,0.44187514357518065,0.6336698130102032,-0.1970902830185044,0.24864332019576366,1.0657399156394574,-0.4724984152659734,0.003950493731647221,0.62266728907526,0.5117389649047464,-0.0029121567006559533,-0.019533193463279034,0.5009779218460347,0.13548712802597804,-1.6512211251230469,-0.2765707833700328,0.10563286803801095,8
2.992813370886424,5.656240215612816,0.8239876579111007,-1.0439805079754567,-0.27570755583317585,0.5353487229148528,0.8885590825113072,-0.9842697608234886,-1.0212572387055452,-1.6579502288825447,-0.5287548471809367,0.5311383018534462,0.1769746109386042,-0.18641621605662617,1.2077305497472837,0.6939094774924772,-1.005335711518559,0.0022298293996416423,0.860486736804549,0.31691781531718194,-0.5850524870036997,0.03284919889805853,0.2987062129130441,0.6955755633229216,0.3037475387274118,2.316788299907042,-1.3601516782369447,0.5273610924656902,-0.5560215333514024,0.03621951661124032,3
2.365694387162683,1.8243532111529541,0.4311313694350364,-1.9007342799463767,-0.13391884951373595,-1.6598996107663126,0.5493045015265874,-0.7779836392193852,-0.9218916012951576,1.2418212061393887,1.622655769919223,-0.6933913717777078,-4.388783274039257,1.4348494868438098,-0.3190555067371151,1.337506125712525,0.7229192646585503,0.17732804815480224,-1.3922212703835133,-1.24950689624304,-0.6191498879681195,1.028030848193961,1.5914685271908786,0.8397551839207124,-0.24876355566503533,-0.6385422649434143,-0.8026572562470817,0.3172604742172824,-0.9578162973451028,0.6478845698626965,4
-1.211813899708933,-3.85563986500375,2.348812130637784,1.8296958116382032,2.1961542498504465,-0.47574749827613483,-0.5739030611109268,-2.978333075514851,-0.985361277808162,-0.7457894864751076,0.7635520036498514,-0.694925616278177,0.7129614635783481,0.9227615073326265,-0.6173215202366044,0.0011666790505176687,-0.2604338617529954,-0.6505179387894886,0.7910378403651749,1.1794661754460585,-0.08830325783264685,-0.4927199390392761,-0.319017187126323,-0.4099958442943353,-0.450511425648844,0.4936558854181145,0.5973116133006113,-1.2221698495777442,-0.14913921727211157,0.8343822255948176,6
5.642065033436118,-0.19900393440333522,1.0969870683341338,-0.6896099092958928,-1.4496458887715233,3.186060353787208,-1.540220302834617,-1.5905555212753046,-1.1119360431505896,-0.9213485106733441,-1.373861902225109,-1.9148958808160348,-1.257492199379575,-0.1135209965497709,-0.06911094072956733,-0.7601600975347134,-0.39160041533909007,0.7759683107528907,1.043345822037808,-0.2059150491511734,0.9174913231083999,-0.20770242082070897,-0.16517307471834244,-0.5613051046319215,1.1215673494597065,0.6586826315424483,1.8167068081520021,-0.7106688996955274,1.480471901611862,-1.1094580610282456,2
0.17678838821618836,2.912056944501967,0.9372630374716895,0.9217211153057511,-1.01191329108415,-1.787112390295193,-1.976499313225651,-1.04773433080464,-1.7206375825809446,1.1473725138957573,0.17464692932532447,1.1064185900458952,1.0145286611217252,-0.8577186208367199,-0.587249468758809,-0.09751398513458066,0.012852106396210922,-0.30111208724517297,0.838920187533309,0.17622432552123707,0.059092144498629186,-0.21746471111451934,0.5759686955217398,-0.4318286431610909,0.26725574240714695,-0.617680203295263,0.13789182418364737,-0.1571607976859941,0.21514989630010156,0.6534007100358824,7
-2.3555408074079796,3.9460735183085864,-0.6353508089834093,-0.06827319973209538,0.9308725793046538,-1.7947923621261248,-1.0314375646289418,-0.4077557275268269,-0.6180668088123275,-1.9519014185455936,0.7605308753528399,0.8042214403037627,1.5106878914479323,-0.09178662849880918,-0.17986704790631305,-0.2057361018237234,0.14376951043165925,-0.4062805458472722,-0.5837904592337598,0.8503702319698927,-0.21231711795043945,0.22564616509119365,-0.3007018024528647,-0.6303820865125993,-0.6904815690631866,0.6773265200808843,-0.6990495208468397,-1.3558119584758377,-0.05601461309661606,0.2966421375242833,7
-0.6072974931530554,3.230313014104116,-2.3997633300875822,-0.8358386925523559,0.2570124092754645,-2.2081555803102115,0.6795666575038442,1.4978682527305966,-1.1423537630499987,0.8224957603953627,1.774978804220585,0.3392954965072171,-1.5421908273401468,0.846849565043805,0.5529129200236875,-0.503628016006294,0.10201670442531426,-0.0556434105345779,-0.16780311918596505,-0.3103801995991325,0.04912527427179612,0.4772318348047493,-1.2072232498733493,-1.0343145961725764,0.6734586657699841,-1.1250661694072455,-0.3951482916147645,0.47090074064709636,-0.3594495505299645,0.9328195988775985,9
0.3655792561064433,-1.6446022938659406,-0.060678794361316075,0.892164882812961,-1.2651817030487307,0.14644047838733668,0.621336528866635,-0.7256060293701534,2.602769754701942,0.9535232747437299,-0.6036029915219921,1.2483604007412294,1.6799704283373291,0.035764419008124874,0.18668137610607927,0.4247952133728377,-0.036041421622594834,-0.04454653511355889,-0.23310723542746842,0.13928815248687165,0.6680663389327657,-1.2081338466987315,0.18311518624372103,0.03629107791166028,-0.3356091902861129,-0.1376208630165449,-0.37606226694626627,-0.03979292776059194,-0.0818440722532907,0.3289442168018406,8
2.911550443886597,-0.12595750531666072,-2.9720230558373033,-1.6748367919996165,0.3861634659788569,1.0136237342623422,2.893667306108365,-1.5503574451063973,-1.334611228058683,-1.1777946521776326,-0.1534199420096059,0.8187384712854868,0.893991628942291,0.5602944202811676,-0.20736589875411332,-0.1814384286874056,0.03105449987662334,-0.18108352040433778,-0.03328136058475883,0.26137898166755824,0.355971843226534,-0.34483964274132994,0.07645610973960955,-0.451925326931197,0.0881937376373846,0.5757280941951601,0.5222535784483727,0.08181563650568933,0.5978868531728526,0.07639841263861988,5
0.10216305669719733,-0.2265347618429584,-2.672315359929858,-0.49290090040382,0.7746345562470289,-0.1308749809879393,1.7700265356052183,-0.44036119984650063,0.6003945835149502,-0.9801180305419335,0.01665263429375654,1.9750093433289622,0.35048040995587965,0.37182393642551476,-0.29463904984545547,1.5081253088502908,0.3934440561920367,0.16472208084184384,0.027706637890180384,-0.009712465651205475,0.17707993989316256,-0.03397194508735385,0.34298011400604816,-0.0455513904176461,-1.5184768238340423,0.7597440793113622,0.6299217918902452,0.058238916481951473,1.4076887816148438,-0.27796797421597924,5
3.758918164496052,-2.42002820367221,1.3794987852396547,-1.8277543986434177,1.7752400521159726,0.8200954677938711,0.04662856000125585,-0.36688027533740103,0.8266053645758888,-0.037850238140023765,0.024744890392129366,-0.6162557487701433,-1.7666449138722917,-0.06574420391464184,-0.4963210114928573,1.2414877002194225,0.33033898546771334,-0.3060163833182539,0.0006050042845213888,0.9181560856931784,-1.309180378671985,1.5977735263939954,-1.3064233081705967,0.7459334831257296,-1.1857088786789534,0.15687783935427282,-1.807735757541069,0.12133346970592424,0.0957905394976975,0.627064334124705,2
-1.164424279750075,-2.698241149652606,1.3692343037426635,0.6421700652360129,0.16386366860423007,-0.38859550401412485,-1.2543529929873167,-2.082260265398534,-0.019942197658395028,-0.7830361308562817,0.034316879451283165,-0.3377917102366247,1.2555748985372466,-2.068097865730758,-0.8207162864392632,-0.9055942856105402,-0.1041033261838317,-0.19590953726322863,0.34671331485719536,0.4347185242793937,-0.019049492008825806,0.004815316023827797,0.741272004293936,0.5028227242677421,-0.7636030229755093,-0.3161767986041784,0.5587045048585183,0.44971759966794145,0.7218888957147517,0.3738089255676568,6
-5.996413777726404,0.838272469553049,-0.5333453567462495,-0.4103118368366459,2.571162885751228,1.8293906877213901,0.7613487098038257,-0.7413960486164026,-1.5619516701903633,2.1156517116274864,-2.0822954696587015,0.13186581466906433,-1.513262551935898,-1.2749612333877354,0.8908639360121307,-2.1494785625529897,1.3539522326626443,-0.3158199385349036,0.9904558277421882,1.0037892842164757,-0.28773238554143077,0.9045804805538266,-1.2639648830240207,0.7013013364099819,-1.6124730037450654,-0.4715813743367546,0.47633357847005287,-0.6084038256706328,-0.7425912885048306,0.2803984237550836,4
-1.0338768218399488,2.99565610722709,-0.26740811711390117,-0.2783734084503409,1.1297723095865133,-0.30631690398004624,1.8612574704470932,0.5156709059512739,1.9640046185648874,-1.7922119606857727,0.24046955688344077,1.2195479388939263,0.5459968421243439,1.0435356913310438,-0.38724489508036597,2.316199232032254,-0.050523272343455085,0.022837672169313226,-0.6111348526301119,-0.0666191956444243,0.11576243765618906,-0.15254302292124094,1.034421247503225,0.08228307176816144,-1.432808771403716,1.0109792643885203,1.1535641227526086,0.9331842591691031,0.6229759661633908,-0.5986932941544008,5
2.8387990966270396,-1.3807304554382402,2.1775072848921226,0.651138318544238,3.0458487759875954,-0.7588929114937688,0.6217481780242412,3.6855424123469205,-1.772487580604673,0.9995592116429707,1.1373810126691628,-1.1589962120994828,-1.168902032875954,0.042969191071486265,-0.9072419211425379,0.8437800105893343,-0.9115369062840933,0.13915175875758387,1.0211891095207202,-1.3786355011979514,0.18625444982739842,-0.21418617802959283,-0.20450141337116154,0.6385130779682852,-0.1848614206452047,0.2149071894899046,1.241433938912415,0.7469096602951907,0.7414855021526466,0.8663604333920792,2
1.5133468913801442,-0.9809684321928656,-4.085821422636311,1.642681751343094,0.9407563886232843,-0.6155861908761783,-0.7794913597948506,-1.391188776190363,-0.5105698368465102,-0.42041731299887314,1.2767817362362421,-0.05018582357052251,-1.2959335380884165,0.2826191958476701,0.5454806082410624,-1.0704437423335857,0.14641828315424288,0.14290749439346517,-0.5685427658392286,0.34976865193495515,0.2698495840374461,-0.5234865312740442,-1.4769627180392433,-0.3601583940505879,0.35646049489902515,-0.2116220239074923,-0.5759909378260084,-0.39370756653459443,-0.1566849074442562,-0.17886571304746726,9
-2.3727266999956913,-1.6949848151008846,-2.9082529579442404,-2.6056620912726465,-0.8979704595613552,-0.18252558544297653,-1.5627465238926952,2.0016009710578997,1.554313967584427,-0.7257782202270517,-0.9902434034903036,0.09308855225923793,1.2993670706788296,-0.15816037170690028,0.7406482170273297,-0.807438608008619,-0.4268579751229017,-0.11974045824782402,-0.3702551288100418,0.17879520550830022,0.23541422578471946,-0.6966873739655005,0.5633893733348665,0.38308848094801634,-0.005524752076752438,-0.1429781039723859,-0.924071392151721,0.5663726056904382,-0.38102087464316,-0.7214388176363508,0
0.5157863501107794,-0.14981458220666322,-1.3497007027706993,0.234962086000835,0.12229591609449712,-1.2871862066794215,0.3820721928423358,-0.7699850761658849,1.3935385888230394,-0.12137761277413156,1.8707513356402088,-0.7327286637563715,-0.017498264437420186,-0.1991198123225627,0.7445558982056243,-2.175568965680994,-0.2512119989081366,0.01846323983852448,-1.600027124096565,-0.4283753979575038,0.3550300043573463,-0.6992143615204707,-0.14879218645119238,1.1440332567262081,0.11796623207803567,-0.8143174582528645,-0.3516073269939001,0.3432389939355371,-0.43884376695817706,0.768649128691143,8
2.553006458971199,-0.46130715229392044,-0.0962221807538222,-1.217169401976806,-0.4177033544425744,1.4567810768876772,0.36711640611830115,-1.0313553247242293,-0.27467510674377815,0.7624462069406068,-0.664921453025192,0.2803152508169947,-2.485567130436925,-0.24264881213661174,0.3382236356689263,-0.7087425195082439,1.8884412793468213,0.759992839862676,-2.555834853471002,-0.5785459892190198,-0.26043318094203544,0.3214096322576622,-0.4584852854250054,1.383323253344795,-0.17089953659565502,-1.4776434549235167,-0.3654425723708044,-0.024379296884280442,0.7320391215737283,0.4685310746381145,8
-0.5483101960135132,2.7390250991841905,0.99544319542085,-0.5670085542370995,-1.0694294009017646,-1.877945939285429,-2.429375749117129,-1.4350850832230386,-1.6789306457097037,1.4111391324305604,0.4528162667707071,0.08513752772121555,-0.36105980779026836,0.35843051287388283,-0.2383099872461356,-0.039046355540985206,-0.4044989152506059,-0.36189700172890127,0.8865583861667445,0.22125219924704523,0.6611682609001168,-1.0207461782583456,0.5868973694473058,0.11324629669300607,-0.5507167456759805,-0.7812234164568006,0.8541607216478524,0.19446286444176794,0.2118083669070085,-0.183089436117684,7
1.3314674700510298,1.5592061167871272,1.1430839125735655,0.8305679526823094,-0.2630995583825738,-1.318317582444957,-2.105491154371066,1.3787086453512354,0.4241023832915496,0.43399244598921,0.30812512080256976,-0.08615641778950679,0.40392784908046814,-1.0054800604410443,-1.445054835872346,-0.21239355718685682,0.1444254429702055,-0.4111275051459049,0.49554055590831536,0.23764626323514215,-0.6887171185805849,1.7838144465614778,0.005329307580344531,-0.8401030764158687,0.44320529595293856,-0.44855043275711465,0.7252389340581473,-0.16871002996457124,0.31525458121535455,-0.13163805862922132,2
0.5943807371935022,-0.21945710104885752,2.020248483660352,0.4871099373517092,-0.8248102479249052,-0.887804741986277,0.30862972199512057,0.46973945763683955,2.946654435124579,0.7729308948807195,0.7674767149788058,-0.1310973454823141,-0.14869627560534188,0.07272839095328457,0.12196779074457206,-0.7880282357502106,0.0402193627225471,-0.14121637236271145,-0.7046218841420516,-0.09956873434533349,0.08452988717732711,0.044354771684741605,-0.14277047818994296,0.18658927163283717,1.091343800610252,-0.28054975603256627,0.5624293299754621,-0.1969523374867239,-0.2242578113117878,0.09239044331999001,8
2.816806662253317,0.6266710649761412,1.592304717112044,-1.8788385487752843,-1.7677084394210976,2.2638474586840434,0.5385311579654735,-0.6642179639912262,-0.2115718280254685,-0.3289648458550277,-1.7287741768705156,1.1410370570507735,-3.0663055848594163,-0.7013844911742113,1.6693389737682929,0.15884624759466823,1.5852935451421373,1.273996022413572,-1.4168866526820227,-1.1117699483128596,-0.18965388504035993,0.5462772336205222,1.0330679930881637,0.19597618818488055,0.842393487518309,0.4251613407790388,-1.8832241311978055,-0.38964671457991995,-0.25171420600274774,0.7532245432690897,8
-1.8068342744090886,-1.801998502290513,-3.2149632811212268,-1.636390210935617,-0.6607143058983083,-0.13718637807696762,-1.3729681059141143,0.3837852044556576,0.2671632052576229,-0.5625492611053595,-1.0483032080679793,0.10355059693435283,-0.5857588111109782,-0.42213611047066424,0.6229231188337414,0.40669718433860313,-0.38838967091253296,-0.12242761016516568,1.6686707489042465,0.4913726690332541,-0.486305655858195,0.5621198091882468,0.682554961125437,-0.053871956109773834,0.10211584177283285,0.3414239116624717,-0.22061145023631526,0.157300346884912,-0.32092908537104087,0.28737581395381206,0
1.4094059966168384,3.1980112499436015,1.092614454117153,0.5796920998329685,-1.080312190454837,-1.1084756778883504,-1.3094164850003975,0.3842409194466096,-0.8216440501694313,0.14720171405490948,-0.11642004862815747,0.9122751367999637,0.35243991946117986,-2.2896201861699215,0.17316019869559782,-1.013268652373393,-0.07066189452067308,0.11885588975163836,1.147920091002667,-0.16792856069225687,-0.47204166224867256,0.982073816099962,0.14531986338226963,-0.10814712008308142,1.0964017650414368,0.14452534005759235,-0.5014259370636507,-0.6943832948884757,0.2344406034674761,-0.14120313380300661,3
-5.541775963828134,-2.1856316583904363,0.6086939466528695,0.3366856174879708,-1.616394456124351,0.46926789129231017,2.2129963931579493,-0.7165693879461938,-2.5752226799614157,-0.2292297944277057,-0.9830187117319762,-0.3927361198142789,1.0171071346876392,-1.2364141225353624,-0.24972134031884427,0.14374722753950112,-0.13103765160934133,0.15594850288949397,0.8448161501220592,-0.9482121396790233,0.1930764239820617,-0.37118569293610326,0.34702813452877945,0.44956100033818847,-0.14960297723764404,0.996176585580921,-0.02874405412688375,-0.6515785186414927,0.3607018719233878,-0.05734345364865535,4
1.2185815878702486,3.671124547337143,-0.42688556736250777,0.2607751799882348,-1.1340120063484678,-2.1130021779953685,-2.8539083060845876,-1.9725241319811284,-2.6554346576073296,0.5862759811886494,0.9115250469003651,0.2986232724483364,-0.4820675435497964,-0.30787926438539803,-0.20906612097864313,0.04992375139919544,-0.3493279534834948,-0.022761871503361515,0.7019994406623351,-0.3077302004529479,0.2887140901026309,-0.4878724572536159,0.6880404696952944,-0.49602761486621183,-0.07405878598378748,-0.5332244808694726,-1.0536241207630892,0.06508773786452271,0.07310155947019222,0.01845914712845456,7
-2.7605278825166026,-1.3545944866564588,-1.5657069283794443,-1.1495416533424452,-1.3603589353411925,-0.7326131625168489,-1.2714626031242244,1.670138404976848,1.8763012259946767,0.5293653876449768,-0.7297196425038721,-0.84261259197077,1.555256298545806,1.2503260553036915,-0.06708336491829656,-0.8355465533551023,-0.45230377067704974,-0.7187677503883878,-0.21361220284717336,0.6483643948518085,-0.13206833430350876,-0.541295076912957,0.8541547926778782,0.40031069579853673,0.5947167926463436,-0.1846380265502159,-0.5472292473287073,0.2957857512505776,0.08972313846362007,-0.15373617887034466,0
2.61661834136075,2.9637692685242114,1.0972526591868765,-1.7623496094012714,-2.4958130307194955,1.2476281593102454,-1.570649011611311,-2.6050654836243297,-2.397343877714469,1.118853603246076,-1.465593135750073,-0.9324294317864633,-1.2527110252229345,2.378437452545689,0.2261536696525731,-1.1524948233527497,0.0075137540388255045,-0.2989981103590229,-0.3596771287656168,0.6621214350923397,0.9467307226157516,-1.626039843303241,1.3933007754183468,0.21446558590517997,0.5423600135053338,-1.4945684966742603,1.0835759489282457,0.24044727717237738,0.39679466865146146,-0.745375288861958,7
2.3970974825777946,-1.5802584417221304,-1.1821733821987035,2.14204259300593,1.0943709802897936,-0.4346572359973652,1.5452507079664863,-1.26156378156156,-0.5620715309116256,0.8002475376930033,0.5232340013816017,1.1920454304718902,-1.6246450468038878,0.19138838874145425,-0.04221790906229097,0.49794462062851075,0.6196323943348363,0.10382264808628079,-0.4816483093336886,-0.04000789393629587,0.3254187238607854,-0.8826403718266559,-0.17625410633216995,-0.24385009413210662,1.0188562996654138,0.7189299071838071,0.6473631719267032,-1.1583076600779567,-1.1538959856349387,-1.5330788590448174,9
-1.0804234047492138,-4.448712464610529,0.02921799494083267,-1.0515178132273943,1.8312938919176842,-1.6417139564880099,-0.7044728841962598,-2.642109141155337,-1.379929211529343,-0.07973957254448232,1.2832302735581256,-0.5480820367960599,-0.1161638470152725,-0.6874919859463002,-1.0249326009948823,-0.6854585527138772,0.3741049890854429,-0.015440119494201321,-0.40236985880933623,-0.3124604332260559,0.16481629004205078,-0.43149051661451904,-0.18667621832499312,-0.08015833394835667,0.2527688027426584,0.9154642029902856,-0.07609089247522095,0.08058505153671576,0.8072500529581732,-0.5523307490476164,6
0.12458356516288625,0.1829067492905821,-3.7633995289876188,-0.49557393857554316,-0.5860320448675564,-0.6162181905060845,1.8665757700190249,0.314072898785491,-0.3951751745294442,0.613590500156836,0.23075506204322724,0.9774905590069964,-0.4986999219030035,0.7385998515183076,0.3386576218463692,1.2329256193314477,-0.8213168555272088,0.053727857660794624,1.7265179944832945,-0.27883371652200567,0.32666330669743143,-0.6099403411539248,-0.18805750753266573,0.051400460395363765,0.25064082647526653,0.13192367638153668,0.27534775045530796,0.6498206668124895,0.8634602385619989,-0.3962457968071565,5
1.514486553663273,-0.8784288255903112,3.184149876616555,1.0074997849618565,-1.7403637061580786,2.0945172391539306,-3.3819287856624065,0.6398281091851624,1.4249209662430242,-1.1223455330871803,0.14503735344287969,-1.6960027898613244,-0.30690911117823083,-0.5330838358720991,-0.5537368038428604,0.15757014573026376,-0.039670938848017236,1.2371957895113774,-0.2039780039026233,-1.2783054514919627,1.209352890631836,0.14785030564564608,-1.3544996062871397,-1.1770825859514291,-0.8065741963766191,-0.42956339119452797,1.236134336203936,-0.1345015899838291,1.9620789269733305,-0.13193698523981903,2
2.2050260659727403,0.1760414523699591,2.7160205258150194,-0.16697529267464528,-0.12999275411529315,-0.20471479427178652,-1.1198799663644783,0.3556213841029027,1.7405495362422538,1.2545464950274587,-0.4233312166069021,0.4432318239140209,0.13506857785590692,-0.5073941681089245,-1.2426609161946542,1.0352397440813041,0.019891356964027163,-0.3733638485697837,1.0764215542510234,0.5214020545726394,-0.4682490334676601,1.3009711499301182,-0.5902775308495147,-0.13507889516663135,-0.7055082083353417,-0.15616059353904652,0.6928722240629676,0.3192692866277307,0.5128122083657656,-0.4088103794451742,2
-0.2219261345217945,1.5078990433293906,4.389917551990043,1.7333725717256676,-1.314205548218103,-0.26030371827315557,-0.3443216549840701,0.1000531505357925,1.7201823780163799,0.7340850661577752,0.022923710295110332,-0.16812210750713838,0.3272669256675826,0.18429764260305226,0.01765437504182101,0.012058044711385685,-0.15642413394980867,-0.17318923385194673,0.4571362172284105,0.3034503565591466,-0.10742779602470864,0.32953046819099696,-0.9490213546379214,-0.7647381974565631,0.7513129415346657,0.5623431036241777,0.09585031777698565,0.30525809486271327,0.04628572486585302,0.051630342561351815,1
2.015342750061962,-0.7526023997037038,-3.3498918124211867,2.5445203627830337,-0.06979335985810713,-0.7026071421583777,0.3478027314039703,-0.03324607835617438,-0.02933126662860913,0.42718888778764724,1.1126532033729692,-0.35053931893653817,-1.3966165661941452,1.0667847186575403,-0.16183245588005984,0.28742094488340875,-0.1454005042089896,-0.09873466381772575,-0.6438229693823827,-0.1701345604394409,0.3250214519921724,-0.7304269906615575,-0.28748696436832283,-0.6461223205231353,0.947680255354274,-0.7037429544125956,-0.34718130107055223,-0.22927016789082919,-0.4095482457308022,-0.1512795429148108,9
-1.1947041874551823,1.1007352414223648,1.8786812130951454,-0.19095379556439196,-0.8635867808627832,-0.8511255283644057,-0.5734640506107607,-0.2131724510557378,0.4739660492136015,0.048532566268227585,-0.19491635823532766,0.6825631422940617,-2.0979649730521186,0.17329942163442882,1.1823172956369616,0.40806169941531434,0.5029932348625571,0.1921232416320902,0.7144663143030869,0.43627756868391526,-0.2583286384680883,0.592786210190542,0.3668751279637924,-1.1743286624003881,1.440388579191439,0.7691919968296461,-0.04916440708577894,-0.3118390356049416,-0.28738650772083757,1.2018357561835935,8
-2.060060656293695,1.3192423764279881,1.5563671984776462,2.247658594824807,-0.45098421840086206,0.4435643599653717,-2.2869631470826755,0.9270904228618524,-0.06182207495116927,-2.4007323512018375,0.1668808654074611,-2.9696408547046356,-0.5070850890251828,0.2609060278496268,-0.15209691301896994,-1.112258433248917,-1.011327377077761,-0.4057926381418391,0.08926409880906631,0.9557553448443898,-0.45804364413522036,0.9494961378419384,-0.7438106354316714,-0.5501779535195181,-0.20379644111604384,-0.49770272019021405,-1.233652967783163,0.4554104061350956,0.1245274337061567,-0.9089849644915958,2
1.793326939825039,-0.9281071721656003,-2.8361470507655695,1.452894287611868,-0.18765209464886878,-1.0728053552172823,-0.19361369181924445,0.7585706247267833,0.3149564995959495,2.1150842505582768,0.6664250626788165,0.036941441828702654,3.3156685228914795,0.2967421767592181,-1.8350092725823788,0.1695265910593574,-0.01976658190313607,-0.2977797679872798,-0.4512527554438365,-0.6020983603667529,0.03164448632464812,0.3561776617161796,-1.1157079915672867,-0.3092387496011328,-0.9183972575299078,0.30770837492175385,0.09061166553740717,0.086626990131222,0.47499023196463336,1.4312327201817427,3
0.8264034336971027,-1.1011691970670798,1.7233100149220373,0.30371541141336816,0.14364760503683716,-1.0489168301824328,1.4539527863594013,-0.15470398085596335,1.2747922863025756,0.9465687026154348,1.5451266177708995,-0.6340202364223159,0.23771639425239455,-0.6412095056126865,-1.0746302215268269,-0.39934043975113687,-0.5832941519032772,-0.33640543693294545,0.25472083659098366,-0.4888816694241335,0.08866463277194636,0.27542321722307916,-0.16507387561559145,0.708780264484305,0.10447695239669653,-0.8903181966767472,1.3169327866002445,0.4665766922414017,0.15889839612631784,-0.0330897395591831,8
-0.03853374695299038,-0.22756774693490045,-2.0229485952458384,0.9056815068036943,-1.1998324149386177,1.1146305016163254,-0.859430513107509,-1.0554759353383962,2.40625136175393,-1.498220619205777,0.33384171463197937,0.8860357891927928,-0.7495728665929888,-0.6533445358874267,1.5626366397235185,-1.500950534679982,0.8927515686274441,1.2957521584002123,-2.175857980613409,-0.6163217862788088,1.31526018203121,-0.9268582110040251,-0.5604408037961125,0.39662554505291736,-0.7254519433138795,-0.8269960072555746,0.6183883345148709,-0.45059681310931443,0.22764054131521216,0.47368489757817517,8
-0.09920880494262654,2.053065885675232,1.5759739036269615,-1.146785375098407,-1.627005100280265,-1.036465431631673,-2.7807700480800635,-1.6084309277744109,-2.036125342828232,2.8966113016123085,-1.0491605300880618,0.48588500319090094,0.38878671717333624,0.48410049345931017,-0.2352803907648343,0.05463266119314816,0.17555232329935275,-0.15539831134963117,-0.014668454893607975,-0.10772585566587882,0.7178628469703953,-1.6987775090995387,0.2938349225289049,0.7113621995240593,-0.21363878019639435,-0.06643961075290578,0.6808922398165785,0.5908596828332191,0.23857964416769303,-0.5761618511027381,7
2.0337419514916455,0.9550042149286259,1.076616511123145,-2.4199443856562737,-1.3252725714165354,-0.876030167101361,-0.7312661051479171,-0.5920752357260731,1.7538452118084804,0.2871267901342738,0.8883106521100235,-0.16757735516552053,-1.7214133465586268,0.22503829355395852,1.3295762443450354,0.553152293561171,-0.7858537805403063,0.21706318066215413,1.060826618795742,-0.611361548646441,0.18447213895893433,-0.2520198947346338,0.11912253425030742,-0.19577071316080671,0.919001738757823,-0.1271767616403765,-1.708360369405496,-0.438003997894971,-0.38132892343332797,0.7489855496433426,8
-3.348385389862219,2.8355876678294156,-0.6703666368295881,4.700288217367041,-1.031395016519395,0.6934866833633332,3.5070185605319346,0.5123526989784719,-0.7147134935474185,-1.3647782576155225,-0.1820511604166202,-0.7273624813887888,-1.0120256333315474,1.1062977799175044,-0.021399551185354592,0.08091924716565448,0.1856911985281328,-0.014585390675446086,-1.646534255602384,-0.2990059481249857,-0.4401447318148201,0.17763721289882647,1.4729431993955964,1.418068516379816,-0.3323872967242761,0.355623237387382,-0.06816381646566105,0.9999250775322992,-0.06181450816295318,-0.8874602508597129,1
-2.200743685654114,-1.3453640833868432,-2.259773246955489,-1.1959911195172213,-0.847460209896051,-0.6566703625970918,-1.2605824014327727,1.955865431394534,1.169896690824783,-0.12744811117379765,-0.5745281045623114,-0.7031595476613681,0.9657397062979308,-0.056590407781339315,-0.28064874581867527,-0.6795187350508791,-0.6979736542229057,-0.7615081674726815,0.9807654119421008,0.8145369544197283,-0.2968639291921643,0.38088036614947907,0.6496930659345878,0.0258205846544907,0.1432629570618538,-0.8525617829412042,0.035452738105209526,0.3481465317196408,0.20471815718725359,0.12786533477950723,0
-1.947996058594925,0.4095913704706347,0.8464850913866218,0.5766999044552656,-0.9545964705274833,-0.4201884559996553,0.642289705346926,-0.005299906593611838,1.8228521928046972,-0.9087438257622658,0.3539033779081923,0.3496282428549622,-1.482114504625321,0.05540357792116774,1.476700111681769,-0.7198641786667721,0.15856473954435693,0.3139037629362824,-0.24764849597390615,0.08912854484629613,0.4101474176993841,-0.03702676162844806,0.005747866583092783,-0.8511971686332854,0.8488761056275504,0.1795162826701933,0.13199529945373353,0.1561892461565937,-0.45736107788272656,0.2869984563613473,8
0.6076562927577278,1.789740990381339,2.942674992126192,2.298361397289326,-0.7553321138374013,-0.3292777699245861,-0.5880448734940488,1.1231025356426652,0.39629313004339634,1.0187931557453098,-0.3770497100628653,0.20234677886060592,0.9671506319828413,-0.9193972043394345,-0.9977615792179536,0.13090686806039498,0.1165403669379218,-0.2336535709321598,0.8131498997681988,0.31654403923755975,-0.6077961396472416,1.32139030298019,-1.0025589179863854,-0.7291262574517298,0.6138565872454158,0.48108487669490374,0.589238022862843,0.10390377304178187,0.4490655363222354,-0.16469111441156095,1
-6.436219042202007,-2.281649670964709,0.2051304962348698,-1.3765944207974112,-2.3195102930807674,1.8547491351039762,0.025877435094740414,1.4487356529049784,-1.6271140919581606,-1.0661660364214864,-1.378258732146903,-1.233835349706247,0.6090003262102761,0.046038744782684986,-0.057207828307567085,0.5024119299153798,-0.13834881948546232,0.5195855834635777,-0.39226184335340447,-1.0544700473794968,0.6334394376234878,-0.4167440545760507,-0.9828083765913286,-0.5774439890447584,-0.9547696128245265,-0.9987974942221439,-0.9411862916162814,0.540948874616996,0.4259929465368593,-0.34076321507382856,4
0.6047091860652554,1.674523065359403,4.564692466258195,1.1061187221786375,-1.1348008834981274,-0.21167569260127114,-1.13663508882413,-0.30411809575166443,1.1285937373148738,1.2899079145427246,-0.5677955145807265,0.26041216841304393,0.09987136349497133,-0.1402040559893352,-0.14826740315656456,0.4809996495479675,0.09553084871818365,-0.10672170199689306,0.7589725422075735,0.48625126030522153,-0.3899585905479395,0.5295891216178314,-0.6256259894028902,-0.3094683431938426,0.48925066275688595,0.7617294662424847,0.4120414742888649,0.5306386614150592,0.00425610859320911,0.000866759078700781,1
2.3712901215460516,2.652885919230271,1.0862138696644856,1.0645037092562748,-1.6361960733027994,0.410350440272345,-0.2759518747254679,0.17424527193325884,1.0998667970545866,-0.30293573967693466,-0.004048305453843385,1.0555475852361436,-0.8745267201046603,-1.276753321161707,1.3221796591384596,0.038526190226204536,-0.3711569038755385,0.8461421950631469,1.7010635175089528,-0.5730666676444147,0.2670666162443267,0.49332746590254334,-0.6283816014153598,-0.4599672969371239,0.47759348329915374,1.0930602853086322,0.46755398004588555,-0.6250271475886451,0.5468019861267329,0.2442721721972877,3
-3.1610801718746866,3.663735304333145,-0.915454035948187,3.330864548743612,0.2923207905703345,0.2413254973708337,3.7786178501509684,0.88293597889768,0.9128692246483272,-2.2218415866833254,0.6683085742650857,-0.5127258428074596,-0.30806129418752504,1.99455131078421,0.13675972890090024,0.43007742061582543,0.14095418692028608,-0.07439629610169211,-1.9303007877450498,0.17046249839998542,0.004978619423265447,0.07387928997073878,0.10855376004984087,0.5239523607097214,-1.0080071018017018,1.277987036014026,0.435286601139405,-0.20364302031007325,0.4512215860896729,-0.45591659681415164,9
0.29705166931384497,0.6627686936997045,0.5562820652616067,-3.1222183047834497,-1.8665142864052235,-0.7765812202678972,-0.0038238539451496763,-0.23880965261233184,0.991774217594835,-0.12957379590370677,1.326171945152802,-0.5330364725856402,-1.5885332254911644,1.5546475657408676,0.6948094332627345,2.107607339027845,-1.3593786976740896,0.2496746515514899,1.3015434707144187,-1.0221909114855743,0.9830843686294795,-0.9987646713102066,0.7550793465147985,-1.1905233362132925,0.21105239709523924,-0.31770347210023353,-0.0818958155958353,0.7435384120279662,-1.8847359977717875,-0.18943739061329132,8
-3.6458609656794287,3.211056186775484,0.15669004135516182,-1.8712854445936458,1.5993871796596364,-2.0830512890040542,-0.6428693936904745,-0.1003787865867216,-1.0680823050975494,0.11614211268640036,0.6564995368731724,0.11398496232883434,-2.342864339921869,1.7216884561914434,0.316502007129572,-0.12739374259246947,1.1910019831180472,-0.19085532431483523,-1.764798293385241,0.6704270968234584,-0.41541919542516753,0.07754900057872689,0.1277708016397339,0.8338184630232286,-0.45767751925809186,1.0015014407277707,1.300592909289828,1.0873204565828871,0.11949900892192229,0.0018143710716580815,4
-1.663607981101761,-2.849724710370456,0.23448152282906348,-1.458277459035899,0.4670165574376885,-0.9252332575350489,1.3193266904735592,-0.6063722140001251,0.4184871437825619,-1.4349340454894246,1.3227759686407365,-1.0044483275678973,-0.67963766257785,-1.9059046312060843,-0.3126807210668848,-0.9115291806910686,-0.8935127890226074,-0.04173457379501052,1.369331642599851,-0.25912196161757783,0.21434130268785542,0.3528222760821207,0.7202103427627856,0.30535977318069696,0.285526643870567,-0.5985576028448797,1.515472625498716,0.053955540868556355,0.868870676140638,-0.29557372703500606,6
4.052059495451639,-0.43434986390539826,-1.1946715608112983,-0.14676098369256627,-0.9000312264042332,0.3402450471456572,2.951523043854866,-1.7431769207615526,-1.3037597076384346,1.3406026378187283,2.6730158662561836,-4.998393339250318,-0.2193641777952379,-3.073634121112551,5.805405298137226,1.3948809915310139,2.37105847318725,0.5897782309732209,-0.05961340142082808,-0.7572399868512941,-6.8590871946085485,-2.1068746108819574,0.8702664519150093,-0.9619599172855474,-1.0812689528642134,-0.9338727043422982,-0.14632446604738708,0.2799975454193522,0.7024059227243693,0.701434690943512,8
-4.264440456705544,2.998637648981116,-1.6155151850902125,2.0779808602184255,1.1738574456215918,0.5219986435960542,2.2446435274383916,-1.1370309849542397,-0.8260428083117379,-1.964653491226648,-0.09071318093390075,-0.49193049801889166,-2.2243734477022623,1.7336309227012894,0.7003052647692314,0.1609786135079063,0.4488880386549728,-0.25720510772264527,-0.8634750090669342,1.4006839977559715,-0.3925223732693704,0.24710964133758745,-0.03812173174341523,1.6117788451789723,-1.7776734122999756,0.6062790582741259,0.7371576946836645,0.680931790872666,0.9921415598256516,0.10691964983225319,9
-1.2305600852106102,-0.2268010732348233,-3.8402644389929854,1.6226117525912742,-0.4000760268311053,0.6143652504363255,-1.1661997488416858,-0.033213037388162836,0.8393868326363687,-1.9055985797391897,-0.005848100292989848,0.16162186755558372,-0.7940588089045147,-0.12113501175341501,0.8228945664747211,0.34882366669769216,-0.030647492327819215,0.5854073743225816,-0.5413769316500302,0.3209448301843525,0.11426542466365756,0.5135545806316917,-1.5084007386460385,-1.3366874101508928,-0.39951246525744905,0.010080131007556937,-0.6814681252688686,1.5466190046706187,-0.8533840966182912,0.6142636383697706,9
-0.1521293408750052,4.764054550755576,-1.9470751060160434,0.8933755491547812,1.225638270484271,-0.3044665554476535,-0.7417760222629185,1.2776810642835332,0.03962489500564555,-2.4621749883712165,-0.21636540569030363,0.7985786640115932,0.6615618994846308,-1.9186450670973656,0.34870481311122825,-0.6973809385184648,-0.08196446796950486,0.2034557389430427,0.28007029432126107,0.7979195841123258,-0.8001759680492223,1.8323777784504405,-0.7073774410123089,0.3562889792992344,-1.0477198466860231,1.1059356469411368,0.6132082186813251,0.3215261922022109,0.1571772411159969,-0.6159422253407717,3
-0.39392525445075005,1.0922010728342375,4.547574197941621,0.924235469971216,-1.8871284618263704,-0.06509322759868796,-1.0619207665637307,-0.3978221037353499,2.3495511524476735,0.46581570367799857,-0.15530006348553407,-0.5222601747238697,0.3687558749026964,0.04556379091118203,0.5718881194599799,0.17716772035669698,-0.6537921587143265,0.06442864829340812,1.0627763062244355,0.1563931299642847,0.06301818535429758,0.0813279019069978,-0.5454097995309917,-0.48777600718773617,0.5270971663914573,0.986288498740098,0.19308671697863106,0.7902257792017621,0.08876638117874888,0.5014436572921819,1
-1.0433656282265114,3.271765454327045,-1.2365287778632246,0.2399244367656918,0.27242155556434383,-2.172895390201993,-2.2146927203165316,0.40358444644790753,-1.1871250856171665,0.5775693836071287,0.6055584161249029,1.0305834564810796,0.22303284235671209,0.19588512332113248,-0.11794260739150679,-0.9088522435731753,0.6247900055393544,-0.3940015447356966,-0.007877234586170135,0.8192207390538416,-0.03139343093205449,0.47923961470192056,-1.2178466131131072,-1.3305765813008383,0.030129958769800083,-0.1929717334655677,-0.1473328907499511,-1.347779427687779,0.21996188439928083,0.7333388702632534,7
-1.5315618058270817,-2.9498252232782605,-2.021230799363177,-1.9212740742514693,-0.6007603524185452,-0.6726412168379747,-1.027283501386461,0.10111535677653877,1.4379964896684028,0.02957979909723033,-0.11072216453283985,-0.6462453741938958,-0.24333731755218171,1.075354265882079,0.5221588429344889,0.3057656959907964,-0.8456838132121781,-0.4014335706335164,1.4501281143231988,0.5167678822177502,0.06514973468790501,-0.3824088949814898,0.43013823766277726,-0.16288419299382045,0.4672834479235707,0.9556949043002227,0.46224298288339155,-0.029740265665556216,-0.4085562191452749,0.17345178921922233,0
-0.6476363268982851,3.038839955358154,0.28299113713442525,-0.7311394012357741,0.48248850744402577,-2.4698000148409687,-1.233801283831482,-0.04922552423827266,-0.010547698248046536,-0.11455760033631851,0.9035733180305596,0.9162328431443177,1.2814595762083778,0.4968476083812964,-1.1546782578028223,0.2965288263661865,0.6665442663216885,-0.4343039597963427,-1.4850578022462142,0.09572393296385893,-0.059813548515166445,0.12691447517015947,1.2685671214993517,-0.23210039502403682,-0.7256797056123778,0.5251608380387417,0.736050064769019,-0.9990182044765842,-0.29372311286572955,0.3352064590330045,7
4.286838898455939,3.2769201408196555,0.9236199647924879,-9.029456927386041,0.375810241799781,2.1958484864667906,3.6052652315409737,-1.2529704625853775,-3.3585026676128287,-2.4826048214214955,-0.9369479137336533,-2.2079690047434126,1.9343050142723999,3.3021943226604997,-0.673189131620282,-2.478389363781575,-0.7121490803991305,-1.294998446992723,-1.1560838894040826,1.4773638908048368,0.5683154139842473,-0.33028641854312735,1.3586699318365756,-0.9555146706071518,1.5726866514928344,0.3800089974675068,1.6284490631690935,0.9630761957255469,-0.22115212387798439,0.5169314803036823,5
0.39857763131607526,1.147763802003009,3.6152664758397073,2.650866065680424,-0.6587994100752056,0.07661047948476579,0.17746260943777506,0.3062734249725555,0.47697913047159346,1.1529908519829875,-0.4660722554411973,0.4017628999016538,1.108143517701677,-1.3081077495743807,-0.7876816415280619,-0.1092530879566164,0.0172527638414555,-0.25862573777569575,1.1061306854022375,0.46226538898382286,-0.6343154889306498,1.1036772693318464,-1.3335646141666393,0.029314433380669688,0.44537494541407235,0.17572219563789498,0.6369889436097561,0.6748983214156424,0.9023792325072484,0.23117896254830445,1
-3.215315224704878,5.321480463596343,-1.8613969536924417,-0.829379523345098,5.194926179352186,1.0442197162866766,-0.1004495542568091,0.4525453960061885,2.0138352086724995,-2.2118675991078685,-0.7887975670815955,-0.4370500352984752,0.2582002394064529,1.1724598657191379,-1.327209138191663,3.172405605535177,0.6503886639642275,-0.08651295336368467,-0.7244381169351196,0.6961897474989728,-1.3310751254484656,0.5825892778946686,-0.17271759382912277,0.6977554943409011,0.6344466446768728,-0.10643479718875301,0.5156616688739566,-0.5637219337617024,0.08764407752965038,-0.025844542760027817,7
2.5731396249939387,2.775297381350606,-2.5519904654614716,0.8623711008209913,-0.35447504031496607,0.035024098814314814,-0.6010599313124968,0.24075900863794075,-0.10569766142872127,-1.7435923343206885,0.1000938834437985,0.3124486897417817,-0.4487603651640141,-2.649149981712411,0.7159082190232531,-0.4945005693222488,-0.4670886328208257,0.6459611661954329,0.9256338709506482,-0.4776301753534575,-0.6741200769331643,1.4573812334968361,0.2726607616129931,0.1557055700563158,-0.38690558749297826,0.2672675012772403,-0.309010884962968,0.722094296826366,-0.3617511774840105,-0.40092623475509453,3
-2.2343929303565004,-3.475925498254034,-0.5385114979135636,0.10287849953231092,0.07204283552451213,-0.1924923570288223,-0.20054107624799347,-1.009713216880936,0.2622697506223747,0.9212354669950091,-0.9410594647290789,0.9316825315312888,-0.9477404586871583,1.1177234007149952,-0.03875759482074232,1.1303760688771773,1.094984644950012,-0.2194973099636847,-0.8283764649836339,0.8516814684655384,-0.26615637343702586,-0.3781375668599781,-0.18859359178110208,-0.4709602337526298,0.5366011998617898,0.40719778369173826,-0.4527086067944384,2.0916757935901122,0.059025899410473086,0.5873089839489347,6
1.2925137983728874,-1.394656321307359,-4.454229657529553,0.8297710575777131,1.2291386099864503,-1.0832271887391411,0.03946626975773769,-0.6657808223473517,-1.126576854288749,1.6507957569185123,0.8207833158659331,-0.012582352173140576,0.08801611895748968,0.6146915499251004,0.19930625498330393,-1.617413517896803,0.29839556814992785,-0.29708083865988855,-0.7194566784994979,0.2942846412319256,0.1922780565549602,-1.1470752019222268,-1.5135739249433402,1.0611263327602114,0.45366705525152706,0.5946636300188033,0.23769849214004812,-1.731162086668701,-0.1960917345547277,-0.29449512014460955,9
2.4294717371645933,-0.9410201287369447,-3.3250719120961536,1.8715152644649586,-1.0680034435594263,-0.086563956770149,0.08124093593462399,-0.08288792997135316,0.28778818739874507,1.236979701149018,0.3531304277060317,-0.7968081940471774,0.4095787916470413,1.4928271327229445,-0.5237051080050129,0.14446806113644994,-0.3210422390781627,-0.2728728660224369,-0.7433562218550588,-0.3144975720601372,-0.09122245922220705,-0.4010417458092934,-0.09438518151764441,-0.12029112342479148,0.5076623480570289,-0.4561977322877509,-0.7794824718880875,0.7217628161264816,-0.09929555022484084,0.8383138375629025,9
-1.7736555633458304,1.2883067519722315,1.5134093871000658,1.989098234211715,-1.7018677389424453,0.4510975367195626,-0.4673088667449485,-0.31070727510626367,0.4339917675296195,-2.113179903612846,0.161330339517085,-1.472604827118988,-0.7925800147469264,-0.9155237438665527,0.6420928403977865,0.16785563755678254,-0.9655746780692496,0.5681210509237489,0.7780073594557226,-0.5088936390769578,0.07034814172797892,0.7516072623391051,0.6037658251328989,-0.5465846452886439,-0.11435398911947259,1.1995464392212587,0.3359600539774258,1.278630611576426,-0.29815405769603537,0.39756354117137077,8
-3.655912519582526,-0.1730312564407394,1.1900932691780264,-1.829894521889418,1.032487721571459,-1.3643626822493693,0.40152824290920974,0.28481294752036046,-1.5675495309223897,0.6927487800483373,-0.5036489810523362,1.1640486357655087,-0.9306727517390392,-1.0678185486102791,-0.11889870694157571,-1.073687754320296,1.6637130271984397,-0.22181907594312789,-0.5696131718182363,0.5707170783258895,-0.7570561989785535,0.7964165328411165,-0.29013794269360454,0.27083907717077327,0.8165477055548541,-0.4480387797768214,-0.17082786029553979,-0.7200410868159706,1.1248479207121085,0.12358940159671758,4
-1.5007368010958382,3.758399767930151,3.1736266452074697,2.3108921561032516,-1.2619890787120223,-0.3102579278043293,-1.2536890312560567,0.022881806891019468,1.1050134073290239,-0.11699460070057677,-0.3208818835007641,-0.4936468165943929,0.22213712952835526,1.0363117010352572,-0.03770739271307527,-0.013204360257516964,0.3046992658737735,-0.15893914944506682,-1.1738141926878485,0.6024526647604216,-0.335359956538068,0.35777343777301485,0.14848122829257016,-0.06761565076815589,-0.453424717876245,0.4530385119759245,-0.035385742184609846,0.6918647477244584,-0.06955762089952915,0.40335656250252316,1
0.4013132501667,-0.7116569440076408,0.6665676336229748,1.825856880236992,1.4841305232585467,-0.5407677226827358,-1.7637212825483688,2.7301281440349214,0.03940565675347436,-1.042538389518292,-0.31713767080441335,0.2597988654262565,1.356692288165874,0.3260306252849851,-0.5269781546338738,-0.7861006644698053,-0.138392009826458,-0.5743412226491603,-0.2574421818362258,0.7038818052526918,-0.8321103570752022,0.9392515719974303,0.9217653815603122,-0.7588814571175563,0.09705949469274,-1.6927480433780566,-0.15061761246921435,-0.2532173022450153,-0.6869161576374334,0.5514605836750456,2
1.457932815497843,-2.100188769650886,4.180007478393927,5.603438953487986,3.5573091546448103,0.864167403447403,0.2916511931005117,3.8659327208854783,-1.8295220127477645,-0.24614803980479558,-0.791688289883979,0.9584361942543389,-0.029835124431229022,-0.6927896019738139,0.6931536775477017,-0.1837543210692218,-0.8853062101382749,-0.09707222835151835,1.1062643953965015,0.4243922672405952,1.6736375221566282,-3.912593180144894,0.2498423596475692,0.44368680199225335,-0.028234562121999464,0.36144086693752586,1.2784374250846002,0.9601805235390776,0.728493884487017,1.3699615720599507,1
1.3202274957249456,-2.5164784758750374,1.5510156068437737,-0.5932860808358217,1.0793110333667026,-1.0308917502086663,1.8620717499802408,-0.9131964127973432,1.3306312439325538,1.6402031108344701,1.5519933747035366,-0.31134943955437405,0.8608977468959389,0.020640431614417785,-1.2665377528652326,0.10322538568018398,0.01617036870525843,-0.43237794757813336,-0.8231996451986686,-0.2363773691965583,-0.27185329317078233,0.0982265511462652,-0.5367872517175066,1.2926036389696396,-0.7315237178908758,-0.5091087812916264,0.825321965327202,0.8620609808691545,-0.4327343815621438,0.9868250516081025,8
-4.5205277779996065,-1.567575884558264,1.7556435084075657,-2.2437140716287476,-1.0988535288224222,-0.4660124564940087,-0.9141352882090624,-0.10685421484345484,-2.164672542457829,0.004346293570216579,-0.3534517023599795,0.7186919297221718,0.4702577616784827,-1.3727958781368914,-0.324321951566328,0.8341523035897431,1.0948084423861302,1.0219594046032403,-1.0328642721146075,-1.8299907113167275,0.6704959203667913,-0.005335223995035363,-0.9668819437660713,-2.0610865396080706,0.10703932113868782,0.47883057807177554,-0.38414004391897294,0.7693511279209947,-0.36350104622760243,0.3199977935375656,4
-1.7782939980798773,8.266889050551447,-1.5094480476063084,-0.15655244304402927,4.924668545241978,0.8509699720115907,-3.5330545222947167,-3.1653302339729934,0.9203302986558779,-1.2348891360614922,-0.5410129964433417,-0.8308921119459021,1.529025595544959,0.32558703499667857,-0.9555419081685926,2.952552763017362,0.09834125436835615,1.076535596035767,-0.8434236280420347,-1.037097924380145,-0.39320186950570696,-2.3877263098169794,-0.21970595291725964,1.7778050087010975,2.872950777910658,0.160387291621692,-0.4894521699293125,1.5292139418369335,1.7710220856340826,0.09293919052961434,7
0.5253228307210677,3.9075193877560332,0.17870810730195905,-0.6162210873538719,0.09527968409347203,-1.1107245881800434,-2.114075476426717,-1.6687605837903163,-0.5627927653826624,-2.6206263769523823,1.148445083638513,-0.4305964904236219,-0.5645809529048447,-0.7179813964653852,-0.5459723535259413,1.295359607111529,-0.24091729527027825,0.3878450479182744,-0.6479450001255749,-0.519033538452069,-0.09163157357637662,0.707984096287694,1.3328911113339212,-0.15841785613886683,-1.7334406375141074,0.22628428623213984,-0.15404352993078763,0.04541141359077529,-0.4017319644928235,0.18735563334376873,7
-2.110039094795618,-2.5250590601330267,3.8955286620190503,1.0219885350906095,0.036774605210330734,0.4699163974879272,1.4532316947444548,-0.7475526541894388,1.3438710583868378,-1.1485973313818518,-0.10447038635071611,-0.7034586491108277,1.0609170692210128,-0.00029189053527971356,-0.24398692419512177,-0.35604783690117175,-0.800765094350614,-1.017813735987902,0.1832632079968615,1.024352436390999,-0.16406420617880318,-0.5730053016060621,0.7855737821815431,0.7444727932292985,-0.26279260678900995,-0.7360840472671115,-1.4297086386864568,0.16093675861838613,-0.40542615311668784,-0.20952626906951013,6
4.177507900381207,-0.8825359577555222,-2.3655573168782373,2.0276513912274483,-0.40115870433173445,0.3835425163297047,-0.759462405876276,-2.8957362203492667,-1.843658313299222,1.3164311458247324,-0.5035057672096028,0.40335556351156693,1.1582188483435087,-0.7561459939809352,-0.7461373868913771,-0.3240662080327364,0.15683040363844925,0.1320337135941598,0.26225068295723897,-0.18925994358491763,-0.09647222449033291,-0.383949881422356,-0.3500342811155006,0.43191515752102067,0.08674056956180652,1.130920435132751,0.08472692025150785,-0.6062201356848839,0.11929633362629945,-0.05453241159543147,3
-1.4970330094017188,0.5922118825921687,3.0526274763553154,2.358967433252537,-2.284833910387873,1.301405041545986,-1.628982969248219,0.5719993336254535,0.259491626012596,-2.2445862271218644,0.20412017951004868,-3.1279745359839968,-0.5224478106475061,0.44354044898077516,-0.8091686988239142,0.1151003168275229,-0.6938343257796102,0.15264319677326044,0.10303434547631954,-0.4289809548702217,-0.0066530443351492385,1.285568034075332,0.7284509926946023,-0.6817574888647175,-0.8311669482923854,-0.08729478915750224,-0.13727469121847144,-0.6998924574137251,0.6549499010576612,0.46803632352152064,2
2.103878967571504,-0.5126885252050497,-0.0845100803631581,0.4854976613754766,-0.18948731163785681,0.6176899108472043,1.0905409763759284,-1.978504143046271,-1.052846040576887,0.6627683872485081,-1.386861397464164,1.864287373742637,0.4148431209435663,-1.6772132274622775,-0.13987877586052683,0.25412882751260885,-0.17427244491178034,-0.4761947235552703,1.972259229404901,1.106668055412561,-0.4987123945278245,-0.2716616472363441,0.9543772109448968,1.61642120390217,0.09499911607053584,-0.6072380597972772,0.26992183609779924,-0.5335512133143184,0.24226748773336884,-0.6072812175384269,3
-0.5831381490951167,-4.714547987434582,1.3873594390449246,-2.108919626396485,1.748893185631839,-0.29235476945496125,-0.37932437108973033,-0.6587832603678769,0.4136468130140134,-1.7034152342566047,0.33810013371121694,-0.010510432616586352,-1.1773615158146653,-1.3326192735245603,-0.41345174058483664,0.24089149941502294,0.3064129249627117,-0.07617665636744134,-0.6886780328169088,0.23139746900486644,-0.4552317425550666,0.4310010457448867,0.6575781204350252,-0.16530848498880044,0.4108338676964307,-0.4205192420143492,-0.8871246980362597,0.44809327711240676,-0.913845377596262,-0.7006548212752437,6
0.4640486553657184,-1.0849209719445578,-3.225093958873522,2.9220719218457774,-0.2814044026007614,0.23430688540308248,-1.2930830273824248,-0.5733899073485875,0.9342278018269602,0.16756493087822175,0.19842808250384553,0.09324082466872641,-0.5041366648379997,1.6966857618596687,0.1142940570614038,-0.03184236931665463,0.11554003304640995,-0.12680591515991346,-0.22550778163957547,0.9314572332196612,0.5176998439570821,-0.5653252456542898,-1.350925982059896,-1.0887463001304125,-0.2605912924252132,-0.2971907025894277,0.670758991730635,-0.055843998639752326,-0.12594412309894892,-0.009583733057103411,9
-0.8788797423569419,-0.6027681820376071,-2.141496698245912,-0.5307918530403448,-1.6452627553889498,1.0770501515795228,-0.9919842233374201,-0.07488361514218196,-0.004710003605140373,-0.6836462687017159,-1.6757932842215912,0.695724655811972,-1.4526027307044398,-0.44860794513191543,1.4957936277808486,0.5315495930668767,-0.3419605107092309,0.1146056453131036,1.5797961921946975,0.7400846401484367,-0.2747204641351859,-0.26533324063068914,1.041848342430059,0.5778858752612972,0.48302844644043685,-1.0574590693646033,-1.173284224987831,0.8154575101283403,0.1504443900424459,0.3805166520373487,0
1.7054391396894308,0.3569153367885776,3.072935151988469,1.935952979897532,-1.2397106632009551,0.13777431363954523,-0.8002584856466479,0.03805385587598218,2.846906469925338,0.2547065285587411,-0.10892129865991913,-0.142789678614768,0.23695448697899582,-0.6378010039146945,0.3400020517722257,-0.3731779688806837,-0.5155796322353766,0.0405298587321626,0.4345002336871135,0.2636266419496623,0.02254362310929395,0.14534737020353986,-0.4883893710057611,0.026980588993002864,0.6299869790684186,0.816796131915585,0.43625768113477464,0.19335505098605532,-0.3562401594014364,-0.5333860347379441,8
2.5509736193172485,-0.7179616412890281,-3.595769823035225,1.7909089856218334,-0.2774036157136915,-0.3425073046401511,0.0791508952318888,-0.5090647847752933,-0.5840311161667897,1.260060369213266,0.3906693240298722,-0.11423344129737331,-0.9767992810261876,1.0609680786124918,-0.08128272270256402,1.039868298346521,-0.3710727504288306,-0.13805577718380246,0.9915841908062104,0.04953312323051488,-0.2525672557935007,-0.012529787074541417,-1.0770925031726173,-0.3656610207387464,0.9618145573640473,0.672149262018054,-0.5239511377854462,-0.5687833110209699,-0.43434051285822556,0.2263575403533834,9
0.8127752310157601,0.8471229854134019,0.5816734008307586,-0.36013840504869227,0.10762839661498101,-0.2623313737877658,0.9995301267546282,1.0718702260372073,0.7702753351188127,0.8354316756452541,-1.090800243272277,2.3072495927424095,-0.12423277486939631,-0.2288602254269472,-0.4979284208216452,1.0294769783448945,1.2010336402652735,-0.6656832997451476,-0.4585658342347419,0.777574308104958,-0.667603025459553,0.736023362478138,1.1847975334167429,0.1709432853598955,-0.8802574115165416,-1.2524631790754395,-0.053794670069663285,-1.2664763724060155,-0.58602572845291,0.3227272568830746,5
-5.668660021371256,-2.8827404270616266,1.5381728013585398,-1.590780958905688,-4.346276004731641,6.147628035629926,-0.4127640160107105,1.6058591004660163,-2.302142430700585,-2.1020109944158,2.136276117264482,1.5205499940527567,1.580136104765433,-1.800671663241348,0.5960340594440643,3.7576597935150198,-3.0596266358655466,1.2418141754176788,-2.0803550869857896,-0.7099233822190906,0.06711872708081114,-0.1635296813418296,-2.7763333070848897,0.5116556967619714,0.6596190831099993,-2.707627220718041,1.9204771296999028,-1.5410008767215344,-1.404894849558119,0.24245640977442606,4
2.5537328630681424,-2.8033756082836523,3.714905756409237,1.9675257785552531,5.140201781607316,0.7813338495041798,0.7899993306304893,4.302127870075174,-1.5886342083502885,-1.153107631032037,-1.0434981991576897,2.3575741077140573,-2.445692453039152,-0.41599214522799904,1.3748429099174508,0.5680687436384857,0.4472410773386367,0.18749857640803136,0.1398727814010796,0.3450561632654237,0.5992091182804018,-1.7958871137818122,0.18564381984553954,-0.013583208743724507,-0.16673663426544172,0.9075822117160058,-0.4281241859189287,0.03276203506740512,0.08264265569569118,0.5567674798839846,1
-4.009000787666077,1.510431594133928,0.6754337942713552,-1.844105508019563,0.5501280921832666,-1.6329863935349966,0.32390782588944655,1.317736797694694,-0.8981667487791011,0.867374308262873,0.35385943367277967,-0.25371604335922643,-0.7012500083879123,-0.3749235619828423,0.11495479722841467,-1.6953113436027796,0.8517592765718002,0.17680520209520284,-0.7831147528666497,-0.31637508002007425,-0.12439270342100595,0.6590304384897397,-0.855430121578216,0.15002910887877868,0.7043216011159582,0.555725849794636,1.5600241421649101,0.3131393996718729,-0.08127559640206358,-0.5530835561034515,4
0.13779974406533102,3.6699326950684066,-1.4801655141264256,0.06902775665816242,0.048796322390408826,-2.370853340376327,-1.5025311897243372,0.33462728572881767,-2.0016017031203144,-0.14945246794573153,1.425688664605718,0.22787752064169042,1.2503307586929235,-0.5022598700801191,-0.7397216728381448,-0.21389628888805726,0.02020280103821994,-0.21784839643386986,-0.23140985968823263,-0.3140893199731461,-0.2256399634871045,0.7974760262735981,-0.383216197322183,-1.1849840705050474,-0.43900714079868963,-0.09946714253743498,-1.1966802202435003,-0.7248964193709061,-0.01793843208299805,1.5681554073223818,7
0.24125779444498177,1.9557294597979258,4.0200226265702,1.5621073184271779,-0.9735876811736565,-0.28101416575537375,-1.2587972950240347,0.6042169973744724,0.5636936769373359,1.6639370081561462,-0.8535419254956937,0.5515836925105821,0.7685230201890128,-0.2869201557553786,-0.8222257989902421,0.4418727406798159,0.5208176935361732,-0.2231486241927324,0.4824903374694942,0.5655799139062024,-0.6571459790252815,1.0203767713343193,-1.0820685800082062,-0.7721889240878242,0.48478364946238706,0.026596166712534425,0.43729266603458894,0.6930634955816096,0.4503910641173456,0.11601191874943143,1
-0.8370883103945733,-4.699850059053559,0.2821797956332123,-2.0634318377596816,1.431713072633823,-0.09417923198750106,0.33934280278610335,-0.05833991649929182,0.21831644688965793,-1.7174643888752834,0.2125090446499489,-0.26890961406250247,-1.9873440632404238,-1.4420972885467531,-0.4577867895687783,0.6378028615557798,0.32443019483651164,0.1304414129101784,-0.277045135479459,-0.12128620340057446,-0.4983967265345198,0.8963323466157006,1.1734457391680937,-0.04910252377875135,0.28730129422577333,-0.5154837871852364,0.03400836605078155,0.7995545614296339,-0.4678746466714467,-0.4698108438523766,6
4.7711117217275705,-0.42137838050930176,2.083796292662144,-1.559542675779637,-1.8538576480910227,3.292846022928575,-0.9537399453004203,-1.5728872646395509,0.6952577559126758,-0.4272454197073662,-2.1131557737354303,-0.7757183036116037,-0.11750548433473797,0.3781280098108851,0.3746240537127607,-0.5427029356575706,-0.42493579162354805,0.28923043627629946,0.7879638546311379,0.6896522674598436,0.6931691076367686,-0.3844462054977365,-0.11677958534277308,-0.12207960932686543,0.6056864961836818,0.6351075233712202,1.4560724675375065,0.3091350421062366,0.9030840399123455,-0.30863829085916245,2
1.3754874274318403,4.1615383486972926,-0.19150719569826002,1.756959173373949,-0.30161209180329596,-0.20382156108917926,0.32843125344663787,-0.041760776348078066,1.3398523217433007,-1.2626553461681473,-0.23192094286686432,1.4886948366868897,1.2636110392748965,-1.5788180340703226,0.6856350371720683,-0.22126468324010828,-0.550556588398161,0.07083047455870728,0.4251309984193441,0.37547340244293315,-0.12081415180437155,0.12412039999330132,0.6926162678362527,1.330636405406508,-0.9068444166541502,1.3639600038139064,1.0595842819325128,0.06310181530726068,-0.34475607724952956,-0.1185839416581706,3
1.1562155218845387,-2.2179804287498923,3.446310391861494,-1.3877498311052419,3.568405151887783,-0.44025535712079095,2.3096787851677263,3.0268734877051515,-0.6448317199556812,0.34285811989630244,0.22577844527435925,0.8341105853036274,-2.6692404140987454,-0.08185300105267299,-0.07882694325400888,0.5441777461014545,0.5765548773634825,-0.038844421151097576,-0.20165705579648985,-0.025714140068116603,0.14311102570393383,-0.36676789832247475,-1.046267465899245,0.07002469521327069,0.5717145399491048,1.801158847772366,0.1464688189346886,0.02592753035840248,0.9070378244328036,-1.587942889436347,1
-0.8979258387022045,1.5770892793539684,-0.6642347296328217,1.2995550760489147,0.8530093400778851,-1.4877299456075168,1.5367404612220001,1.4321694796307387,1.4782659665905746,-0.8300046229427333,1.8080088861915045,-0.07732423204009316,1.8313952658615091,0.13488656453479914,-0.46095286470535074,-1.8787192758784954,0.07537558843018995,-0.4309376576202037,-2.545961711863529,-0.09246384766184321,0.04599863712123644,0.15944573744300844,-0.5265186918460756,0.4282736729617943,-0.32611737375559025,-0.45395281869119614,-0.2981373546467887,0.7884170225145961,-0.3783938011694916,0.22317288359757292,8
-0.4131347422435582,-0.9184396711840817,1.6120137910030405,3.2910226974383194,0.11745842590530627,0.4384270208937537,-1.1256355525418438,-1.0122259271141296,0.5003171953891484,-2.3694094898095113,1.0900812385529823,-1.5724254910256625,-0.703704323525718,0.1528207345472674,0.14259640666899098,-0.7278693932222656,-0.4349356388995105,0.22932971540379862,-0.8083284034075369,0.23316297274715625,1.0475485609966264,-0.8130718428701401,-0.1968238296250239,-1.4624434624339544,-0.5219802192238053,-0.03827400282832353,0.3359162427713977,-0.34574101423350095,-0.45878974237115705,-0.46059146987694743,8
-1.7636557353511857,-1.4281942162875707,-0.9762889480928345,-3.071544539594559,-1.417827461564587,-0.09591245422761718,-1.7455927779435998,2.2789285381338944,1.2617713382462892,0.23267493167499656,-1.2371955708041094,-0.12568433474266402,0.575962483666602,0.8475805028502534,-0.4141862774916702,0.48578931796696495,0.2803684751285539,-0.09283306478273813,-0.450958758366184,-0.2548575864930002,-0.1163312023661334,0.20374270955372864,1.5285001672132024,-0.1513298782395562,-0.07655386790755064,-0.3902077507810851,-0.3720149398797377,-0.5063855080781636,0.08855247481337264,-0.2634746309390787,0
-1.7411823754013933,-2.683227116974206,-3.5967651366914515,-1.7599118211614284,-0.765330759282312,-0.422348840725698,-1.39413098158118,1.8067128030923816,0.8732791274794797,0.49961202710390357,-0.8460372732088903,-0.6902333966918655,1.096966996260743,0.36576613523360557,-0.333276810858553,-0.38270339407800763,-0.4047815895274286,-0.3449341597873197,0.07879777751870456,0.014311927939120953,-0.08972849790253018,-0.12765223314839963,0.7209164879218853,0.5644795298384228,-0.10734687277512142,-0.09393225788484803,0.031966595829714214,0.5175303986457308,0.095994701347827,-0.20341695004357083,0
-1.7260620312617645,-3.8801552097365977,2.3163426130209626,-0.6688331293513622,0.8926138953325353,-0.34985215941272213,1.1697645794726692,-1.0929175728697076,0.6485990358188874,-1.2284041515372,0.9827887051088491,-0.8896036264607579,0.023957101311084725,-0.6849707639087647,-0.21971481008269805,-0.5224574233937709,-0.6815470847594198,-0.5503063090291616,-0.21722388338279572,0.31312362641361874,0.09065102940159446,-0.5500200144171261,0.06817608985205038,0.3160827415272431,0.37818244870196077,-0.8805626154550706,-1.097245867743061,0.2267839499514574,-0.8819083452375621,-0.316447967814511,6
0.3874503246079895,1.4697687147233671,1.5617632298226944,-0.5225680002430504,-1.53177718189977,-0.4263580160052949,-1.1652561561876673,-0.8329724396594447,1.4535698268718322,-0.5300354342530387,0.07656915561535542,-0.6192834627404705,-2.2708687207048053,1.1862664506684462,0.7289915178521987,1.5914484083630986,-0.7809714410161352,-0.18917411332094086,1.2837100704522906,0.5466145294766906,-0.2934965533747148,0.36135864735110174,1.468958242112621,-0.28302092822368574,0.15198180598539338,0.49219479111399406,-0.7202838029113481,-0.18669537835873196,-1.1592891590037253,0.5602878819421689,8
2.900661055220438,1.2469246722237948,-1.8458407004216517,-2.588520062103212,-0.019045569115139955,1.3796579899269423,4.008040461400303,0.2930569959825302,-0.8172436549545874,-0.7571987323964214,-0.44867630956370513,0.48178660919202254,0.4877120266342174,0.48115460306923724,0.04119805760201917,0.311845516416482,-0.14101217790226095,0.10955815537345953,-0.22270466168715716,-0.28298662407161157,0.05761715672093443,0.2422843692578808,0.027610449327710916,-0.3824134606612441,0.1166762114237933,0.28649544040929276,0.672168957320756,1.3100294981396932,0.08375340038542063,0.06882753190589164,5
-2.2678608505700444,-3.7236919718413026,-3.672434789531972,-0.9964255096846676,-0.01453466650537068,-0.05248756762335905,-2.6306869750591115,0.8463662169560132,0.6956898492068223,-0.6822605877659274,-0.5907229337999754,-1.3858776321139399,1.2946937544625847,0.43807430038097106,0.2309771598110352,-0.5916792179344572,-0.9114384939359381,-0.21183945848079275,0.27565058173672385,0.31148959049692376,0.21975030154138006,-0.5082974543818519,-0.5377607928723169,-0.08996478738895493,-0.36757188827491183,1.5475817359816286,-0.31451806186004905,0.3326013938852931,-0.9042319143373925,-0.47038157276199566,0
2.853420978646367,-2.4271001598306245,-3.8977687675708137,0.9512695994727737,1.0735763838018826,0.23022532392478165,-0.3837937806038135,-0.6363572896258926,-0.9561637290563044,2.543907932194968,-0.3091697219886585,-0.49061372110135737,-1.0026436851255398,3.0766217332999632,0.08258682754379475,0.07263744904039408,0.9732891478596155,0.04987965589813878,-1.7595953504761896,-0.17322188259853122,-0.20146147592521915,-0.749073121743043,-0.6430841216108913,1.4713727951195743,-0.45135203854476635,2.3229987180362577,0.5615684963143642,-1.5336026862305419,-0.6556879310628013,0.7110016644945946,9
3.2454807470248563,-2.460641075910869,3.2144541242744147,-0.7573774407780605,4.187714689338708,0.2619495516800063,1.3222964242298736,3.618112915136039,-0.4740163367994723,-0.3334384510395056,0.14258112188307542,0.5285160683123101,-2.816940074509396,-0.1773698095427087,0.19231757616971823,0.6025818919511898,0.25613614058767753,-0.1460385933814815,-0.4580308433686385,0.3257625511363534,0.39252913315208865,-0.9651161339343269,-1.218245945847097,0.5546042839188112,-0.29864863523312735,0.9147934306793678,-1.933799098020828,-0.3704886066112167,0.9523548757032678,-0.5095739568766803,1
3.1785381644950554,4.342730657018105,-1.1726870960292108,-0.2775411567303685,-0.6864208886482955,1.4254909987826603,0.410322650143667,-0.3382714415506544,-2.8382530813802704,-2.0219567163655072,-2.073004746182741,1.2393734433736747,0.5712143543824727,-1.004756940218612,-0.33107449020788315,-0.1420992357785297,0.20360237307064805,-0.015303721871680479,0.22981887318667876,0.6399540482263486,-0.35626129631159476,1.0650835699609398,1.88570403198027,-1.075154157896319,0.6071234384696077,0.46384758895912126,0.267959276183631,1.5635846780780118,-0.36658087499701164,-0.6744582900792764,3
0.7485165778732548,-0.4166889322134813,-3.128056214467974,0.5361264963699108,-0.6794244771559174,-1.124430833594605,0.574049511812396,-0.06185773916877389,-0.3696425412313977,0.913039412483343,1.0004421268016304,-0.6982970885601477,-1.3811620161944336,-0.21975979878078092,-0.1440246003020947,-0.447349645418612,-0.06380443593763697,0.28205928633042326,0.518868184832447,-0.424756938524037,-0.4458099799936533,0.5851042073011906,0.4191629070762321,0.6484923673645228,1.0528377547525893,-0.7204962689650704,0.9378439492184997,0.29643249982804026,1.28665351303044,1.3280942648698264,9
3.3133183146585856,0.786618874828653,0.8827658050295143,0.03307384567221438,-1.4628020996071696,-0.17490407240519196,-1.2850262676287876,-0.08869924840526583,2.0888762920427326,0.9065573864885941,-0.04653877434253543,-0.34356313755160045,0.3851786644062613,-0.9525797115394645,0.05289911988736246,-0.08575147626434505,-0.7281036644963325,-0.018372128972847648,0.9336027426643253,-0.3791315080974708,-0.3155670268065223,0.49056513375934874,0.3023268073119544,0.8782632166957796,-0.2731197136567997,0.15823812311260094,-0.2010572519210297,0.06272687076051985,0.0027023239323638055,0.5048177739861844,2
4.715388032448289,-0.6226172256323138,1.8728886923050643,-1.127320125312003,1.0234432501963795,0.6872994511489298,0.3027981337664685,0.8877277985064789,0.033995491697989697,1.295356080703911,-0.6586345729016219,-0.28255326363741595,-0.26161705802734103,-0.630244391546388,-1.31369991173523,0.7250829267067193,0.3163728292731503,-0.30506693856088607,-0.41660208204902005,-0.08107551631869966,-1.1107657706187204,1.5850675885470296,-0.4413756271186028,1.3237269041250725,-1.0622815950917381,0.2538639540854196,-1.0566043597212105,0.6900761886171457,0.2078020979888953,-0.4578479354807275,2
4.84375149065229,-0.687414559929932,0.2691066821048614,0.825694538755486,-0.18311471100112162,1.2869589567939594,1.2111266883212164,-1.7166895942587608,-0.445339065462398,1.3310426919262213,-0.8183275205634071,0.3997905892136576,2.496909590625148,-1.1020437171017206,-0.5017542456149795,-0.8609883679379526,-0.26522255720261473,-0.3851168385732861,-0.30271740733975594,0.14940329736881866,-0.06261746807553627,-0.834204328602947,-0.41610748489389576,1.1643427798571597,-0.4175245504584643,0.16689592310625673,-0.12504061783164852,0.17185004259814482,-0.7595926251799676,0.05280269004724846,3
-0.8171785739770656,-3.0310206326419187,2.762235880974928,-1.2419156958887847,0.42376930097904353,0.18004760772174871,0.1905619200469179,0.14756482950970085,2.3664749239837826,-1.1705778913017932,-0.10327990042548452,-0.2637006718079951,0.13548940030462675,-0.4200940246703202,0.4755967123750841,-0.06966689468614617,-0.9976028583792059,-0.6352838565256717,1.038645235751393,1.181968077121839,-0.07941014786186414,-0.4041039070836777,-0.32184198408681514,-0.06465592422212198,1.0031159823262166,-0.5079845219914259,-0.999415882469217,0.5203061332369057,-0.20116909698385302,-0.8110546700673803,6
-1.4592881664976305,-0.23662352933692127,-0.7823358956760342,-2.704316495510556,0.847051511331346,-1.6028719288339637,3.102958871887502,-0.025076506854619398,-0.014468898354363088,-0.7128383892079296,0.9325777335302633,1.4726849577983492,2.054412479704717,-1.9624009976437897,-0.10189323662855804,-0.618856842892707,-0.4464900662847413,0.08330331768562117,0.5384190735298923,-0.8280531934253068,0.402386480500294,-0.8254404956484152,0.8655838429836155,1.3867745010573493,-0.1872068332542385,0.9050226894797744,1.1290518945835055,-0.13257410575700596,1.1491061450236697,-0.7509829118336719,5
1.5438876067848506,0.08178578881982651,-2.188706097018704,1.6715647175721058,3.035058578782246,0.10736483564051826,-2.2050462607270807,4.607295256362969,-2.176296303768514,-1.2944451069884775,-1.1795470633818494,0.7691663085004652,-0.5847214297723305,-1.035977363321113,0.9055148809386944,-1.2919648826199834,-0.6062266186296502,-0.32983263116780437,0.8529670090766265,1.271057088844763,0.475918764215203,-1.655817376688034,-0.5619758274803092,-0.031492348414670614,0.49992684397873055,-0.24210673228505392,-1.333597461632747,-0.7683216266805497,0.4037613174203032,-1.3399523697914633,2
4.888701528686474,-0.6630695524239055,1.0607207792523288,-0.5260687350224784,-0.7429232900938888,1.4841021407039896,-1.9347374041610883,-0.23708698103879508,0.14272634080322588,-0.5311316813259435,0.7308770296863946,-2.5950595729951744,-0.9831815081036396,-0.3297558129277542,0.2315169216975502,-1.0120662241011382,-0.7881360121123103,0.9027973297765297,-0.4254876859729752,-1.494768718392467,1.155332076604568,-0.8686084780845847,-0.9971450341277973,0.07802674012852462,0.17106401510431077,0.12471657911432733,-0.3799650664805415,-0.6943470502102648,1.2015542198553113,-0.5721216872480122,2
-2.8087086473577987,-1.7293408886203978,-3.1204084788790403,-2.7364511380710943,-1.4554016470558464,0.2618444135336307,-1.6590080926073818,2.1213243104798294,1.8245788303015182,-0.15543155463731248,-1.3225586625892645,-0.1672532805097955,0.7170211846001527,0.7686972773158604,0.7238299610325621,-0.25944425280503897,-0.12398996212538263,0.1378182400858849,-0.7327147056225175,-0.06908357257904174,0.34903703459798924,-0.696224323214434,0.7022389698349283,0.547286350766105,-0.4988101468401516,0.15075397169571675,0.03305901651693643,0.4696187444163027,-0.5003409975140486,-0.4411740690478678,0
3.739881493967702,-0.40389062587288443,0.17660288808474442,0.039559790136410276,-0.0076007030519226445,-0.18307356970501593,-1.5158189690761554,-0.5581246374899975,-0.03512522659593145,0.6190570827912314,0.2491670368576272,-1.0451222265623819,0.18096398378611492,-1.1710134262628555,-0.9811962707429492,0.3042086351636494,-0.6287735938081161,-0.2461847536677301,1.024096990817937,-0.08210507682198548,-0.9942684752997619,1.2010711314996556,0.05516328433854784,0.8071429233325526,-0.4035513456430054,-0.42579154511749845,-0.62727935369882,0.6224966777971453,-0.2047497412366497,0.3450537988833748,2
3.541219419118386,-0.5504370796346817,-2.1316199994854914,1.4986279452545221,-0.7500489777412175,0.7239887004522136,-1.3313321930531068,-0.9043490326089981,-0.2786228591113657,-0.6425725187063881,-0.12748933800431506,0.25371873287981234,0.06600402121936999,-2.0270317968391987,-0.17768001233094266,-1.2756343409053084,0.5293227234024964,0.5523957653089314,-0.4376692183123583,-0.39407327531308617,-0.14390836616677966,0.31985547565482325,0.3967515441613402,0.1690109394390662,0.20795518480814218,-0.9063035334711377,0.1336599504714886,-0.39791985141461406,0.6350152539815084,0.11510078509068294,3
-0.21222800673331013,-4.182360530889404,1.6770124074690294,-1.440385533499289,1.278070089065186,-0.1791038640764415,-0.2678569144917139,-2.001766183759013,1.4660390892895425,-1.15710530759274,-0.006506826214378406,0.6944785954521864,-0.895231964052109,-0.9678011189422813,0.19412837419268583,0.1577421921500994,0.36693090931275935,-0.29962978684926916,-0.17113153727019367,1.0434819501160975,-0.4302874770611674,0.06887998811497187,0.267312702197841,0.08680528738054367,0.30466105098250346,-0.13832648586254226,-0.9020682981765319,0.11028901481301662,-0.8619792333726947,-0.20565743137477685,6
0.7696580568267058,-0.2645919764587858,-3.097501707301242,2.21693800255004,-0.9654124141509135,0.0899047443598744,0.5923052074017828,0.7249564232557597,0.9657296321177011,1.019929719627654,-0.7517355490105212,1.3890657894208818,-0.6407074971602061,0.8417174515576096,-0.010283067340161678,0.6740026513644376,0.6223498163551495,-0.1618790534125059,-0.42579882219588616,0.4698412148290958,-0.05930324236569914,-0.08477845829708017,-0.06649155285457509,-0.47669713327136126,0.5115896048322411,-1.0846207599408382,-0.45867498467869056,0.25544395696702715,0.010198693468150175,-0.09648704917344744,9
3.8489475472140944,-0.976625437072198,-1.8291444439402313,1.4848636256061856,-1.3791944047333369,2.127190666512013,0.6833951099643626,-1.5550180327266832,-0.5838544444191774,1.338312668441318,-1.8923146876249741,1.3632818841842391,1.8266023305461572,0.02822500316610208,-0.273213483544083,0.3376932475707344,0.2726892873991667,0.12634752738032234,-0.05157216199336053,0.12765298147184476,0.35722143348754415,-1.0549318082420758,-0.4397925052355048,-0.02507470302212633,-0.13248278683678968,-0.07651010512122892,0.12164720470610058,0.611899780126768,0.22830365025283383,-0.280103728949208,3
2.2797901504562854,-2.5711404482231224,-2.6904985081580897,-0.8202022443863562,1.2004035127654051,-0.3196645520008681,2.887441380309024,-1.829556599698583,-2.56614517183034,1.5664381321337135,1.1965765486984945,-0.9270352156968807,0.6627069681518665,0.2640835264819375,-0.830353495885742,0.14156057582658466,-0.19602624799681448,-0.09560022761780843,0.2644579030662724,-0.6618147332855618,-0.4943932490685622,0.16486830771518093,-1.5487069195488796,0.29371434864901386,0.2922610676309618,1.1516428662814564,0.28473024496534277,0.5213609340959104,0.24086093967132996,1.55211302173566,5
-1.1586757384940016,-2.251790753016266,-1.8807988567427518,-0.5723611644041009,-0.7823839678059049,0.16296795408322476,0.3705943141955948,0.8492327074938439,1.5545911323367365,0.4894002411057703,-1.51145578114337,0.7127906492818217,-1.520585640781566,1.0214676543743963,0.11478833622423304,1.3911999187599964,0.7581359864738226,-0.2671512338789782,-0.2867527673060561,0.6744897282217636,-0.7398860586364188,0.2832175076621508,1.782788180189701,0.579735556017875,0.3781114951081031,-0.10056393122957624,-0.09503255945110976,-0.28762276458858144,-0.45354929582946674,0.11278404108449608,0
4.020970315160888,3.2960279789354847,1.2166000015563194,-5.617004387771227,0.4657580771222947,2.0014631570312074,1.7420689672085505,-1.2083566028186399,-0.5710855087346294,-2.4854196069486187,-0.08901579884122209,-0.06744152160427712,1.0933386097596427,1.9291862228205736,0.3283203182366943,0.24772382900240372,-0.5634293378191069,-0.5300245001998323,-0.22656164108908053,1.0813252507353397,0.5238497496137101,-0.5467567848515118,-0.9183685034087373,-1.0530778975799733,-0.5926598320486963,-0.2629819642550619,-0.5155096977957841,-0.7013413283422871,0.21581771116888193,0.9486150490175946,5
-1.6569634845154035,-4.0707496288871035,2.5384647030511673,0.19635144903210808,1.4856815491116644,-0.3009786870749734,0.14394155183099008,-1.9910506056708428,0.22787433768144555,-1.345126874442456,0.6272258400406194,-0.8827842224042123,-0.13587758003715258,-0.16625193187752618,-0.7148749162121388,-0.1343785627789658,-0.23816248391922196,-0.809371601247336,-0.0727796361959239,1.0707457296059746,0.0865146432527713,-0.5686139881490816,0.4393997810753676,-0.11823852976389239,-0.19640642420322008,-0.4463398355373051,-0.34625696944445444,-0.6154891713433871,-0.6819414227184112,-0.5247939306223162,6
-0.41039520137766156,-3.90145444594328,-0.06939201756743736,-1.5007436321277516,1.3406374801387941,-0.9268450239030419,-0.433161891165164,-2.1704244602188227,-0.8314756860627917,-0.7840292101774528,0.46797896187936827,0.13731795184658546,-1.399785510520006,-2.0662341178232984,-0.9623047589437935,0.17974926722978604,0.9406077032163928,0.21490625118250678,-0.27895534906605624,-0.2612279399434859,-0.8549332824551104,1.2189015028317611,0.8718104571930101,0.49674591190928613,-0.053484437604481204,-0.12102233873337451,-0.02990224136861478,0.15927160638818946,0.36815013186553014,0.20599452694845483,6
-1.434466610632464,-1.7958376543123384,-2.737511994366926,-1.2257954750200915,0.011342417841890976,-0.39263111746763407,-1.0524733282636902,0.8270960101438954,1.2195425696428879,-0.874538668090007,0.29049845490831666,-1.490604611740882,0.3345291273355964,0.5443754097628382,-0.07694161610548693,0.029743686792585492,-1.3197585541981787,-0.5117246622514203,1.9086742387601685,0.7811817292402999,-0.30078446762469485,0.9520951557498044,-0.4949459862859533,-0.27114544533401813,-0.6494683893583448,0.9167682769553952,0.6016654659743178,0.013174813885514952,-0.3662040630872055,0.27874753808943387,0
1.2038127823638543,0.21496238447814092,0.11664123209734781,0.8769272241277286,-0.5329575869429186,-0.20992887386611214,0.38522898646678094,-1.37423994204961,-0.8115045944776916,1.4747626739813253,-0.8126913970039527,1.6936262118967738,0.825468477551713,-1.6963738215925481,-0.5972365055096697,0.42965109316592953,0.3285605416172077,-0.2183383613710688,1.1939249631890947,0.15425181470551658,-0.3599569101912712,0.1844413713393792,0.47730149026384516,1.1777544406227904,-0.7876226222362631,-0.594871215603326,-0.05550124221384214,-0.8125663421541307,0.9140977271813927,0.7807834406408506,3
-0.13019703998759513,-1.5002957600457139,3.05227900713428,0.475315158636629,0.6025416663796745,-1.0064542954214566,1.3323283786837365,-0.6019888125469671,0.781121260956094,1.2151710482883633,1.0860510200891844,-0.482411762083959,-0.32978203291226177,1.0337800549581178,-1.0126589848009988,0.42101692212101605,0.09151053145527889,-0.38260117980666947,-0.680604132520251,-0.29737699584280736,-0.26399935897957405,0.24860405211966952,1.0160865672329722,0.8256533087766353,-0.27057799327233795,-0.3288343749985575,1.509276483261003,0.5596504537852761,-1.2000681309297043,0.6737282501278173,8
-1.4932436702959422,1.324765731012954,2.024767440604534,-0.8138821432466,-1.3811436512173376,-0.09785259069131326,-0.582753092191016,0.36087279109803744,2.6087056629156593,-1.58898003451376,0.7703452952098476,-0.7411582410888083,-0.9460620412055649,0.3429335467592337,1.2647217814594083,-0.10183353966918612,-0.5339437354322568,0.470072294622233,-0.07610641312328369,-0.5828778533081388,0.5586843409907793,0.32862052576704653,-0.12732307483972333,-0.6243496473787329,-0.1572753282929582,0.8036313799380594,-0.26966200413120184,-0.31355278270477704,-0.09443365104321473,1.0014726809769643,8
-5.102460629430956,-2.7392695985103854,1.480087850308009,-2.147621791279798,-1.7304953683107354,1.0722462037034588,-0.29057760107958497,0.9117396212775588,-0.7058847430376447,-0.35243849416482614,-1.59298994624747,-0.07781720267772667,1.274352060999407,-0.228362643980322,0.07699122208295568,1.4708516730210484,-0.26228932347101225,0.18080702851023628,0.8091070346474095,-0.41871377744589033,0.3306303550073438,-0.384087808252622,-0.995342925209134,-1.3535950741795975,-0.11498451088976104,0.07440360917905633,-1.1712195545145678,0.6293826096613074,-0.21002439527894484,0.15281186772896121,4
1.2638805368133437,-2.242210838219989,0.5586612416654224,0.29480117554736535,-1.3194582148331728,2.1299661275277844,-0.5868541705627911,-1.3163979734418274,1.5172614458720446,-1.0196001728868638,-0.5509604927768089,1.3546815076826406,-0.8510948731775769,-0.4167401868086192,0.6121269752638964,-0.4510894011419906,1.8505115635469354,1.2726008901645987,-2.6778538544936192,-0.7269121487090996,1.2499282729055778,-0.8940668306965518,-0.10890240630101415,-0.5881400977161222,-0.5297163595402814,-1.0580740484598492,-0.1274793205009042,-0.5732428858806987,0.7685231362841222,0.5585612689798513,8
0.5802330323380652,0.9040303545008815,3.8913315375973836,0.0006613100494209239,-1.1689152785829922,-0.513671326186214,-0.6394912871026246,0.098815960612532,2.605541810710712,1.049695603416607,-0.08474085085899198,0.3179952477385753,-0.3713466569745792,0.5832198475155584,0.4076405849345083,-0.00554366203842712,0.20023426242578857,0.026001234729491035,-0.4802902545888072,-0.047354116054824834,0.2856003811475099,-0.31614715333429033,-0.3479745651625027,-0.25411693855165,0.6129360066034526,0.5175035590548192,-0.19918291426858423,-0.43667283127078593,0.007035164128115378,-0.7321119561397351,1
3.430867387734912,-1.0957962796805403,-3.0873855963651295,1.758463786142417,0.7181967090471434,-0.5991790898589524,0.12932036877466027,-1.085531232268314,-1.5472006544111796,1.1755900853511458,1.0431942219347257,-0.5052670244375443,-1.047393485184374,1.5196845833013455,0.013967731821256475,0.22310119335980458,-0.3517567236626803,-0.014558889685960873,-0.02646948318334383,-0.2627568755856691,0.46541542605856717,-1.1771334815256174,-1.3493549020678932,-0.8538321687260091,1.5405684159547863,1.086214920365011,-0.2833512460459385,-0.7636211458739244,-0.680585114103197,-0.6832295301404039,9
4.187654180306881,-1.8069830437390828,2.266836634770913,-3.2688473347933926,-0.47129827871529895,2.596381910722138,0.45293986132765873,-0.30143162997878153,1.9803002998862547,0.15772161449413796,-1.4580223758854376,-0.3808794411808188,-0.47998275622997777,1.1364105238311797,0.07200844813272106,0.35028494332720006,0.4427274755778711,0.02210099628946497,-0.776330308724348,0.5794528225774711,-0.0009732497494509549,0.29740124613971786,-0.41516298103334065,0.6066661839908374,-0.5088283168993395,0.14457257308811058,-0.6018935700869184,-0.10587091732537932,0.5527766414357381,0.6641921079448062,2
-1.400117751733373,-4.173911476951249,0.7914581601997727,-0.47685748795442867,1.9789241181714932,-0.9925931200763722,-0.4912717627593253,-2.704940596524208,-0.765159977325365,-0.7287206575847116,0.38560907598644384,0.27561634715868133,-0.6917762899162581,-0.47228569207840726,-1.107685093644235,0.5990602486165619,1.1650665757038445,-0.4750197817176398,-0.37593550963071726,0.9823171594876827,-0.8437294496667761,0.8239509683513666,0.2608684704709945,-0.41605137971601097,0.11415836669761377,0.49891424303802606,-0.24010729588223692,-0.9170119736926949,-0.16854048663859972,0.5677020015557552,6
3.104828285859795,-0.7968441829535476,2.5351062709139502,0.4738714028803835,1.0260565352787339,-0.13156718285747632,-2.025649257444299,0.7657112997919626,0.2342263431138655,0.4833084704740397,-0.03919017132928389,-0.9394299590853717,-1.3168644767857263,-0.5453951889122015,-1.584332070090229,0.7920499761559919,-0.048886951320324674,-0.15274863523673413,0.20957772285216156,-0.196265898439443,-0.1350017663796666,0.7069059386437522,0.13392770732359038,0.18555346946076137,-0.7357175272105303,-0.22794099860383055,0.5546998648293116,-0.07750053414838336,0.8649868154693954,-1.6470979422210232,2
-3.260131158847073,-0.4324821605949925,0.5074615410468358,-1.1516745226625522,0.79461544127057,-1.2212720751032806,1.3979330413434001,0.588712703466638,-1.8152680478272776,0.8460340262137498,-0.402905418125227,1.3642729287853468,-0.25657307279618724,-0.7047240914915656,-0.5950376897895329,-0.419964747214847,1.3336883883716224,-0.4162014071883182,0.15705347674157635,0.46783770482388004,-0.5516445156974057,0.6965078558621168,-0.25535277466619244,-0.12328380630236739,0.46911836746979585,-0.5276704973288031,-0.034139996009571405,-1.5238588817904961,1.7141179096523573,0.3532873490344905,4
-0.9643073453736636,0.7786195345076914,-1.437495888176311,-0.7857990073981214,0.3138943673606655,-0.8918473346034156,1.8475185594865613,-1.379358994511587,-1.2066027231064174,-0.35482538589215507,0.05689976499027288,2.392484814223136,0.08418422545765329,0.05666914698738341,0.42237668962984787,0.5831703828534908,0.06707571223216974,-0.31673927206203956,0.9174410401691505,0.5183692862670185,0.5984590874667819,-1.1152126378816516,0.6074449738975805,-0.15669065840064983,-0.5710144019110696,-0.45182728911436854,-0.7896368320959295,-0.14895141324667066,1.2405885614273788,-0.16479924128737064,5
-1.4760858154770422,5.246011031181458,-0.8033624630920531,1.2636462364982506,0.2243392504691372,-1.1242714444428463,-1.9287918122813341,0.26255843446658855,-0.9137585733938715,-0.20726832236319342,0.10991831012108053,0.5432713391316405,0.5590421209284148,-0.07250415869533823,0.6436065204604328,-1.3089393234767763,0.019467055487319383,-0.23337499717191085,0.11286467522732196,1.1046666101641442,-0.17007066497185297,0.3165319661201548,-1.5323905858933309,0.2747680731420598,-0.9458811239619661,0.45588566405995623,0.23532326315395938,0.06156756849185436,0.6342220958500546,0.5201775641186569,7
0.8146890814965634,1.5375818727934185,1.547902678745567,-0.12275777347461829,-0.0679972499032078,-0.2962969871810091,0.21637496580933313,-0.18485698548220986,1.8899918091471801,-0.3922733486892162,0.07529619070421421,1.382692104121807,-1.0051677781722472,-1.243736209627223,1.089807947684655,-0.46401674618918315,0.7258154217885949,0.36884300866198705,-1.133294599012582,-0.06530693459011262,-0.3558526933411497,0.7164691347032071,-0.5396086756718438,0.07066889808177797,-0.006056467231988609,0.14460671672628211,-1.5372457470223597,0.7687787703893398,-0.9801515177618896,0.2349471109737003,8
3.121619321125919,-1.2117233178577134,2.349200367658453,0.04060385323122794,1.0891628609422994,0.49420272007528676,-1.2962148470190402,-0.3531465374268567,0.10689798456955199,0.18931235499009405,-1.0715696197761861,0.7867608524894683,-0.5752685338253412,-1.307692732203566,-1.3003512380720892,0.9307661872943037,0.6274986825079953,-0.30171779762008505,-0.004217590775107387,0.6198016353427825,-1.1868164439259075,1.7410928687268854,0.4691938079492729,0.7508018594622117,-1.4575901254663073,-0.1211228953480025,-0.9870811585190138,0.972110025634464,0.07291320244516754,-0.6700579640474839,2
-2.68616215301823,-0.6445733161628749,1.62285352226423,-2.3557808998979826,-0.786711542616386,-1.3966842306681917,-1.7898873481377455,-0.34355507683906356,-0.943946855140012,0.758406045614307,-0.0896377039490157,0.8864265191559332,-0.8706657040762442,-0.7524318453512875,0.04323913935735441,0.6008437291960445,1.4418366083634464,0.8683648975097155,-1.762154402456505,-1.53137642309783,0.248459530468175,0.17706545552091282,0.155433181740696,-1.2398632357300403,0.5443814018824414,1.1955963978822288,0.052260398516447544,1.1152797798482141,-1.3129016243133307,0.5253772945926942,4
-1.0947786514061273,-4.223101424244107,2.1873998038731304,0.9997681046909905,3.2539376129648243,-0.7410424460744279,-0.3232520050697515,-1.346475931444881,-1.4131611398435784,-1.484101699585447,1.010465709620983,-0.6267489522013994,-0.07487339764314269,1.1207299847580428,-0.17756079051171453,0.14926986724123406,-0.7047852099844476,-0.6376649206100394,1.0112624731892959,0.8558247887402147,0.23672445473601766,-0.9677101221105358,0.7678364211315809,-0.6685265324638366,-0.30794275740472843,-0.2145241326795718,0.714406648018709,-1.1784183025311685,-0.9669315071562382,0.8424649635660056,6
1.660311260515467,-0.527309743443053,4.318683730023719,-1.8774042615420385,-0.6701327564613775,0.6318311691914401,0.22023235364548882,-0.33538406854170744,2.3482818823169276,1.2155905193711567,-1.276505425876195,0.7980123418054579,-0.4460414824254792,0.3332185701095956,0.47869916892397896,0.4517389074638779,0.18596766598547615,-0.1271730040469333,-0.07398882370979008,0.26620241931659644,0.14175241637307548,-0.5142331251092295,0.07780038065884395,0.7216369884910417,0.14572770410564434,0.6042913087917852,-0.7417130722217402,-0.23257815599482348,0.2962902516092239,-1.335046200812183,1
-1.2158301156737765,-4.5251266798895475,0.01967567576160573,0.43388479721976025,1.7636736156345758,-1.2045868829780146,-1.0106420333020034,-3.8228037550659857,-0.04047831588198285,1.044368948329295,0.2927623378740713,2.7970359621469068,3.733793709633774,4.495670190646697,4.003718620847197,-1.0852874290993286,-0.00705689421006214,1.9578962557992743,0.03734178283531307,-2.7452878260425084,0.18820638059662115,3.4162177268104394,-0.5152997912650346,0.2781744690544171,0.8468146326656704,-0.20517263064780958,-0.6357827262973011,0.023192828034469804,2.115919346899826,-2.4954826771446186,6
3.0230964442324644,-1.0004333908154663,-0.7037436923875985,2.2691620634528284,-0.42759545191565485,0.860551464819889,1.0779147442509927,-1.2610255678677318,-0.2152466548522922,1.0875438546039662,-0.5283290294287774,0.5832010193169574,0.6184830156011075,-0.9211834827346012,-0.6397059506069998,1.4226054319573684,-0.3291423308870446,-0.09310188913195536,1.2957061131749543,0.06121101333753293,-0.6073106425707285,0.27597935941152435,-0.4364362375018944,0.3969801732407065,-0.46503134009486213,-0.40416790631257365,-0.3100468961498658,0.4348980320065354,-0.7661387337892946,-0.06686044313539612,3
2.1632044782709907,3.1544049079358696,1.1564425485195962,-2.8892585095324614,0.4784243730403554,1.9262110700893103,0.7978491824315824,0.5162728442059145,2.1822682596279024,-2.2024375855729126,0.07085899199833766,1.521505764419969,0.4545438534049853,0.2287304289227866,0.621338762617072,1.3029371107302672,0.3712986693919051,0.8383118855841579,-0.3399908961017204,-0.685504543697844,0.8872560755491561,-0.12285535571798298,-0.9701434147446873,-0.3091669253336242,-1.9318240743151043,0.07055247790840298,0.1382427606831262,-1.7424933968461707,1.064474723745683,0.04248648297482791,5
2.3035231712088944,-0.6466217901343932,-1.5366578075110624,1.7381236798861384,-1.992680686370558,2.1432579942582923,-1.3648220427796278,-1.6666181124221922,-0.5150468182889127,-1.2380112168332904,0.12755613112712774,1.1048014634088985,-0.9606972827056783,-1.8987648453556192,0.1913993967712851,0.4961714936896019,0.5390177829460073,1.6123720942184399,0.7967922351899577,-1.1585129881897207,1.1560617263670352,-0.07725962209336376,-0.6198796993598512,-0.9740243621559269,-0.7807766021822686,-1.6781727842416134,1.0872562690808438,0.15695693215345502,1.954102036986012,1.0536177517900196,3
1.4253087727995069,-0.2902914852028558,-2.8094400695509556,-0.09648126862330296,0.3478214566583962,-0.06307815935748964,2.6500455326776664,0.23913908230698977,0.7419396797726642,-0.5400346210293365,0.24218703683280815,1.849974785310931,-0.32038849211729054,-0.23929648671196205,-0.13472875322199196,1.478874143208334,-0.09857498961632814,0.27446271220261975,0.37888597150446046,-0.31033362912926565,0.24122845603493417,-0.06915349494119802,0.1346325481420017,-0.29881368310626083,-0.5423040518227207,-0.5634025146653254,-0.11203974948852839,0.9964108683762999,0.4923033166320334,-1.0853842491960783,5
-0.8051708857415125,3.7960739721469556,-1.638189995114506,0.6018198223391212,1.3690319681882057,-0.33149266103092695,-2.5524832083650835,0.46600647047702515,-0.5145491170163132,-2.2770092614852313,0.3802037338652223,-1.114978107484123,-0.8431352604331871,-0.7882520985923986,0.4117140864360056,-1.273666847811408,-0.712695168361497,-0.23252822926944647,0.8458508491355623,1.6808215419219292,-0.9667951526614098,1.7178452331482208,-2.076926958233208,0.13457364483782464,-0.5745047067876904,-0.22568415404840902,-0.3306321140257935,1.9107856107704295,0.16654474285656085,-1.1322422116386837,2
-0.7063317137139143,-1.1721011510310442,-4.845902896637458,-4.345563262788301,-1.3864687438431906,0.2912103129601914,0.3586470415511193,1.940966338774441,-0.9845937886622185,-0.0336492290906581,-0.3137740070238016,-1.5142529090642933,0.7701592434174706,-0.513778018321228,1.1004326318430913,-1.4619379329947004,-0.6569649901731798,0.6593823010560098,-0.549481962429241,-1.4826070220463594,0.038568706871966764,-0.3862529044527566,-0.16507769714524542,0.7265498416896282,0.6755660889466584,0.030886054211213043,-1.103441799050384,0.86142238665054,0.14518395508552254,0.9669727571507745,0
-1.578740471095458,-3.3476188712741766,0.026357835862699724,-0.45042354230623405,0.8433924660573962,-1.1685833688480178,0.648073081065261,-2.28342155934487,-0.22668703283211947,-0.5540920132772498,1.156665910926544,-0.10536736098704948,0.35174335662971423,-1.3659008975300222,-0.7189766014971464,-0.8333058246326961,-0.041201958784026625,-0.21348727042619597,0.5737034071032346,0.04296567877540665,0.29623181552471567,-0.16412185760154116,0.3690003718695482,0.04713174681525093,-0.24819693077743538,-0.31916917453492805,0.6553342056594574,-0.08502382233506044,1.1259020140818035,0.4165159631952827,6
0.2731974437711028,1.4632994148644363,4.686987605126186,1.0807830349063874,-0.7895429357164742,-0.3076965998459954,-0.2610537951700513,0.25957893218589384,1.5739169026663036,1.581088361386755,-0.4115325506311045,0.7299521925257341,0.6248738063725985,-0.293075209153857,-0.24578307151771797,0.5958427565032465,0.020752454671726032,-0.32552801376525103,1.2111407800274159,0.7026537697567277,-0.5163531049453471,0.8553854413301781,-1.207281924321458,-0.4209908139218795,0.3973362018681158,0.506862315936481,0.5483883345234266,0.6832027853449747,0.09840451299532185,0.7269198761605423,1
4.471665881420781,2.3664209442902235,0.8666879976349345,-5.662780944186031,-0.02223648349269657,1.8669987503161252,3.43628541052396,-0.5032188830384426,-1.7895676001212584,-1.1903190359253328,-1.2968410327439328,0.5494019131258253,1.4935269178224935,0.7447041528192739,0.3464529105437451,-2.5602668901570897,-0.2005867797272231,-0.9461551237382831,-0.6332715122731193,1.296772120845941,0.4726550217184797,-0.09354493861357363,0.4127000666594173,-0.8853345204479988,1.4993659245226287,-0.7092532627615064,0.3507892313900256,-0.20873576024473112,-0.3799078572227206,0.8662713304381257,5
-1.0512770161926488,-0.6623449234659724,-2.3889008196873323,1.359980070664005,0.23994255512217424,-0.6380668943242334,0.9356996121726382,0.8323052043079703,1.3913477426884198,0.9454798968371014,-0.0017894633959207147,0.5111263393196734,-0.31323232964889935,0.6122143226854887,-0.22633788283720357,-1.4949531661272017,1.05914823137902,-0.4713577064848114,-1.5958461454738089,0.8493837379475777,-0.21812381800335215,0.03838132505272223,0.11444155177560589,1.1960130448257968,-0.04833737527609953,-0.7386659462121541,1.5088412742228443,-0.7881846527149848,0.4708888595232505,0.10662703944346466,9
-2.3400965343037017,-1.5402442297414463,-0.5682559359558488,-0.2081187432777078,-0.36715927370791257,-0.8943749613123723,1.2818617243715942,-1.035096844568446,1.2227289735090987,-0.6771064171996094,0.858326875112679,0.4141481958314016,1.0876561463941445,0.4745506349987,0.21329423886618384,-0.25365016444444194,-0.21458297459297399,0.002870041074900388,-0.8317525649443266,-0.438467013068683,0.9401127821218324,-1.1475514287640374,0.5956641463824073,-0.17408040082149345,-0.7581300171427504,0.17343630018292566,-0.15958794097709372,1.3065554118047802,0.3480383272128646,0.34594157726575275,6
4.287931466484183,-2.430146824383492,2.6099959208220427,-3.155558005204119,1.293400531827961,1.7490812298964329,0.7674359660030166,-0.3874367515325355,1.1280096608324581,0.11137721522411886,-1.2869661939551902,-0.5851313486641638,-1.10091912019426,0.5787370988497215,0.3299655569635836,-0.0034322498403114936,0.4551657205854163,-0.552311514726439,-1.1255833475343382,1.1071133420928956,-0.9554336264368781,0.3583454702680364,-0.6605991674530849,1.1494821188867657,-0.19735608761858384,0.7888627850991357,-2.3294992620984867,0.16604224168356882,0.012535324039479703,-0.08974520069437901,2
-1.2435896285908394,0.554131366870799,1.817358115260977,-0.8211168941361279,-1.2233852604480289,-1.4879193968058828,0.27321540767555524,1.4408412537614042,1.8363804586127972,0.0721522702600782,1.2266846456413398,-1.7004357185308683,-0.2185159398917423,0.39847444866796217,-0.23779022588902463,-1.0690514619008562,-0.5262955927098241,-0.010587443568830976,0.13904507492883508,-0.8880291789567091,-0.04132320527370344,0.7717132976230601,0.8344526964821407,-0.0016163790609261236,0.9979274956370549,0.6083407086777778,0.7645116207058633,-0.7510397064392117,0.9079478148865853,-0.007347296444228916,8
-2.572199248172412,-2.89990412547007,-3.0574371851461954,-1.49457430871287,-0.7010967315880496,-0.35450116064242,-0.7146395879196876,1.6066348908842323,1.5835937313945054,0.6366381223593639,-1.0614498591688177,-0.06145852625275098,1.1618220051338435,0.9529171250359437,0.2150951391672889,-0.23743284836948184,-0.21959557554056097,-0.558647612022047,0.48812706949673057,0.7698110186337236,-0.1890143823525671,-0.22509109852785367,0.15594895635675027,0.10123079091199229,0.32066599030206244,0.3975164251775897,-0.27287134633754995,0.009193817018256485,0.11500869865519668,0.33383691810183463,0
2.6562326966998877,0.5772187657976176,-1.4934523681307605,2.7567115443061407,-0.5955716550492647,-0.3142287410141975,0.1800789162218566,-0.7169947308673108,-0.32712148747045616,-0.13137337897013174,0.42357896573142323,0.4753173090516529,0.8118995652157754,-2.2337750361109623,-0.5164689093470739,-0.11698289041305869,-0.6352495539722881,-0.009415559282844854,1.4339232223165126,-0.21501640292130064,-0.2943382082859627,0.6341028288622217,0.4506055236537284,0.12163564014193005,-0.040474204374055474,-0.10098737591128211,0.7965008128241686,-0.019000655410958703,-0.584466551433791,0.17632706118849809,3
-2.419018818722268,-0.4666019726372203,-3.047443909745921,-2.5596503768542664,0.22640706079974562,-0.408129390644954,0.15577768960059563,1.42414844537657,1.3828811487321466,-0.846559655047861,-0.05397582115222045,-0.7977052998005371,0.4134989432093308,0.06338696034301076,0.36823586303726197,-0.24298929875903966,-1.0298745969963414,-0.26879455053656764,1.2245471635134442,0.5049782561972075,-0.13961226347093747,0.3895247962114669,0.013505475822826844,0.7277536207920409,-0.917573144199044,-0.12450550128477289,0.7420437785551474,0.5214293169592387,0.1679905712720378,-0.26865596787230595,0
3.712580335361166,2.345483041478836,0.7003711810018128,-5.737030829593049,0.4124044060618279,0.3561726630154366,1.7030588338690191,-0.889198044745411,-1.216636425741588,-0.8881602369805183,1.125743767251475,-0.8606356774038932,0.3562483683689927,1.6106661902707526,-0.0522438312892532,-0.02564100239984254,-0.9371415723671068,-0.8335198585437031,0.5282518501306186,0.5985683908127805,0.3446599080877965,-0.2185192728524026,-0.5398649196502449,-0.3602449244892494,-0.4954345598764757,-1.417461344783228,-0.7751055342726266,-0.49671223905654216,-0.08931908226819238,1.6054656302365848,5
-2.2093512183686914,-2.0188396371018373,3.1253000631266667,1.7278360562663468,0.06484863583547067,0.3230164844431039,1.3130370827479025,-1.4194471173047134,0.3219124340408946,-0.7616952680258247,-0.1891240037778973,-0.1615310439350652,0.8977520699807005,-0.7049070208876187,-0.6941126666346167,-0.43840689343424377,-0.09934320984982942,-0.9380509090833151,0.4118171618112735,1.416025095010853,-0.546753333647341,0.09340141213850989,0.12403187883505334,0.5062603849247123,0.03509966246055401,-1.3552929313835345,-0.9080179115697362,-0.12867486304284287,0.43158236011571866,0.1685607827460369,6
-3.8722697812887863,3.2487125234193712,-1.8413288730382145,1.7147251704512168,-0.28622915262961407,-0.4216544129181717,-0.021876250110708435,-0.2125295097919178,-1.5907137443892554,-0.4370460261196575,-0.43458477670338896,0.3427978125138343,0.1724477195075095,-0.6820762295143372,1.3703336801108232,-1.9530517563450653,0.022440531303611823,0.031062901778306454,0.18593647754050144,0.6372413449725121,-0.19073680129224474,-0.22606716947915564,-0.5329716474765097,1.4712104350453161,-0.4386813667906122,0.7931604011495245,0.20575174575168892,1.5979237014292103,0.8875922403154907,0.5870475402238141,7
-1.6926147527001119,-3.6976019270784626,2.0338045880662476,1.430652380057296,0.7323946964142934,-0.0851810291129287,0.1664404097100123,-2.641268639178387,0.6085588793729121,-0.5346335426768215,0.5315914970432197,-0.5396722314821301,0.6785425911751264,0.6879960564818889,-0.5724126806453905,-0.023680080841440434,-0.14667628911018488,-0.6002724674680541,-0.06656548905060479,1.0487922396788676,0.4647215341421974,-1.1012702559932572,-0.4874808159658799,-0.5605982049490521,-0.2941465976588163,-0.048167861883135946,-0.3471433942602021,0.07460577080388646,0.2564857393637202,-0.15280975307873554,6
2.466155614469439,0.21715232718387256,-0.617016935159248,1.982468282134521,2.77014865509126,-0.49917368743560014,-1.6557565954347662,5.338478428036728,-1.5923665077768017,-0.9526360274906828,-0.3456208036620868,0.674901138295849,-0.2975485602515066,-0.7648172266350408,0.5645322649488689,-1.213746786802159,-0.616420657933018,-0.19602827387128752,0.24873559031184034,0.30855502658543893,1.1341820662294844,-2.326876772032108,-0.3640950935708908,-0.8781713256791207,1.3204151283307486,-0.1670119185180644,-0.9559868046476361,-1.338411763448594,0.47500663464204973,-1.3319612701293528,2
0.782402350176756,-1.4287021626319396,-1.745577142330638,2.2550374571451286,0.23686510737918262,-0.36153237523242104,1.0533398929109208,0.09370437916329816,0.4647945620696879,1.6457635626313283,-0.6704619696569378,1.8223610226079598,0.28048720628351964,0.6729307373720014,-0.9186904073107828,0.2574075387746411,1.5537137049791028,-0.41860891596891403,-1.828779511051764,0.4103987714308991,-0.16312694678593356,-0.22029121941932964,0.3533123214391388,0.34862084141082056,0.07333170948604448,-0.34791469270294645,0.31187574934526574,-0.9348750373479265,0.09268859575618782,0.05649894527170981,9
1.3508859582967254,-2.0064355719144795,-1.9364794423066918,2.48330137235985,1.5981452652068937,-1.095038108024682,-0.779217656499274,0.14869301827821074,-0.462850618010854,-1.1633721892559425,1.8093950086889181,-0.9976819824555685,-0.4131707329190601,-0.08004326650988722,-1.2956801378891396,-0.254756607643237,-0.18142268543640544,-0.14905662573633416,-0.2756562328425481,-0.04976037786844456,0.4518427292417479,0.1893340061227537,-0.5695138068785981,-2.112748540207021,0.22268899347146978,-0.37181962032076643,0.18499499468377478,-0.8370879604613114,-0.20303843083886008,-0.5404477443790837,3
-3.97591618080143,0.7224758493146436,1.5186282317022533,1.1868594427964247,-1.601774051378687,-0.7402609997250179,0.9051346861820079,0.37524488687924434,-1.3176319371079737,0.5757478302070422,-0.586961799073085,0.02197644804133189,0.6949074810270836,-0.15453341615776947,-0.28102892844398586,-0.4485947245419566,0.5767967029718936,-0.2233025813916063,0.08874975058092924,-0.19852226923510607,-0.20869677410247167,0.07683149787891062,0.8307641201950525,-0.44757653834465283,1.1612189726970639,0.36975674255383584,-0.012715658083008403,-1.5814180719347606,0.3032332797955839,0.44577024370592566,4
-2.159345968247166,-3.0209184867693404,0.6356887040265738,-1.2062222837919494,-0.261210019965199,-0.6018565874298485,2.0091060417554885,-0.08071910747045158,1.4839128540117736,-1.2349091663303586,1.046927275164923,-0.27605945531475556,0.5850410845850991,-1.382575862826212,0.25602765896662305,-0.8121310234827646,-0.9400716549207743,0.12390340022409817,0.3242651064944854,-0.8320880323468521,0.8421358923819111,-0.8193575675615115,0.6477650587813494,0.1162713651117687,0.17113721337828425,-0.19992358406852417,1.146633218318264,1.1990763501563506,-0.1983482860711693,-0.8659451398020035,6
3.860289618861592,-0.34699495947162773,1.0413650134017225,0.7315489264419072,2.599937112889128,-1.6489547046124249,0.6374854051066386,4.586995548413868,-3.0042374742081286,3.0926881482950597,5.428362900755224,-9.305811359621837,3.981952129914549,-4.2400685720924995,6.380788325771408,7.910458677358298,7.8729090180862125,-1.621113691985383,0.460725104826015,7.08273884842094,16.464126897038984,6.983743111063078,1.1018970037077234,3.6853484148556253,2.3921797190639196,-0.021718711229568907,-0.070837692625448,0.48312768856557736,0.0038282387321040296,0.41186228393873736,2
-1.7510163142911968,0.8738493133489221,-1.1709452522970645,4.470781589817109,-1.0118011690653568,0.1250820868317462,2.565046424660769,2.193233033172947,-0.5329563102150074,-1.3288817140355995,0.30677779912221675,-1.4785764858781931,-0.09253174008780023,0.9314363798302115,-1.626085289072853,0.15390068664961093,-0.0036915538156219235,-0.6491285020781138,-0.8259191319658671,0.0008516169282183911,-0.47043152146349726,1.1574663988374825,1.5933991921828106,-0.6515320723744092,0.08072699591220205,-1.076687687350168,-0.27361600987051454,-1.5282527839417683,-0.07948152898518193,-0.5390549515710443,1
-4.090913827862072,-0.43314723155509766,1.6748046800371115,-1.5938421965940566,0.3134200180653141,-1.1606757796280787,-0.1766805995509213,0.5483144005762932,-0.8543241528016481,1.864694678346546,-1.1593226691109821,1.6012545733573176,0.06523713838569875,0.3647928305575814,0.19524141590073607,-0.5943164382281627,1.6848011387109356,-0.460062104831289,-1.1349609185296057,0.9377001108190114,-0.49057446594437715,-0.3515262136365408,-0.8076298341496152,0.24793992397257725,0.7941428117504931,0.06801450246071132,-0.46778747313294455,0.4074556503560179,0.6356924258654073,0.3365702252945635,4
2.2870774551961413,-1.6699143314727982,1.9966249509949505,1.29208502230571,2.773680987537674,-0.23617503897371758,-1.1797490740063517,2.507823669708777,-0.5721780483210059,0.11092015326357524,-0.7045404081231195,1.2039890950740373,0.5120213637614482,0.1962820275015929,-1.288478006274412,0.8701103826657944,0.6144058597777645,-0.24029675569038042,-0.8413729816474517,-0.1879648680044765,-0.6136038478236239,0.9607188457383761,1.14934159120829,-0.3223677975141658,-1.1969927515745096,-0.7003955819900914,0.18217313899628262,0.12415745820746733,-0.8976349283161167,-0.11441819812122213,2
-3.8041067270876474,0.012965020126728994,1.0103324470639465,-1.5811854798460345,-0.3237362075479286,-1.626904197602219,-1.001935038014458,0.37538718510438623,-2.1627059806996165,0.35110233060479107,0.07429297212558246,-0.03294951637969155,-0.542031397100669,-0.7485765388080875,-0.7172968914428106,0.058930136180485634,1.0795741712001137,0.23326952149803498,-0.6200405476167158,-0.9081193236420746,-0.17793725721982026,0.9938381646965957,-0.05466363845577717,-1.4513599523337366,0.81078693308938,0.35897497518725285,0.08452533285245696,-0.027197743782916,-0.26494087905398384,0.25461223090978186,4
2.0055985178366815,-1.7913170786801726,-2.676307146888284,2.498771027562735,1.4824036919256836,-0.9585937701911437,-1.447291370314664,-0.5493222585303364,-0.911734978732945,0.3753923651437821,1.1416465000608247,-0.2138530445464501,-0.9919473696107172,2.27457050530693,0.06603484389445913,0.4626053327823949,-0.16989464755021025,-0.08815159763958666,-0.2088612139500942,0.16749343599631322,0.4465539075427928,-0.719219274972452,-1.4541565910612613,-1.9768329777376428,0.7429252303048497,0.8440065420040221,-0.8535677403456599,-0.49582809571951214,-1.0701021843878968,-0.11615387769543765,9
1.3911286872079707,2.1783402440075816,-2.8475602505529656,-2.396596501222202,0.35655451700872925,-0.27903361729723286,3.135947064414007,1.3001586559633953,-0.11844466256282755,-0.01043349706153723,0.1601826676531434,1.801295403402634,1.013123844379092,0.8633228291053041,0.08508583458907011,1.5465864942459489,-0.22779803049788516,0.44371530822565897,-0.634929829315658,-1.1210583078524659,0.6168357941222338,-1.0919456741105749,-0.2508264664592129,0.04803077641257482,-0.7410568678520323,0.08746643269840357,-0.7707608264250839,1.6202729052430203,1.1097632738331942,-1.220497940203658,5
0.22760771806101177,1.129505522856574,-0.6083255984897987,-0.00983355286605056,0.3956952069521385,-0.2762787750811359,0.2970163720468395,-0.3649466020337558,1.4363088352133304,-0.9883200572775697,0.9579493117839225,-0.31302319651352656,-1.772395537155353,-1.0002361181091048,1.600346856717895,-1.6828339803816459,0.05115589671289949,0.6178352252443525,-0.7937105610664945,-0.06410823443831247,-0.131577852392458,0.5568251096519814,-1.7724143006685436,0.9240347516063552,0.21288776050563474,-0.1069546152361534,-1.129618378389794,0.2138274522412179,0.2180624505238694,0.12743612535564977,8
-0.7190614130146653,-3.0429141110511604,-2.70924244362326,-1.595015304334754,-0.28836706998759437,-0.6785611435098616,-0.9958859476646642,1.6421369356617412,1.4824961732481048,0.7715296816358079,-0.6002880406303689,-0.5757385368645324,0.6412113573736673,0.7608173649168983,-0.8796831870912185,0.3268322573478147,-0.01525799117367704,-0.4901599622430613,0.2209286565655399,0.3571813547201212,-0.5862281345725873,0.6593485802017263,0.7799991835358315,0.35601146953721635,0.11266463569690262,0.018629223986763133,0.005072492569270139,0.05682496750565445,0.8847563177779832,0.5602493297351205,0
1.723740183595371,0.6877130376646131,-0.028485751341785197,-0.06313996491006311,-0.9087937069479622,1.934320188184204,-0.7134045161183061,-0.6896276128306595,0.5655720039188246,-0.9565544452341628,-0.5402494359698286,0.3553601818643788,-3.2817070466281257,-0.5219078602662602,0.9076357140400713,-0.23857539643301592,1.2491150886679394,1.2831568826149486,-0.7104366829335403,-0.4954592422742928,0.28538823191255736,0.8900495180950906,-0.7031544209257131,0.455852003963617,0.017929659465576158,-0.7489731141214097,0.5538177142180206,-1.3300882995897927,0.9315792158532326,-0.10334977541214246,8
-1.1551166191259796,3.5193038662139124,0.1456865187745077,-0.13768201495379204,0.5718542480222818,-1.927205709421852,1.4475750128896454,0.888442143682793,0.32827921683673467,-0.193312171958473,1.6670937579726772,0.6559657382732659,-0.7497950704437862,1.3259712681750835,-0.22369353497119493,0.5196145493385966,0.4576565069723914,-0.21225149506222435,-1.481888621948416,-0.1887908532560734,0.11684495646916142,0.46264442517363624,0.12438714496443654,-0.8201426037666815,-0.5536155374435738,-0.41589096351802834,0.33783831720078006,0.5816684007647991,-0.882455501106084,0.6366404075833776,9
-1.2512325510930975,-2.3338702711210884,1.6538121527130258,1.1525431875558243,0.6594462552590019,-0.4024421102800847,0.1303420782332855,-3.2474665836583845,-0.2290075182189951,-0.08714250459479077,0.2940758837485003,0.5584181712471542,0.5053077124083871,-0.0015120447836141726,-0.45596912137233,0.3122446195186403,0.2013184364497297,-0.5651317079991824,1.0068428958637243,1.3575210455133015,-0.25478565402340037,-0.014717669017926734,-0.4681783822178437,-0.5200408659611123,-0.3162913259565859,0.06567205513776532,-0.21569285449760625,0.09534964747136009,0.2798246075901398,1.1717092955888682,6
-1.1690780561410963,-1.6401710908071598,-2.7878902581375735,-1.9134986591310186,0.004871977201004084,-0.3055759309590831,-0.3923817700829543,1.314649188133942,1.8259443707041358,-0.5618306313887593,-0.4781217978086714,-0.10129167198751578,0.036819475299286766,0.10476273328478063,0.37585659148175143,-0.024210945525360916,-0.5117456744303573,-0.40024922595553697,1.1130556788454793,0.9547316252072326,-0.3366367466897561,0.4899744258744668,0.22482907670118119,0.14061187986736592,-0.14012132252124107,0.03871855041475354,0.3379535795555992,0.10860509394767136,-0.17736413825296238,-0.12302092255214003,0
0.3868903878666809,2.4543201998429907,1.4405247085676411,-0.04858655651968468,-1.4736857580474494,-1.354372631284127,-2.671443448535032,-0.7677159647432148,-1.4825239291446615,1.2889827576824637,-0.7904724126840303,0.8032777784395561,1.3243507668141397,-0.9870980715849118,-0.8634679254591151,-0.2453147362524681,0.1635900265756031,-0.2830403044934095,0.01775244123397141,-0.03271343910305805,0.17708014774949749,-0.5920893830639431,2.017983821253533,0.49040492476779546,-0.2117702063192755,-0.6752016626721145,0.21809459742822826,-0.5896227470100973,-0.13208802148557405,-0.47890173956823956,7
-3.633095384575121,7.510176136733857,-1.3979236848547771,-1.0646264549969695,5.970956196740089,1.286140907558858,-3.7613462483018982,-2.9557175641019082,1.8452089156994,-2.0672949264698643,-1.0397073863942419,-1.703907011852236,3.1593302780269163,-0.9698129819171984,-1.5401339160307328,2.4749203095151704,-0.041156459346021725,0.937897504307947,-0.8124525640648933,-1.1170328261596145,-0.6511222871992439,-2.108507716150115,0.7766016060666772,2.180883158925596,3.3061797486230007,-0.4157737623232764,-0.4607427212953626,0.12386526517537519,1.2164836775742105,0.46262280755999213,7
-1.1310063466239877,-4.4710610478385275,0.7698333195920672,-1.542848684607409,1.674746501190722,-1.002885423704255,-0.6532945252689268,-2.3792784985642554,-1.0065265705341946,-0.8957884309989811,0.6247252924113129,-0.23487348241356232,-1.187670466065948,-1.4392084413395059,-1.1570257039307117,0.3227400946616046,0.9117166882668182,0.13396861715473937,-0.7290635087962168,-0.25609360643952017,-0.5125525014550668,0.7154389972848205,0.6078733662636675,-0.04935330927549746,-0.0891973860448725,0.5723032949860829,0.3935055505639435,-0.31853955969032144,-0.43663762029049474,-0.5061587592722047,6
-0.9581474639338616,-4.114724050685554,0.5406980557882021,-1.76349513198295,1.427160262055764,-1.0155526801980825,-0.5073065763538634,-2.2388302902558666,-0.11351373300996233,-0.6504294099435133,0.5496758220226546,0.15844934686888476,-0.25797283467333354,-1.3520664724627238,-0.9002855779183434,-0.08099138149956968,0.6904572322262187,-0.06305753574527825,-0.14377044992347465,0.12926551250655444,-0.41706467888747795,0.6068856004383262,0.5105247844128505,0.10352545546745077,-0.30299006102631487,0.3935626906088588,0.35826427879313494,-0.40798441831491716,0.25173718303478065,0.18601786494817796,6
-2.2953655266968216,-2.0619718162736507,-3.194436396830609,-2.1188120886897,-0.6516652473600207,-0.38382711690331045,-1.2094251822380515,1.2289371595377934,1.3170847362868243,-1.0327389030367646,-0.07856263856371133,-0.7870094680997376,0.04451622646337612,0.062406581384812844,0.5199269916538624,-0.35898550062568046,-0.7273001684286757,-0.1404010598187341,0.848179759293603,0.2699805352962694,0.062202560642217165,0.24152030895677862,0.3097591774650405,-0.2558164026352858,-0.12460734610378711,-0.0037437466218052232,0.04463866759263628,0.34085211490638806,-0.12703106675788936,0.4618018316577727,0
-1.0927929149535287,-5.017066936952638,1.5326809777999595,1.2564697086970158,1.645862521419537,-0.282734334326431,-0.3414837609660501,-3.221225332666963,0.6786381061914981,0.11148888977575849,0.11970738884912016,1.7854544961273693,3.28366109031266,3.2906575867465238,2.7330858292711513,-0.1485288836848211,-0.5047698898232484,1.1062481954108205,0.5110708169335442,-1.4278002905735279,0.11009956788133814,1.9666519495245889,-0.17541597562225417,-0.04519421357954308,0.39415255721423437,0.0038385117308816735,-0.2884736035673764,0.6872487487011436,0.2979753574708449,-1.2301929434070247,6
1.5613835173042045,1.229780386146561,0.7986464591779138,-3.1807842227001593,0.18390864157701686,-0.2519525861012077,2.5244828368029175,0.9587414146590518,1.2507302622910152,-0.4442344680381557,0.3799830522128243,1.7224011712189837,0.5621200313432789,-0.8188858360163402,0.8874740837606508,-0.8603915978557809,-0.4020265639684937,0.03057607499621477,0.889650305048022,-0.21810812028698814,0.5695598980761649,-0.4220424081805838,0.1509693290815389,0.7096272533852501,-0.0389101741084926,0.18076152764642645,0.48753710514882376,-1.2301114782529545,0.6721202617041744,-1.0307379281340967,5
-0.5267153625297999,2.449524430361366,0.5021642408823249,-0.10487909188639176,-1.5936037637144158,-1.9645034098236527,-3.1736782663503456,-0.9104142976477785,-0.9851409244210303,-0.20399716797914758,0.5383536147083245,0.11963755884307967,1.2336371937211694,-0.9107221078850443,-0.6829615264933246,-0.32237910187012114,-0.21848039395298519,-0.11538649214586187,-0.5119617017599347,-0.40021062515947037,0.47529823675551747,-0.3983204741359633,1.4849573630949824,-0.6978266296593538,-0.19595271747435217,-1.0185842703993313,-0.3114882626689026,-0.9188668066337059,-1.0316651782736583,0.2569013189195845,7
1.5898579681972311,-1.1073767776300683,-1.7978632975615438,1.4435645942896322,-0.858008086834287,-0.22782812561719284,-0.3031367149896771,-0.4577864274688738,1.1997777227504411,0.20429431104890913,0.011981402064606045,0.6641408805503473,0.08243794379830505,-0.9168906754456891,-0.6262921610180159,0.3877984422451044,0.24431974578989066,0.28894454151381344,-0.06755695366291672,-0.48568444089725155,0.1584321750292123,0.38498763092092386,0.48147435997288324,-0.459842756267767,-0.29380245473882016,-0.8582826456410931,-0.0009618162441504474,-0.15326732360862985,0.27338906513418676,0.0242706787472015,3
-0.871698469458749,-4.460016944389802,-0.37128853483443003,-2.159227956151504,0.561346064354675,0.19786142544859414,-0.3875797063771532,-1.5389173047309166,-0.5624339164022762,-1.4613467552785764,-0.1942998947590468,0.26869740216994176,-2.0043571572570773,-2.2121847785788336,-0.25116086994945436,0.8000792319174931,0.7776159366503937,0.7231284605790009,0.08552719495528105,-0.6079676556632652,-0.4754533296650193,1.0084686023979985,0.8835462432280456,0.1586361036946899,0.10637503605133321,0.2906157334298327,0.4931608300005038,0.017423431849523136,-0.134598981638056,0.014208679017794311,6
6.445449155442901,-0.6075366602882725,1.9988998126133752,-1.5776043575179495,-1.1969033890044427,3.8839349474099714,-0.7813218275061666,-1.6096470468659132,-0.6826710790970483,-0.6727753454785439,-1.7940967648193493,-2.2742554156128794,0.21805710688332325,0.7194024591761925,-0.14135674978221083,-1.421292103213365,-0.33319497318915187,0.24738039208526344,-0.2236024014089907,0.3464666081867565,0.627268950091225,-0.42929230279169045,-0.4414213929624751,-0.30114115994583823,0.9018727334108512,0.8845881280226557,1.1597991992798695,-0.18394453203682629,0.7238607732090021,-0.40870143486198296,2
-1.1647694125085475,-0.5835247534776463,-3.8978439538729432,-3.7865613401766876,0.3771423492054093,-0.09192860541920225,-0.07227957798341234,1.5156765481319316,0.5959238609404526,-0.9783687767526013,-0.42179439505386096,0.0846124814517072,-0.11173659766716341,-0.7347225862876903,0.809202734323654,0.19306230043686698,-0.9205005103880485,0.2365873318934038,1.3204131636162748,-0.1182896248738208,0.023015383975030484,0.4472847006403963,-0.3268217052077379,0.5589832257055198,-1.3069026320549768,0.4009787410092229,0.3245699633030846,0.823938114693749,-0.4187017669544628,-0.8635459621025893,0
0.11965822159736954,1.8624652759020817,-0.630485937654294,-0.27419221737767985,-1.339121445306346,0.6265400485528277,0.5962467566307177,1.223658348080388,1.6890004194954833,-1.7168124563365192,1.4017161370830171,0.3018668613061336,-1.0774986682064485,0.08836838449960163,0.8101157268113616,-0.19977514722393983,0.3499514112462383,1.325208194944562,-0.3675981397385232,-1.556207742294472,1.1925457624413793,0.4317712272919197,-0.7202159094424826,-1.3698141717013759,-0.5576000466109877,-0.4293391701389821,1.2655525437207142,-0.8819237956102537,1.5906290619275458,0.847346520870292,9
0.3786773113732853,-0.6062122446100537,-1.674138246400215,1.5204701004970413,0.21099394669223695,-1.7222741511921387,0.19792897596830897,-0.30396453199655316,-0.513033749293388,0.11656052387698985,2.0924049498535457,-1.4446219833814566,-0.2085270107046979,0.2434307358433534,-0.8265188721400603,-1.0859264260478834,-0.5720321840822336,0.01709974631786051,-0.5830736298151067,-0.6812206306238815,0.6650764006084487,-0.7142331653874899,0.5398253762829701,0.077947754441754,0.3502285453377333,-0.18445790319085711,0.9915239839432554,0.4918087435334374,0.9705802179934898,-0.1277486836545205,9
-0.5416735971443681,-4.504341866500978,0.36398854449269447,-0.6981370800335026,1.7745903121188535,-0.2917662912517886,-0.6404855046597029,-1.2700343060419892,-0.3454956348696177,-1.6594990594869827,0.048370970285886605,0.23689848968743962,-0.6864233337074162,-1.40978643412609,-1.1238591223511945,0.8830540817538225,0.6042639002806526,-0.3175394176635076,-0.2641086303125717,0.7299223198397395,-1.1724996364588398,1.4503460588485007,0.4933480909966251,-0.6591999816583614,0.2690615503321552,-0.38105063056817073,-0.9560658394394401,0.41069136480548296,-1.0325274542875027,-0.04938397632463533,6
-0.01227250606752823,-0.1238439146004543,3.62124638787937,1.246381771328497,-0.8206753353623022,-0.39654029676037317,0.7690412867553915,0.33958457284138166,2.586572139900355,0.3154017715020231,0.4780897685662533,-0.2086442576838852,0.8970004513890589,0.14023137954795334,0.25029593414303464,-0.8738456696477299,-0.48815069978815967,-0.3065406604176795,-0.5294744535494077,-0.09059438916908151,0.481585371648336,-0.7114570866898805,-0.14160191996578195,0.3665890510057385,0.5439925965026954,0.4290068144865556,-0.43449412932343107,0.1724656331891952,-0.15103461424662118,-0.7185952602964254,1
1.5714286180534875,-0.16124173285102694,-2.7836987513475338,1.3718697799982853,-2.04558192282497,2.143114116756826,-0.7912874812545363,1.173939423931428,2.080541948651363,-0.41005288626342407,-1.0464058789906214,1.0429953694118739,-0.08830319953448638,1.4081586856762969,0.35226151970756425,0.4251922991538943,0.6866307785698272,0.5306382345122785,-0.5115331994342712,0.3047815802928261,0.8795838037045998,-0.36786952561772,-0.7286919195155943,-1.5369570826831485,-0.43374719354747765,-1.3009926567873868,0.3803158322954585,-0.16670792211627117,0.8125854951626396,0.13150719553876905,9
1.8109242950604778,-1.8255340956841106,-0.9793002830038035,1.793300266064579,-0.27224772095100025,0.5794774620708012,0.874940225525765,-0.4023321566491964,1.3144444344444381,1.4137112554022173,-0.9344127871541319,1.6385030677541765,0.5897196794682266,0.07644544614097792,-0.9902915753871186,1.5301392361832267,0.5803686811279234,-0.12748211750610364,-0.06309841661308256,0.2992135582864825,0.021541456171684303,0.019456012296401277,-0.2299109738012809,-0.0452111192454496,-1.0056658433476278,-0.6525912975798247,0.20633603797827593,0.28574365886459635,0.3619256433700409,-0.16090781419764097,3
-2.061449765792739,-0.2607370800568745,-2.5000637119764546,-3.03323664995492,-0.39180729273850184,0.1229783487224496,0.47475965726367486,1.8491245739792914,-0.21530643669737318,-1.064711441496119,-0.44970471675292323,0.3265378464833273,-0.36431324006051585,-0.20823199311991203,0.234625152741073,0.8248245573355036,-0.38378966660934677,0.10069152030497845,1.210505984096355,-0.1497590695455114,0.2796230215392706,0.4333459888799824,0.116907840328448,-0.7299567352859457,-1.1706657827287197,-0.5008869923257256,-0.07564183742107183,-0.6692886104179642,-0.06102139295015906,-0.42638660712889476,0
5.975832752153957,-2.750342414857664,2.128083211857074,-2.341971641310114,1.3380145166209332,3.448250817599018,0.4925603855667406,-1.8704235724738267,-0.5738053288895055,-1.1455298994745138,-1.7896800270129387,-0.8153532980091258,0.29993252671053516,0.9447087736832334,-0.744964406672784,-1.1422436691869269,0.9524427884765148,-0.49026038752348333,-1.9085385672345485,1.7743110924383956,-0.41516739062857866,0.5981281925437423,-0.8716601922214734,-0.5272387618243363,0.20334134184103797,0.7628823937182292,-0.1933331768748849,0.45102349183616536,-0.589623691388332,0.11439680515189518,2
-2.2015586058284558,0.6383860497266468,3.132286974932745,2.4947743025421967,-1.489561784553448,0.005067972189588396,2.984746334452405,0.47382506607793107,0.5961604070350773,0.5076440042496031,0.09498074900889479,-0.20053077928125426,0.27805740489026204,0.22459878436064146,0.05095491638871267,-0.48967328806083393,-0.4355206807431053,-0.4076467892114552,0.4832455866092945,-0.18668004084907078,0.2646283546496641,-0.43934187132784447,0.5870944911044156,0.42015291208243266,0.6667948112583071,0.04422731624860269,0.42920512554207774,0.23070413682955404,0.2685127320284521,-0.41174718492282425,1
-1.0482801298733744,-2.93699389368727,-2.4238210353066787,-1.2958633689817476,-0.2067969795973331,-0.7562753068755314,-1.2614799535022716,1.0924031996607677,0.6233312101978637,0.6089370795222178,-0.20660939957035523,-1.4626889301480057,-0.18198196087678276,0.7325078681520117,-1.0436067764237535,0.6035396055050462,-0.3689460861676118,-0.35544548287784644,0.861959957425881,0.2550893367792605,-0.6761579896928279,1.0139579653091912,0.5666696046897329,0.286675602098563,0.1735699835802385,0.7461583271010505,1.3530377909322293,0.2943440376740403,0.40195495919165775,0.4233300761172546,0
-0.47906452189133053,0.7278665118139512,-3.6181179362712674,0.0486115603156383,0.780130809492535,0.11513174185172613,-0.39554277274783906,-0.4378095857552774,1.057192472459908,-1.234890701337078,0.14498504921504624,-0.07261639234818211,-1.8554331581053858,0.8473376078532285,1.011969508370932,1.0792907321512029,-0.5319836031098216,-0.05419132741871889,1.1455389234109044,1.1152047279743738,-0.7579115983763427,1.1158753885193804,-1.343368568600476,0.04328198892701649,-0.773758519012343,0.9291322086735583,-0.5431998564698137,1.3508955643471592,-0.8266511652918075,0.41537230167122724,9
-1.5167545592070617,3.2326777297371225,0.4758079900838117,-0.6661537758286367,-1.0128455355658328,-1.8912459083839446,-2.708977078661534,-0.6963766761134202,-1.3778676565270418,-0.24609592191478144,0.3181676467088065,0.4290472889533256,0.9859132325128683,-0.2640306298236255,0.1796652944911363,-0.33058170398991304,-0.08241685819530294,0.1206976003763693,-0.33802653450635534,-0.34744299730455175,0.5810238432757314,-0.8164447768719841,0.5818586988141824,-0.39537350331836785,-0.4236802402347312,1.008637710128379,-0.3511280120648947,-0.42579059384804074,0.41550505951004696,0.2936678299927178,7
1.6166542389583094,-2.312381419110079,-0.8605912534461295,2.989226994716884,1.74269839818855,-0.32894607982967894,0.5201588136280183,0.07316358298804645,-2.1201679806493097,0.3653798957603985,1.6121364345054123,-2.5160643921084143,-1.4550778272410634,1.682034299909287,-1.83976261977831,1.0799949628498018,-0.6393247837322663,-0.3066530813714217,-0.24693078677086275,-0.5433120514132034,0.6825686320472948,-0.8625754590632333,-0.2838431737512119,-0.4077707973312202,-0.8491202900716439,-0.5067626883875421,0.3365157954714794,-1.0255427531729473,0.5415417216955981,-0.14855465299704562,9
